{"type": "FeatureCollection", "features": [{"type": "Feature", "geometry": {"type": "LineString", "coordinates": [[93.76460040213101, 24.577972744868305], [93.76462770911905, 24.578321675666693], [93.76464981306493, 24.57851465784799]]}, "properties": {"OBJECTID": 39891, "Name": "NH 2", "Road_Type": "National Highway", "Class_Code": 1, "Lane": " ", "Oneway": " ", "T_Elevatio": 0, "F_Elevatio": 0, "SL": 90, "Remarks": " ", "Bridge_Fly": "Ningthoukhong Canal Bridge", "Shape_Leng": 66.5720708032, "ID": 40012, "Type": "", "NSEW_Corr": "", "Shape_Length": 66.5720708031529}, "id": 39891}, {"type": "Feature", "geometry": {"type": "LineString", "coordinates": [[93.69992280929716, 24.346007149205036], [93.7002198866532, 24.34661909713432], [93.7003545162665, 24.346880827183472], [93.70106571607022, 24.348209220152807], [93.70151653110398, 24.34906035454844], [93.70260857616395, 24.35102105897625], [93.70276028814072, 24.3513076419841], [93.70313950295473, 24.352067351922262], [93.70320393551681, 24.35220226773482], [93.70327108458432, 24.35238573598664], [93.70363782808725, 24.353496467705735], [93.70385857289864, 24.354195485107013], [93.70390435913038, 24.354359922401716], [93.70392728952632, 24.354480013352404], [93.70406296567693, 24.355275750202324], [93.70412317975044, 24.355611772673697], [93.70426359720909, 24.356351347952693], [93.70442054636398, 24.357212290454758], [93.70447445516251, 24.357474095168936], [93.70462479271688, 24.35808803600409], [93.70468500140048, 24.358298590508358], [93.70472896315385, 24.3584131775904], [93.70508384799672, 24.359303747323285], [93.70549728053824, 24.36031414006372], [93.70560692351195, 24.360588208493294], [93.70590017853645, 24.361337689232414], [93.70596672663102, 24.361495942945695], [93.70633569256596, 24.36235308779102], [93.70643761002822, 24.362602726498988], [93.70680644480913, 24.363536647377476], [93.7070319417084, 24.364112862382743], [93.70709101222654, 24.36424879479157], [93.70720256771347, 24.36441090565701], [93.70752491018686, 24.36482106394195], [93.70757751552989, 24.364902985622425], [93.70763656089522, 24.365064635760994], [93.70784868187987, 24.365776221401617], [93.7078781529094, 24.365940952147934], [93.70785503476557, 24.366031302421263], [93.70741825860308, 24.36699141615587], [93.70736402191949, 24.367127127805578], [93.70734064056926, 24.36722140994902], [93.70709202822113, 24.36858693593702], [93.70706391185104, 24.368755094085106], [93.70690250435743, 24.369914776226572], [93.70675144455755, 24.37093805788433], [93.70661371934979, 24.371880198049947], [93.70648743149218, 24.37279037498489], [93.70631070502802, 24.374284500519607], [93.70620074944064, 24.375300623216308], [93.70610927489356, 24.376233862852068], [93.70609517314023, 24.376425689699257], [93.70609436375814, 24.376572788390007], [93.70610253034239, 24.37770108618114], [93.70609453803132, 24.377797960760496], [93.70604633802643, 24.377960346366308], [93.7058138010303, 24.378604316265147], [93.70576983568367, 24.378718349839023], [93.70569304409992, 24.3788720603357], [93.70534829943995, 24.379498783372995], [93.70528454061436, 24.379630847917912], [93.70523928438865, 24.37979385382883], [93.70505523845156, 24.380597260878538], [93.70503228020785, 24.380715499869662], [93.70503060664649, 24.380834810598977], [93.70504641609718, 24.38095494023821], [93.70515370009493, 24.381652140068347], [93.70516715506125, 24.381844806348585], [93.70515871718578, 24.381941536204625], [93.70506845536433, 24.38271568821064], [93.7050418041465, 24.38290848214421], [93.70490900170647, 24.383773909195174], [93.70485640804151, 24.384086907541633], [93.70471729403829, 24.384858416781164], [93.70468457200576, 24.385026758653865], [93.70463636032277, 24.38521678035232], [93.70449702623235, 24.385738089608388], [93.70443234753186, 24.386023139262782], [93.70430850938006, 24.386737896001826], [93.70426775461223, 24.387002257731883], [93.70418099262717, 24.38765785018216], [93.70416167525529, 24.387828016095334], [93.70415631051642, 24.3879487101635], [93.70414686562951, 24.388432237168814], [93.70413010216801, 24.38872291455587], [93.70405345341639, 24.38962038057382], [93.70404217147473, 24.389790004685434], [93.7040109424422, 24.390804697818183], [93.70398810726768, 24.391930528716205], [93.70397178398065, 24.392223697447672], [93.70384906872296, 24.39356496686952], [93.70382714623675, 24.39385562508642], [93.70379709938715, 24.394407407120433], [93.70379261679385, 24.39459908285214], [93.70382036665129, 24.39481769062901], [93.70392622412439, 24.395497049541135], [93.7039428411605, 24.395642587173818], [93.70391905377178, 24.395860219596678], [93.7038138475773, 24.396464324541824], [93.70379492097257, 24.39658533269344], [93.70377965140938, 24.396755313964487], [93.70374990549536, 24.39721768640755], [93.7037456349045, 24.39738772409458], [93.70375623951642, 24.397483280355633], [93.70384182021691, 24.397983650611348], [93.70390036701723, 24.398268742179614], [93.70409708009818, 24.39904973972621], [93.70433639039153, 24.400023217209682], [93.70441618863653, 24.400356686996787], [93.70445476498979, 24.400497211576326], [93.70448517745372, 24.400561400400857], [93.7045520372637, 24.400633352743277], [93.7053680093756, 24.401272381300647], [93.70551207219772, 24.401381908931334], [93.70625855692745, 24.401935614092515], [93.7064842469645, 24.402107715138975], [93.70723401323998, 24.402698081914767], [93.70729851227739, 24.40277020565126], [93.70734514292545, 24.40293052792132], [93.70739910652122, 24.403270878096507], [93.7075191304263, 24.403998183578068], [93.70754858798114, 24.40424000044999], [93.70757092728562, 24.404960884392608], [93.70757692084518, 24.40508063688074], [93.70759850915809, 24.40519761198447], [93.70763909504264, 24.40531117654342], [93.70785245749903, 24.405853149281775], [93.70790791139983, 24.405987811380978], [93.70799342652329, 24.40616509246787], [93.70860901503805, 24.40739978533744], [93.70904854723184, 24.408241226122538], [93.70920486217612, 24.40854875179649], [93.7097604144838, 24.409662434848954], [93.71014530485378, 24.41042370507077], [93.71021397926063, 24.4105534444032], [93.71051157763951, 24.411090704992823], [93.71063199051515, 24.411276813401457], [93.71094387300539, 24.411722584436422], [93.71101716924436, 24.411821625184096], [93.71108666021979, 24.41189129624132], [93.71121784569233, 24.41197317187267], [93.71197442748587, 24.412390668708866], [93.71219087565522, 24.412487084787934], [93.71295805307757, 24.41278289865527], [93.71307931216617, 24.412833465660217], [93.71316499078304, 24.412886894000394], [93.71326628122122, 24.41299827986154], [93.71367520781327, 24.41351476855497], [93.71377330114737, 24.413660085015756], [93.714048666223, 24.41410650202643], [93.71412075063465, 24.414236542683746], [93.71418626656494, 24.414421246877627], [93.71438443581492, 24.415053334595143], [93.7144249165966, 24.415194484935228], [93.71462019237303, 24.4160011064611], [93.71478397680889, 24.41674386700158], [93.71480887900691, 24.416911650241282], [93.71478127916812, 24.41710071684576], [93.71466649513606, 24.417644399236483], [93.71464523201327, 24.417787290581973], [93.71464169354937, 24.41790904309749], [93.71464134859632, 24.418617134612866], [93.7146501413063, 24.418762409208902], [93.71467294593812, 24.418855348185303], [93.71485674214355, 24.419406676625083], [93.71489953249379, 24.419519919215098], [93.71496531342711, 24.419651262202766], [93.71540059299635, 24.420450557507312], [93.71545753450727, 24.420559158942524], [93.71550211070827, 24.420671869650672], [93.71553155029679, 24.420789678517753], [93.71573195275856, 24.4216922308232], [93.71589112075218, 24.422529437582757], [93.71593233006753, 24.42281736512091], [93.71599136195812, 24.423539828726376], [93.71606739895701, 24.424428639888415], [93.71613271725795, 24.425285794669044], [93.71624692097835, 24.42695907285197], [93.7163301256349, 24.42804572055465], [93.7163776447168, 24.4287759217645], [93.71639310651946, 24.42892078062441], [93.71646490347021, 24.429126950992895], [93.71676936677454, 24.42984979967742], [93.71685080624157, 24.43002800744642], [93.7169027998319, 24.43011198799926], [93.71755578611022, 24.431052645705467], [93.71771751250579, 24.431276275111326], [93.71817672678743, 24.431881954292052], [93.71834142660659, 24.432105185559077], [93.71869130513839, 24.432595146138688], [93.71886917066632, 24.43283895043804], [93.71941149348483, 24.43356686332392], [93.71958979559399, 24.433809553452562], [93.72008810545512, 24.434497254051553], [93.72023232188914, 24.434699463423534], [93.72065078589458, 24.43530523902772], [93.72102922007265, 24.435841944414022], [93.72168711025411, 24.436760121867145], [93.72186605735365, 24.437001150539576], [93.7222985862815, 24.437547389602326], [93.72248111496407, 24.43778634682663], [93.72318773156319, 24.43873605300918], [93.72369534258081, 24.439440566584246], [93.72385683271942, 24.439660910637304], [93.7243647841985, 24.44033863136679], [93.7249681313709, 24.441163367002982], [93.72515712792351, 24.441426566335338], [93.72601732230022, 24.442650270447807], [93.7261190286584, 24.442791923935815], [93.72669973648897, 24.443568995312063], [93.7275970007442, 24.444761718703315], [93.7282435254407, 24.445611061188508], [93.72840740958958, 24.44583044092001], [93.72926570762273, 24.4469982244504], [93.73010314587668, 24.44812654389878], [93.73093980708788, 24.44925162799305], [93.73111733305265, 24.449494197157115], [93.73171562540493, 24.45033002461013], [93.73189288636668, 24.4505737201978], [93.73232809676564, 24.451159751833316], [93.73242818256303, 24.451301991078417], [93.7328046143963, 24.451852986323846], [93.73297665524795, 24.45209701096994], [93.73359086754367, 24.452948805479387], [93.73371016920329, 24.453109015741568], [93.73455580817749, 24.45422186300404], [93.7351684259636, 24.455046220772182], [93.73534551175383, 24.45528816548932], [93.73575351667444, 24.455854283369213], [93.7359311953528, 24.456094758731897], [93.73657490652585, 24.45695107596209], [93.73667529595377, 24.45709393585338], [93.73731930985907, 24.45804425619908], [93.73750879868844, 24.458308148849724], [93.73814161689035, 24.45914797361238], [93.73938366263647, 24.460823532624797], [93.74005156364348, 24.46174411440919], [93.74109393815647, 24.46318966168751], [93.74196856396823, 24.46439119446853], [93.7424150850549, 24.465012869019763], [93.74259775477297, 24.46524878071929], [93.74320241797724, 24.465956398694672], [93.74330216600809, 24.466069851312007], [93.74342674347336, 24.466198560391977], [93.74425761324598, 24.46703514371966], [93.74432727310467, 24.467109501271025], [93.74443817371977, 24.46727577679962], [93.74509996348789, 24.46848119852038], [93.74518693837369, 24.468633196314897], [93.74527042689787, 24.46875889960089], [93.7457296438745, 24.4694221675507], [93.74589000213585, 24.469648266796096], [93.746439444103, 24.470401040347284], [93.74711510206247, 24.471335199802677], [93.7473133332962, 24.471593789339863], [93.74789077575073, 24.472319970694908], [93.74809880221434, 24.47257216940209], [93.74846151677325, 24.47299285130176], [93.74856929843764, 24.473131285277706], [93.74863311745038, 24.47323848410226], [93.74904516748471, 24.47398011272143], [93.74913245767915, 24.47413151520471], [93.74969776479249, 24.47501720206127], [93.7498678931309, 24.475264922314057], [93.75047005722205, 24.47609831812397], [93.75120822714554, 24.477127142256368], [93.75177873280941, 24.477902051097548], [93.75231694673383, 24.478624790875756], [93.75247749903126, 24.47884741854274], [93.75289923649761, 24.479462542501423], [93.75347327074392, 24.48026284428955], [93.75403612006666, 24.48103907134319], [93.75453161011616, 24.481700836513216], [93.75463516790208, 24.481841728277526], [93.75528099460762, 24.482752599284254], [93.7561200570156, 24.483928077675763], [93.75669106663436, 24.4847209654838], [93.75686438309374, 24.48496435334782], [93.75744880366138, 24.48579485547098], [93.75824194598866, 24.486899931936815], [93.7588922049818, 24.487830984195035], [93.7590527896186, 24.48805569248577], [93.75968637947334, 24.488924319766184], [93.75986138925701, 24.48916805919919], [93.76027837283881, 24.48976150986337], [93.76043989711344, 24.48998468189813], [93.76088820045767, 24.490588854221976], [93.76105000410833, 24.49081265671], [93.76161608556947, 24.491612845426015], [93.7622318214079, 24.492475254087953], [93.76288644711163, 24.493371824852137], [93.76306226178579, 24.49361784622752], [93.76353801405183, 24.494298691175956], [93.76435037763127, 24.495448887944463], [93.76447944128307, 24.495661772776504], [93.76488660088897, 24.496455202166164], [93.76510329968833, 24.496873960860444], [93.76513180413059, 24.496961358757837], [93.76512953678282, 24.497004152356087], [93.765092249512, 24.49708793866429], [93.7645910946864, 24.49785645392856], [93.76452230260023, 24.497959400590098], [93.76444445280106, 24.498055893441165], [93.76435559953799, 24.498144485620415], [93.76399095270294, 24.498492496467556], [93.76382589625261, 24.498646180359007], [93.76334621655214, 24.499082968529], [93.76288033048287, 24.49951228709295], [93.7627208822149, 24.49967286643078], [93.76263327671175, 24.499793800047065], [93.7622683424158, 24.50032855488644], [93.76221465999271, 24.50041184279965], [93.76213454284579, 24.500589161920985], [93.76187915091221, 24.501298556066637], [93.76182062656974, 24.50148572551317], [93.76153365615897, 24.502506077129013], [93.76145719785022, 24.502788717950015], [93.76125086920248, 24.503583570430827], [93.76101679429057, 24.504474372863214], [93.76083404911404, 24.505200913719232], [93.76063359185501, 24.50601874830039], [93.760591850737, 24.506182527590354], [93.76001156241968, 24.508296403828496], [93.75959348828307, 24.509812413762692], [93.75930465027481, 24.510879380569897], [93.75923094440407, 24.511161743458537], [93.75902996432555, 24.511955321042567], [93.75877988233363, 24.512886012860193], [93.75851244399205, 24.51387211030785], [93.75816234716964, 24.51515195903694], [93.75788264412952, 24.516152381973793], [93.756991399485, 24.519331146575418], [93.75652133265639, 24.5209811122319], [93.75626707888826, 24.52186321632716], [93.75602948886866, 24.522742187297947], [93.75598108225127, 24.522932318513], [93.75575181422445, 24.52388133163078], [93.75572510551441, 24.524000102321946], [93.7557121625878, 24.52412001299976], [93.7557160873273, 24.524241352976027], [93.75576511378222, 24.525068123050115], [93.75578510668718, 24.52533586827868], [93.75585640956456, 24.52613980256733], [93.75593593292508, 24.526905635275494], [93.75596400797268, 24.527193046286353], [93.75605844336691, 24.528250405006084], [93.75608679958715, 24.528539744092242], [93.75613996008904, 24.52902425343999], [93.75616520903674, 24.529292073591673], [93.75621910795378, 24.529926945274973], [93.75624496236598, 24.530194336904074], [93.756343158108, 24.531114564614704], [93.7563718880274, 24.531404313886505], [93.75642523987045, 24.532005474214024], [93.75645469113702, 24.532269750251377], [93.75653946964196, 24.53291792344415], [93.75657422096874, 24.53320591807688], [93.75666476216622, 24.534021636003406], [93.75675118638479, 24.534745483260817], [93.75679137611226, 24.53505813446884], [93.75689781120207, 24.53582485664121], [93.75704931656632, 24.536968371930016], [93.75724034510813, 24.538446972516283], [93.75738994604396, 24.5395227323867], [93.7574844524051, 24.54025613087338], [93.75760420232407, 24.54121622371238], [93.75772037964312, 24.542126886682702], [93.75782433178948, 24.542911798803875], [93.75794484168317, 24.543898398352013], [93.75804919268153, 24.544563321738476], [93.75808574782538, 24.544827639973075], [93.75820231321664, 24.54579922187545], [93.75824218853377, 24.546112463296662], [93.75837494875297, 24.547091136888426], [93.75851975717678, 24.54819658047338], [93.75867200005787, 24.549190487568207], [93.75871944996949, 24.54948087249109], [93.75882786135293, 24.55010882411549], [93.75888579011236, 24.55042124094008], [93.75904844806082, 24.551233614518395], [93.75908424322998, 24.551400622023586], [93.75927379763641, 24.55213945664965], [93.75957801480232, 24.553355029881484], [93.75981259007581, 24.554273192131276], [93.75988141719627, 24.55455630555749], [93.76007393694141, 24.555408156947344], [93.76014244156667, 24.555691901040234], [93.76038503160918, 24.556637131837817], [93.76070834875462, 24.557917338757857], [93.76095819898123, 24.55898301760564], [93.76102789477254, 24.559265509247673], [93.76131986520619, 24.56038949199359], [93.76149447793449, 24.561075233421874], [93.76175518879288, 24.562110265680964], [93.76196571616624, 24.56293323139821], [93.76202841497982, 24.56319275095626], [93.76220599125023, 24.563999106179253], [93.76235171865056, 24.56458862069219], [93.76241930519758, 24.56484744154762], [93.76255588595171, 24.565340336157043], [93.762598890101, 24.56550590246698], [93.76286108856948, 24.566604651821738], [93.76314374886354, 24.567795962349738], [93.7635357017883, 24.56938475500786], [93.76360302153567, 24.569667585947958], [93.76378999238736, 24.57049153306649], [93.76383024140364, 24.57068023575504], [93.76384887964916, 24.57079983467227], [93.76393378032499, 24.57142355384294], [93.7639660370302, 24.571686936406948], [93.76406170491303, 24.572596551350944], [93.76420947418401, 24.574072257370364], [93.76436430511143, 24.5757306512863], [93.76439738377512, 24.576045013111006], [93.76450313614532, 24.576930827805697], [93.76451886564597, 24.57707533386407], [93.76462705694215, 24.578244692986786], [93.76464981306493, 24.57851465784799]]}, "properties": {"OBJECTID": 39892, "Name": "NH 2", "Road_Type": "National Highway", "Class_Code": 1, "Lane": " ", "Oneway": " ", "T_Elevatio": 0, "F_Elevatio": 0, "SL": 90, "Remarks": " ", "Bridge_Fly": " ", "Shape_Leng": 31031.1517082, "ID": 40013, "Type": "", "NSEW_Corr": "", "Shape_Length": 31031.151708169426}, "id": 39892}, {"type": "Feature", "geometry": {"type": "LineString", "coordinates": [[93.76464981306493, 24.57851465784799], [93.76466729158538, 24.578662804725294]]}, "properties": {"OBJECTID": 39893, "Name": "NH 2", "Road_Type": "National Highway", "Class_Code": 1, "Lane": " ", "Oneway": " ", "T_Elevatio": 0, "F_Elevatio": 0, "SL": 90, "Remarks": " ", "Bridge_Fly": "Ningthoukhong Canal Bridge", "Shape_Leng": 18.2388793403, "ID": 40014, "Type": "", "NSEW_Corr": "", "Shape_Length": 18.23887934032837}, "id": 39893}, {"type": "Feature", "geometry": {"type": "LineString", "coordinates": [[93.76186656641337, 24.621886959081362], [93.76191447626245, 24.62237092954473]]}, "properties": {"OBJECTID": 40067, "Name": "NH 2", "Road_Type": "National Highway", "Class_Code": 1, "Lane": " ", "Oneway": " ", "T_Elevatio": 0, "F_Elevatio": 0, "SL": 90, "Remarks": " ", "Bridge_Fly": "Thongjaorok Bridge", "Shape_Leng": 59.5034699503, "ID": 40188, "Type": "", "NSEW_Corr": "", "Shape_Length": 59.50346995032398}, "id": 40067}, {"type": "Feature", "geometry": {"type": "LineString", "coordinates": [[93.76464981306493, 24.57851465784799], [93.7647782703539, 24.58010290614038], [93.7647982111566, 24.580297186097106], [93.76491879111887, 24.58097728406598], [93.76493672778014, 24.581145053327006], [93.76501840799565, 24.582033651889372], [93.76517585122394, 24.583638790455858], [93.76529591016336, 24.584783612949646], [93.76543824462686, 24.586018592150076], [93.76552797644226, 24.58684571716693], [93.76567741657966, 24.588381786037726], [93.76575742503046, 24.589134453330267], [93.76583565751191, 24.589981583564864], [93.76586177692712, 24.59022228908229], [93.76595031398321, 24.590891064025463], [93.76603381688044, 24.59169932554626], [93.7661570765172, 24.592911417661313], [93.76622644442344, 24.593533757386158], [93.76624426969362, 24.59372552356634], [93.7662650504211, 24.594451888270772], [93.76625523183503, 24.594668504658085], [93.7661560434546, 24.595239777571653], [93.76609946486309, 24.595475198018704], [93.76589798262633, 24.596175917944212], [93.7658140988434, 24.596480520736705], [93.76557955950253, 24.597374098303447], [93.76520452724442, 24.598742687045135], [93.76513297553375, 24.599027031357767], [93.76492573868929, 24.599931266890067], [93.7648516312716, 24.600239840707687], [93.7645764916731, 24.601328606633256], [93.76452146896365, 24.60154024923739], [93.76430585083757, 24.602329672723645], [93.76423345830376, 24.60261104076699], [93.76393745712944, 24.60381527783381], [93.76386004840309, 24.604121823875165], [93.7634681996829, 24.605628965665392], [93.76300152040123, 24.60749017325608], [93.76245946258574, 24.609635167813448], [93.76224336655594, 24.610438843311744], [93.76192050126303, 24.611690568270046], [93.76184454151924, 24.611998196745763], [93.7614219623315, 24.61380064179905], [93.76140902299814, 24.613895826235275], [93.76141392869793, 24.613990947713972], [93.76148838825517, 24.614492006046664], [93.7615243756638, 24.61470784945857], [93.7616386638258, 24.615333726442035], [93.76168823825307, 24.6155473674508], [93.76187374215588, 24.61630480080592], [93.76193375231179, 24.616590919850076], [93.76210688731143, 24.617575513340114], [93.76212819714662, 24.61771993409584], [93.7621369997381, 24.617888891353974], [93.762164494474, 24.618880523194203], [93.7621622145498, 24.619099260610092], [93.76211015448415, 24.620028552061296], [93.7621002667278, 24.62015046476909], [93.76206875023439, 24.620316744220634], [93.76190898755604, 24.62100053645541], [93.76189364792428, 24.62111974431116], [93.76189150634063, 24.621240435075084], [93.76189437106807, 24.621990260451934], [93.76189912585087, 24.62219297166748], [93.76191447626245, 24.62237092954473]]}, "properties": {"OBJECTID": 40068, "Name": "NH 2", "Road_Type": "National Highway", "Class_Code": 1, "Lane": " ", "Oneway": " ", "T_Elevatio": 0, "F_Elevatio": 0, "SL": 90, "Remarks": " ", "Bridge_Fly": " ", "Shape_Leng": 5449.44252893, "ID": 40189, "Type": "", "NSEW_Corr": "", "Shape_Length": 5449.442528925205}, "id": 40068}, {"type": "Feature", "geometry": {"type": "LineString", "coordinates": [[93.76191447626245, 24.62237092954473], [93.76192350253442, 24.62243214364449]]}, "properties": {"OBJECTID": 40069, "Name": "NH 2", "Road_Type": "National Highway", "Class_Code": 1, "Lane": " ", "Oneway": " ", "T_Elevatio": 0, "F_Elevatio": 0, "SL": 90, "Remarks": " ", "Bridge_Fly": "Thongjaorok Bridge", "Shape_Leng": 7.56797920191, "ID": 40190, "Type": "", "NSEW_Corr": "", "Shape_Length": 7.5679792019129355}, "id": 40069}, {"type": "Feature", "geometry": {"type": "LineString", "coordinates": [[93.76191447626245, 24.62237092954473], [93.76196915132388, 24.62296622536901], [93.76199594447554, 24.623228250865218], [93.7620692218499, 24.62387175614564], [93.76217585277244, 24.624874294650954], [93.76226241533155, 24.625766837267964], [93.76229417886168, 24.62605554781251], [93.76249954631203, 24.62765585825097], [93.7625967637887, 24.628456634972867], [93.76266894342179, 24.62907591203693], [93.76269461098441, 24.629314613554282], [93.7627701898425, 24.63015557354059], [93.76280517203631, 24.630444231485104], [93.76292970728079, 24.631263081595034], [93.7629572972381, 24.631431329726137], [93.76301528079476, 24.63166722916242], [93.76312158562885, 24.63206668258769], [93.763141983674, 24.632161314997113], [93.76315958616199, 24.632330104937616], [93.7632203895303, 24.633177864574098], [93.76325065197558, 24.633368746882205], [93.76328140490102, 24.633461430804786], [93.76355846330095, 24.63422208227358], [93.76361500146831, 24.634357759709705], [93.763665001697, 24.634443280888416], [93.76412329520552, 24.635129646367023], [93.76419413185727, 24.635232790629964], [93.76431683004697, 24.635391131119945], [93.76499464935301, 24.636230355066665], [93.7650968991919, 24.636371497078414], [93.76515590323473, 24.63648069171224], [93.76549061191635, 24.637146570490998], [93.76555024118657, 24.63728131879816], [93.76557728317158, 24.63747097166633], [93.76562938455973, 24.638485506942093], [93.76562206149356, 24.638677414865807], [93.76560152780277, 24.63877220394069], [93.76540631131513, 24.639552173024416], [93.76532506139263, 24.639832710193883], [93.76513379479726, 24.64041067719178], [93.76511214899222, 24.640504181388103], [93.76511081679061, 24.640696965597087], [93.76514821185928, 24.64147278704056], [93.76516277444833, 24.64159311929784], [93.76531299701834, 24.642430929037957], [93.76536424770195, 24.64261798495908], [93.7654061568049, 24.642707352738334], [93.76575422882469, 24.64339347440347], [93.76583893456606, 24.643571533546016], [93.7661476909191, 24.644265860286417], [93.76684381699233, 24.645871010286566], [93.76695099139562, 24.64612007758137], [93.76737499710805, 24.647120397213882], [93.76743951231512, 24.64728041926358], [93.76748417385612, 24.647417753015972], [93.76765237261328, 24.647970462607514], [93.76769072708265, 24.648132595766068], [93.7676830896061, 24.64835015852416], [93.76755518388268, 24.649849487586202], [93.76751123290909, 24.65038378849614], [93.76750161285071, 24.650553818495588], [93.76750452518885, 24.650649922838376], [93.76754226521058, 24.65120264343242], [93.76756797499401, 24.65141868225384], [93.76771869253577, 24.65225791526023], [93.76774210353038, 24.652377437831866], [93.76778583531502, 24.65254211908408], [93.76803981419869, 24.653407796113946], [93.76810908329024, 24.653588738488736], [93.7681697887422, 24.653693655489143], [93.76846316234432, 24.654170968067444], [93.76857373148106, 24.65433690261642], [93.76926474075043, 24.655349826426217], [93.76944022394622, 24.655623000761782], [93.77030563573813, 24.657024289057848], [93.77103793067964, 24.65824354371201], [93.77163196411915, 24.65921695502285], [93.77180754523133, 24.659488615467957], [93.77287251057706, 24.661059622974808], [93.77374405696403, 24.662360958029936], [93.77389899568928, 24.662588001006707], [93.77434540538488, 24.663227018411753], [93.77495814534186, 24.66407007423396], [93.77511369581983, 24.66429488706937], [93.77538555746585, 24.664712516833696], [93.77545650910194, 24.664815085620084], [93.7755672480203, 24.664951342083835], [93.77633170983547, 24.665853330030007], [93.7765319847365, 24.666078979675373], [93.77728541434173, 24.666889067788922], [93.77750499763147, 24.667132169770145], [93.77877364878132, 24.668572159328736], [93.7794727455832, 24.669367114504098], [93.77969268550412, 24.669611636961243], [93.7804168623704, 24.670395974977385], [93.78061908841222, 24.67062139681636], [93.7812984905498, 24.671394907424293], [93.78154474571863, 24.671679865204233], [93.78230788341712, 24.672579926181008], [93.78250852483079, 24.67280666077285], [93.78303013609208, 24.673362974551523], [93.7832331266002, 24.673588957540446], [93.78370502329705, 24.674146439214613], [93.78390506643272, 24.674373188100873], [93.78450246226636, 24.67502306547278], [93.78469502063908, 24.675251926137044], [93.78510819805905, 24.675776844471102], [93.78521348240697, 24.675915169670784], [93.78589842175997, 24.67687604792455], [93.78607541412545, 24.677119966309036], [93.78685459663323, 24.678168413708296], [93.78743326079655, 24.678974530541385], [93.78808553830413, 24.67987628321671], [93.78908742035736, 24.681265587564102], [93.78919247204162, 24.681407488373758], [93.78977121795164, 24.682172855352224], [93.78996414014205, 24.682435428378096], [93.79058761496667, 24.68330620843382], [93.79069099847946, 24.68344675360292], [93.79078625493388, 24.683563819632386], [93.791416988146, 24.684317403344], [93.79153358228335, 24.684449940986696], [93.79164420891229, 24.684553894189047], [93.792574844682, 24.685381048684924], [93.79280692443567, 24.685582060462043], [93.79420529410919, 24.686761711651585], [93.79443840962037, 24.686962673861906], [93.79541033016393, 24.687825070868257], [93.79600043706733, 24.68833856492615], [93.79686157737004, 24.689083556219682], [93.79742766871263, 24.689578349330347], [93.79756377425797, 24.689694126543852], [93.7985691193166, 24.690536886738744], [93.79880248815269, 24.690737495982344], [93.79950852623678, 24.691365808560096], [93.79974093118055, 24.69156608101852], [93.8003098764708, 24.692042123174204], [93.80260525437974, 24.694022745118776], [93.80283337974952, 24.694224137981916], [93.80371513009979, 24.695026575392166], [93.80396058666632, 24.695246939041272], [93.80455030459922, 24.695767975615627], [93.8047737641194, 24.695973346853123], [93.80530209208408, 24.696478604214114], [93.80550912231605, 24.69666400965388], [93.80605044351299, 24.697122455822335], [93.80626050735565, 24.69730379672083], [93.80669081205485, 24.697686940854386], [93.80690069174288, 24.69786931253317], [93.80731066487225, 24.698215535276976], [93.8075439959791, 24.698416290488876], [93.80798980829503, 24.69880627612216], [93.80812734575493, 24.698921154359645], [93.8094318136335, 24.699993662247653], [93.81000428301464, 24.700455510825204], [93.81023980062085, 24.700651058014152], [93.81170542266815, 24.701894682147582], [93.81266560672253, 24.702703089772637], [93.81292391009596, 24.702915504828354], [93.81427610995716, 24.703998365653305], [93.81443997164814, 24.70412432663429], [93.81454596925839, 24.70419633435957], [93.81544599852806, 24.704790248383432], [93.81679290821057, 24.705664937172504], [93.81796707905046, 24.70644000612544], [93.81816443891839, 24.706567147142284], [93.81922777292358, 24.707231809676216], [93.81951753439992, 24.707407891738583], [93.82057078930762, 24.708032107605003], [93.82083296621653, 24.708196357108868], [93.82142899032272, 24.708590969434784], [93.82166904352285, 24.708742822922574], [93.82330694806858, 24.709751322414466], [93.82466822720235, 24.710596613801158], [93.82597806880295, 24.711411981354445], [93.82722202706233, 24.71218308445375], [93.82859599220454, 24.713050126417418], [93.82965959121275, 24.71371242211178], [93.83071831596222, 24.71437897234065], [93.83242985541179, 24.715436519105946], [93.83313408428889, 24.715876268823006], [93.83337904947697, 24.716024125526804], [93.83430519995848, 24.716561326185072], [93.83449015678727, 24.716657580395978], [93.83461266453413, 24.71670181262289], [93.83523491585335, 24.7169049877145], [93.83543279135426, 24.71697269743903], [93.83562618965178, 24.717052631032416], [93.83622702872788, 24.717310174899808], [93.83651238037449, 24.7174408038781], [93.83719462837489, 24.717773489273313], [93.83738066318202, 24.717868533220546], [93.83749292474477, 24.71793390781848], [93.8383171424927, 24.718427613649837], [93.83908209388973, 24.718879677710312], [93.8397526152824, 24.719286542692107], [93.83990363286145, 24.719384587546966], [93.84068728269115, 24.719913266124887], [93.84085031972869, 24.7200381159395], [93.84143303888719, 24.720501658428034], [93.84152731168635, 24.720585707250034], [93.84217165347673, 24.721215079364683], [93.84284126936758, 24.72187287389812], [93.8432573222948, 24.722285286739336], [93.84345947467477, 24.722480234171595], [93.84409265669437, 24.723076737374747], [93.84431315626567, 24.723287755810865], [93.84492949128044, 24.723887012306523], [93.84515109398295, 24.72409793226829], [93.84569630578338, 24.724606409549818], [93.84590676937636, 24.724793938678665], [93.8464379575769, 24.725232666387885], [93.8471103259058, 24.725791868766194], [93.84726944089883, 24.725921055205465], [93.84773040509867, 24.726281893659127], [93.84794787734747, 24.726458204984386], [93.84849504298367, 24.726914985439883], [93.84902173152295, 24.727347581168107], [93.84957888822174, 24.727788560855405], [93.84981677827865, 24.727982599679997], [93.85068488860963, 24.72870866883524], [93.85092389167919, 24.728903501763597], [93.85156725879747, 24.729414518990623], [93.85180426670878, 24.72961008352111], [93.85225040511315, 24.729992422460235], [93.8524697602308, 24.73017070144337], [93.8532798654456, 24.730809570580714], [93.85830093494583, 24.734889445945846], [93.86032952309681, 24.736530043740114], [93.86055007566875, 24.736707448513535], [93.86214710417413, 24.737981455512113], [93.86354721208774, 24.739111025804153], [93.86436654300049, 24.739782005562983], [93.86458719977699, 24.73995982423571], [93.86533127971673, 24.740551757203665], [93.86645246792116, 24.74147064978144], [93.86820111857176, 24.742892860254038], [93.86969257077673, 24.744094090735796], [93.87088588651193, 24.74506827132027], [93.87189117497672, 24.74589042581908], [93.87293862946262, 24.746740952376335], [93.87485083817366, 24.748291412419878], [93.87669592117336, 24.749804996092426], [93.87748214647296, 24.75046020835344], [93.88031995589651, 24.75276939256483], [93.88095442340529, 24.753272871007074]]}, "properties": {"OBJECTID": 40451, "Name": "NH 2", "Road_Type": "National Highway", "Class_Code": 1, "Lane": " ", "Oneway": " ", "T_Elevatio": 0, "F_Elevatio": 0, "SL": 90, "Remarks": " ", "Bridge_Fly": " ", "Shape_Leng": 21658.9315984, "ID": 40573, "Type": "", "NSEW_Corr": "", "Shape_Length": 21658.931598393767}, "id": 40451}, {"type": "Feature", "geometry": {"type": "LineString", "coordinates": [[93.88095442340529, 24.753272871007074], [93.88288400104233, 24.75484676568358], [93.88316117891816, 24.755076233408307], [93.88560458121962, 24.757129013009507], [93.88746075751476, 24.758677698099344], [93.88867106308697, 24.759690130037406], [93.88956944843967, 24.760421844056236], [93.89065656803695, 24.76131913780773], [93.89234893115015, 24.762721904526106], [93.89341195972817, 24.763595648442344], [93.89369083541989, 24.763818702408624], [93.89451725404025, 24.764461646813444], [93.89473511256466, 24.764640197752207], [93.89516198659776, 24.765011398240702], [93.89528007463343, 24.76510972761385], [93.89629369227752, 24.765930446034233], [93.89799227981734, 24.76730265894119], [93.89933752671826, 24.76840111216563], [93.90014947347937, 24.76906624853826], [93.90169970514832, 24.77031416348067], [93.90197909647306, 24.770543652388373], [93.90440639287978, 24.77257808034913], [93.90468060451856, 24.772811927163907], [93.90654730906886, 24.774431504508936], [93.90677841325211, 24.77463517497261], [93.90750104591444, 24.775285736848204], [93.908153639629, 24.775866150422566], [93.91046742042485, 24.777895475943374], [93.91193294365743, 24.779213526739333], [93.91392274435113, 24.780974876346573], [93.91578373831115, 24.78262547723992], [93.91725790603174, 24.78392473423577], [93.91900065654754, 24.78548854092825], [93.91925463363458, 24.785705444538507], [93.92119337588414, 24.787267280430147], [93.92144478917933, 24.787482444619272], [93.92200232047558, 24.787994705251784], [93.92223072342476, 24.78819806638517], [93.92316501174446, 24.789005966788416], [93.92602497092798, 24.791537076323625], [93.92812438495092, 24.793390591668185], [93.93048268984549, 24.795494764271847], [93.9328312677822, 24.79758673412303], [93.9331039217423, 24.797819157273274], [93.93486215112874, 24.799232751213037]]}, "properties": {"OBJECTID": 40604, "Name": "NH 2", "Road_Type": "National Highway", "Class_Code": 1, "Lane": " ", "Oneway": " ", "T_Elevatio": 0, "F_Elevatio": 0, "SL": 90, "Remarks": " ", "Bridge_Fly": " ", "Shape_Leng": 8233.6734607, "ID": 40726, "Type": "", "NSEW_Corr": "", "Shape_Length": 8233.67346070384}, "id": 40604}, {"type": "Feature", "geometry": {"type": "LineString", "coordinates": [[93.93486215112874, 24.799232751213037], [93.93530093322931, 24.799798561840404]]}, "properties": {"OBJECTID": 40610, "Name": "NH 2", "Road_Type": "National Highway", "Class_Code": 1, "Lane": " ", "Oneway": " ", "T_Elevatio": 0, "F_Elevatio": 0, "SL": 90, "Remarks": " ", "Bridge_Fly": " ", "Shape_Leng": 84.8529027899, "ID": 40732, "Type": "", "NSEW_Corr": "", "Shape_Length": 84.85290278989554}, "id": 40610}, {"type": "Feature", "geometry": {"type": "LineString", "coordinates": [[93.93530093322931, 24.799798561840404], [93.93605969613232, 24.80043786962485], [93.93760159682536, 24.801713454844727], [93.93783170747189, 24.80191665404226], [93.93841919668455, 24.80248413470435]]}, "properties": {"OBJECTID": 40620, "Name": "NH 2", "Road_Type": "National Highway", "Class_Code": 1, "Lane": " ", "Oneway": " ", "T_Elevatio": 0, "F_Elevatio": 0, "SL": 90, "Remarks": " ", "Bridge_Fly": " ", "Shape_Leng": 478.715983313, "ID": 40742, "Type": "", "NSEW_Corr": "", "Shape_Length": 478.7159833127255}, "id": 40620}, {"type": "Feature", "geometry": {"type": "LineString", "coordinates": [[93.93841919668455, 24.80248413470435], [93.93840327674108, 24.804606952168957], [93.93837616289086, 24.806571433695538], [93.93836785077954, 24.80722622894674], [93.93837332960447, 24.807347753801434], [93.9385967379207, 24.809805545237325], [93.93862768667887, 24.810170203182732], [93.93887849540788, 24.81332785291633], [93.93891137105231, 24.813643553208074], [93.9391113495093, 24.815148868808773]]}, "properties": {"OBJECTID": 40670, "Name": "NH 2", "Road_Type": "National Highway", "Class_Code": 1, "Lane": " ", "Oneway": " ", "T_Elevatio": 0, "F_Elevatio": 0, "SL": 90, "Remarks": " ", "Bridge_Fly": " ", "Shape_Leng": 1556.89236469, "ID": 40792, "Type": "", "NSEW_Corr": "", "Shape_Length": 1556.89236468747}, "id": 40670}, {"type": "Feature", "geometry": {"type": "LineString", "coordinates": [[93.9391113495093, 24.815148868808773], [93.94019877543208, 24.815200754914294], [93.9404635799132, 24.815203024905443], [93.94059540139294, 24.815190278219756], [93.9419128921482, 24.81504359543373], [93.94222936323291, 24.815006070404422], [93.94336479422616, 24.81485974290283], [93.9441473427213, 24.814768973957413]]}, "properties": {"OBJECTID": 40671, "Name": "NH 2", "Road_Type": "National Highway", "Class_Code": 1, "Lane": " ", "Oneway": " ", "T_Elevatio": 0, "F_Elevatio": 0, "SL": 90, "Remarks": " ", "Bridge_Fly": " ", "Shape_Leng": 564.25644724, "ID": 40793, "Type": "", "NSEW_Corr": "", "Shape_Length": 564.2564472402474}, "id": 40671}, {"type": "Feature", "geometry": {"type": "LineString", "coordinates": [[92.83321918253361, 24.839033206185018], [92.83350456382466, 24.839848412920592]]}, "properties": {"OBJECTID": 40805, "Name": "NH 27", "Road_Type": "National Highway", "Class_Code": 1, "Lane": " ", "Oneway": " ", "T_Elevatio": 0, "F_Elevatio": 0, "SL": 90, "Remarks": " ", "Bridge_Fly": " ", "Shape_Leng": 104.924437536, "ID": 40927, "Type": " ", "NSEW_Corr": "EW", "Shape_Length": 104.92443753631703}, "id": 40805}, {"type": "Feature", "geometry": {"type": "LineString", "coordinates": [[92.83350456382466, 24.839848412920592], [92.83407108096873, 24.83926288096149]]}, "properties": {"OBJECTID": 40806, "Name": "NH 27", "Road_Type": "National Highway", "Class_Code": 1, "Lane": " ", "Oneway": " ", "T_Elevatio": 0, "F_Elevatio": 0, "SL": 90, "Remarks": " ", "Bridge_Fly": " ", "Shape_Leng": 95.5828355847, "ID": 40928, "Type": " ", "NSEW_Corr": "EW", "Shape_Length": 95.58283558468345}, "id": 40806}, {"type": "Feature", "geometry": {"type": "LineString", "coordinates": [[92.83350456382466, 24.839848412920592], [92.83357764716291, 24.8409038575674], [92.83358385631816, 24.841190856960477], [92.83356914820202, 24.84176308559101], [92.83355776924232, 24.84254744466629], [92.8335644805558, 24.842739642760925], [92.83359985531337, 24.843461415592206], [92.83362114897886, 24.843799262569956], [92.8337030061625, 24.844864312154346], [92.83372438696459, 24.84508169796473], [92.83374067881059, 24.845177725384126], [92.83389419640105, 24.84599233651715], [92.83396009860691, 24.846277126422613], [92.83422561904536, 24.847240825513268], [92.8342745916014, 24.847404311335385], [92.83459272995924, 24.84840380148748], [92.83465291798161, 24.84856300949229], [92.83473319592696, 24.848689188238332], [92.8352929478586, 24.8494673849358], [92.83542313530282, 24.849620419303633], [92.83557124144204, 24.849724690003267], [92.83644819299207, 24.850293915324436]]}, "properties": {"OBJECTID": 40855, "Name": "NH 27", "Road_Type": "National Highway", "Class_Code": 1, "Lane": " ", "Oneway": " ", "T_Elevatio": 0, "F_Elevatio": 0, "SL": 90, "Remarks": " ", "Bridge_Fly": " ", "Shape_Leng": 1379.38969117, "ID": 40977, "Type": " ", "NSEW_Corr": "EW", "Shape_Length": 1379.3896911728593}, "id": 40855}, {"type": "Feature", "geometry": {"type": "LineString", "coordinates": [[93.9441473427213, 24.814768973957413], [93.94414049396559, 24.81568395551034], [93.9441434521178, 24.81587673670642], [93.9441976609536, 24.8172997695879], [93.94429088541887, 24.819798369560402], [93.94436969012716, 24.822458756711], [93.94441950709957, 24.824101261349245], [93.94443204758092, 24.82444102495926], [93.9445367228711, 24.82685496431877], [93.94459512055109, 24.828512561873943], [93.94460552843196, 24.828682608546163], [93.94465608381954, 24.828893729626653], [93.94482548811581, 24.829475483721026], [93.94491296785482, 24.82972947468045], [93.94528825433609, 24.83064447536098], [93.94538122188318, 24.830899403925585], [93.94558904083597, 24.8315581599683], [93.94563316698103, 24.831746836075986], [93.94562406435226, 24.831841434905495], [93.94551375482861, 24.832316612044345], [93.94548176492304, 24.832434088181248], [93.94540007752099, 24.832613976127824], [93.94519264484379, 24.8330118912308], [93.94442341746601, 24.834493884590586], [93.94353146045744, 24.836218984651666], [93.94204239238124, 24.83907347120347], [93.94084719737046, 24.84138171616113], [93.93926034138737, 24.844398254484492], [93.93788088574212, 24.84708447539003], [93.93643476791627, 24.84984080300293], [93.93521252373397, 24.852194631983764], [93.93430834245103, 24.853933549310163], [93.93374095573782, 24.855009461005945], [93.9330727367272, 24.8562729799235], [93.93232242158108, 24.857726117661002], [93.93153679276283, 24.85923062671059], [93.93100059106467, 24.860288603094972], [93.9308641351764, 24.86055099126161], [93.93023911884274, 24.86172152978071], [93.92977169934929, 24.862604754433686], [93.92761530698446, 24.866732060304177], [93.92619247169416, 24.86949404716263], [93.92540224799325, 24.871011763576725], [93.92530948616037, 24.871187500865904], [93.92483711605138, 24.872064763840953], [93.9247442122847, 24.872240150000156], [93.92411088473801, 24.87346659921628], [93.9233617966906, 24.874938404848137], [93.92322503537511, 24.875201131104447], [93.92215932083441, 24.8772137283928], [93.92142290352405, 24.878636081280312], [93.92128510645105, 24.878897722309688], [93.92084083564414, 24.879727304342385], [93.91981288088809, 24.881675750600497], [93.91971735044753, 24.881848569938704], [93.91931031301252, 24.882551847114062]]}, "properties": {"OBJECTID": 40973, "Name": "NH 2", "Road_Type": "National Highway", "Class_Code": 1, "Lane": " ", "Oneway": " ", "T_Elevatio": 0, "F_Elevatio": 0, "SL": 90, "Remarks": " ", "Bridge_Fly": " ", "Shape_Leng": 8991.15012259, "ID": 41095, "Type": "", "NSEW_Corr": "", "Shape_Length": 8991.150122590936}, "id": 40973}, {"type": "Feature", "geometry": {"type": "LineString", "coordinates": [[92.75744769957144, 24.9584853003976], [92.75746639980072, 24.958978999771567]]}, "properties": {"OBJECTID": 41194, "Name": "NH 27", "Road_Type": "National Highway", "Class_Code": 1, "Lane": " ", "Oneway": " ", "T_Elevatio": 0, "F_Elevatio": 0, "SL": 90, "Remarks": " ", "Bridge_Fly": " ", "Shape_Leng": 60.6552327104, "ID": 41318, "Type": " ", "NSEW_Corr": "EW", "Shape_Length": 60.65523271035575}, "id": 41194}, {"type": "Feature", "geometry": {"type": "LineString", "coordinates": [[92.83644819299207, 24.850293915324436], [92.83826527819934, 24.851304181825757], [92.84026561702962, 24.852420025748238], [92.84219385078696, 24.853493003141345], [92.84237313655137, 24.853597777579978], [92.84334381562321, 24.854184028292725], [92.84361243255441, 24.854340812864898], [92.84420527392952, 24.854672438556527], [92.84436145682145, 24.854767673581165], [92.84531577397871, 24.855359819301064], [92.84560244165723, 24.855540833818978], [92.84663101175921, 24.85620376324944], [92.84684778062719, 24.856345777290713], [92.84809300371447, 24.857175062382996], [92.8483505075873, 24.857348339828594], [92.84931579137752, 24.858006705671343], [92.8494640133994, 24.858111228499716], [92.849562925997, 24.858190009970947], [92.85008713877939, 24.858626243914873], [92.85025905746014, 24.858775399380885], [92.85076846600663, 24.85923040011822], [92.85125966749892, 24.859725223858085], [92.85146434234821, 24.859943321198056], [92.8521165381091, 24.860665562579985], [92.85224845031868, 24.86081875181273], [92.85288674285393, 24.861570754258814], [92.85326555881596, 24.862024736478954], [92.85337365489073, 24.86215928276639], [92.85386315856715, 24.862813445014876], [92.85404516532854, 24.86305181711392], [92.85452588258316, 24.863668770005145], [92.85496405472762, 24.864238754349756], [92.85514282935065, 24.864477708903756], [92.85576000339186, 24.865324686964254], [92.85587326388121, 24.86548750174289], [92.85618070689729, 24.86596139965979], [92.8562841029865, 24.8661278722919], [92.8563624261978, 24.86628324393814], [92.85661747407666, 24.86682199160411], [92.8566737661056, 24.866958952493494], [92.85691735866793, 24.86757865045326], [92.85697504039065, 24.867765864089098], [92.85715551372786, 24.86840145904431], [92.85725197212813, 24.86872836312075], [92.85753542832948, 24.869654872711493], [92.85760744087594, 24.869910030606825], [92.85774828233943, 24.87046781813088], [92.85778622178715, 24.870657940219107], [92.85795228075733, 24.8715656879231], [92.85815372256987, 24.872821836396433], [92.85829691222955, 24.873773017485927], [92.8583431655852, 24.874058303312143], [92.8584506409241, 24.87467625911299], [92.8585119347726, 24.875009222242177], [92.85876611308223, 24.876318157860663], [92.85884221116656, 24.876672648769073], [92.8591598877904, 24.878030927060077], [92.85921154091923, 24.87826532298614], [92.8593253916017, 24.878831929688463], [92.85935705901207, 24.879021259001817], [92.85936047620343, 24.87911852405291], [92.85934344234902, 24.87999746003564], [92.85932588208185, 24.880240037507555], [92.85914699696605, 24.881441516797047], [92.85909765430415, 24.88175263945063], [92.85892221961736, 24.88280198614908], [92.85869121335047, 24.884143786274134], [92.85865056817711, 24.884359937701856], [92.85844710066358, 24.885393737442485], [92.85837927157141, 24.885705178548864], [92.85822232870477, 24.88634917984189], [92.85816833366796, 24.886537285877516], [92.85783132979084, 24.88766212437813], [92.85774160246697, 24.887941712195367], [92.85739928505494, 24.888937402408686], [92.85733469169442, 24.88909687846445], [92.8569391446102, 24.8900256995121], [92.85680939105225, 24.89031828250122], [92.8564901028508, 24.891011770485523], [92.85642477377009, 24.89117014949233], [92.85640097739821, 24.891263099208494], [92.85623389614527, 24.892136967514315], [92.85620744165848, 24.892302707359086], [92.8562023589906, 24.89239896863547], [92.85619238319937, 24.89396905367608], [92.85620085880404, 24.894713106831283], [92.8562081144966, 24.894979341307838], [92.85624944418619, 24.89607695253101], [92.85625923851775, 24.896247324320168], [92.856300137016, 24.896461626888517], [92.85651663638937, 24.89740942530418], [92.85654583522935, 24.89752736679894], [92.85659957424629, 24.89768876860345], [92.85698708949354, 24.898740388500666], [92.85702587964582, 24.898829731016747], [92.85710067337638, 24.8989566871203], [92.8576916148147, 24.899870207598312], [92.85781053109706, 24.90005782859378], [92.85846577214674, 24.90112796510168], [92.85912323652678, 24.90222080642501], [92.8592432200077, 24.902438616094663], [92.85955083639865, 24.90319185873933], [92.8596030249234, 24.903329752165114], [92.85964708549146, 24.9035174257516], [92.85975781542666, 24.904109268614093], [92.85977006754881, 24.90432383781829], [92.8597628495855, 24.904778863113588], [92.85975556514687, 24.904945922222783], [92.85971480588745, 24.90513274598282], [92.85952902350694, 24.905805504396668], [92.85948349149844, 24.905942142597027], [92.85940123546281, 24.906093553264903], [92.85878716689751, 24.907114182054915], [92.85864885598819, 24.907320113618756], [92.8580895828586, 24.907992137416183], [92.85791149005689, 24.908201720071983], [92.85682161263169, 24.90946403591898], [92.85625911634688, 24.91012328425021], [92.85614287794235, 24.91025504713089], [92.85564885843502, 24.91079998894243], [92.85544935608513, 24.911024456179497], [92.85509264227234, 24.91143411590025], [92.85489287491944, 24.911657910642308], [92.85416340517949, 24.912460467981674], [92.85319804054089, 24.91350159058849], [92.85301101040044, 24.913708485082548], [92.85252618874327, 24.91426152948305], [92.85232559314369, 24.9144859757568], [92.85190773999264, 24.91494441795782], [92.8517070383919, 24.915169551420064], [92.85095403009653, 24.916026412943374], [92.85019910838963, 24.91686851022248], [92.84898038739988, 24.91822333603402], [92.847764840158, 24.919566480712664], [92.84677014462706, 24.920662631678184], [92.8459523597149, 24.921538635612674], [92.84581000189522, 24.921684674767505], [92.84571646122299, 24.921769558286858], [92.84503330682246, 24.9223725592071], [92.84493689782953, 24.922454764455004], [92.8447738194695, 24.922580368350026], [92.84380600332847, 24.923308482107515], [92.84355680707539, 24.92349089276358], [92.84276073534197, 24.92405714769673], [92.8426579941246, 24.92413374049787], [92.84252217604015, 24.92424890944313], [92.8421020124222, 24.92461784249455], [92.84187829508552, 24.92482460103123], [92.84115049082213, 24.925532132619633], [92.84101272339355, 24.925678750328153], [92.84094108993612, 24.92577932923568], [92.84036576121747, 24.926642365294725], [92.84029974402725, 24.926746235355612], [92.8402112375139, 24.926921744236886], [92.83981930435208, 24.927769525720112], [92.83936502990613, 24.92873006543975], [92.83930313508472, 24.928864631103153], [92.83905555849414, 24.929472262633475], [92.83896805180568, 24.92969813042324], [92.8387491422524, 24.930286867006675], [92.83869006724268, 24.930469466917156], [92.83866962877335, 24.93066086433449], [92.83860720035266, 24.931649170875193], [92.8385944667335, 24.931793413261826], [92.83857023557702, 24.931938162161195], [92.83843769454676, 24.9326365139703], [92.8383981587928, 24.932802374550185], [92.83829958126678, 24.932970269761977], [92.83785091320654, 24.933596153927738], [92.83777679950067, 24.933695493902185], [92.83770854191211, 24.93376751983422], [92.83758425819593, 24.9338578788398], [92.83704464469633, 24.93421611939533], [92.83695674005419, 24.93427053043552], [92.83686279334349, 24.934314144130127], [92.83676280725909, 24.9343469775969], [92.83630519377523, 24.934481621030205], [92.83617755305485, 24.93451594351099], [92.83607439412087, 24.93453218223209], [92.83594416445582, 24.934538667944935], [92.83536845664813, 24.93455266981746], [92.83526481621718, 24.934548021805256], [92.83508214200751, 24.934509865903294], [92.83458956070292, 24.934382609966878], [92.83433181248833, 24.934311874696746], [92.83343347564465, 24.93405411697084], [92.83310163618206, 24.93395305443347], [92.83193611072849, 24.93357460151459], [92.8290721881779, 24.93266284822464], [92.8270979669662, 24.932039676824527], [92.82494371798168, 24.931343973171295], [92.82231432578888, 24.93051390226906], [92.82112984678112, 24.930133363972008], [92.81948768691586, 24.929607251086928], [92.8185501835258, 24.929316417372632], [92.81840219506587, 24.929266626289127], [92.81786773340444, 24.92907742455021], [92.81759526000572, 24.92898578797425], [92.81555275784929, 24.928319420451093], [92.81535093604933, 24.9282545991366], [92.81240461013944, 24.92731549028737], [92.81154576862554, 24.927041285971182], [92.80996224090057, 24.926532659906908], [92.80891268795018, 24.926194502299953], [92.80777268093887, 24.9258225109165], [92.80635174738201, 24.925370002287686], [92.80553747757756, 24.925094357423934], [92.80534198171387, 24.9250245275981], [92.80517338500302, 24.924951120619024], [92.80464755884638, 24.92471193929658], [92.80448263175347, 24.924631767287718], [92.80436871998558, 24.924566963585885], [92.80364649605671, 24.92414141940849], [92.80337930026027, 24.92397771496718], [92.80236911148565, 24.923334141374287], [92.80208914793407, 24.923146604654306], [92.80141593159553, 24.922668647577897], [92.80117839367821, 24.922511500846532], [92.80060495681153, 24.92215399368984], [92.80042647863259, 24.922047090017717], [92.80031007044649, 24.92198900432515], [92.79952950004161, 24.92162396159769], [92.7994101759241, 24.921571311992444], [92.79920949767951, 24.921515366212336], [92.79866911162878, 24.921405455853773], [92.79846220087276, 24.92137309715149], [92.79833087795801, 24.921370149674104], [92.79780364054807, 24.921374297975586], [92.79761944728729, 24.92137940188519], [92.79740760657695, 24.92140302406339], [92.79613847931996, 24.921567613394934], [92.79516264122347, 24.921706802785796], [92.79487090165685, 24.921735104354116], [92.79441784442815, 24.921761600612136], [92.79425795329075, 24.921767324467915], [92.79412631057572, 24.92176282831651], [92.79352086583718, 24.92172556051857], [92.79328443284766, 24.921689202693813], [92.79249786259497, 24.921526653456606], [92.79224026709399, 24.921460524284413], [92.79111073443889, 24.921085933663356], [92.79081121546193, 24.920981219720886], [92.78984330948937, 24.9206251338093], [92.78954412288907, 24.92051740435964], [92.78871633882946, 24.920227581399526], [92.7885396995019, 24.92016903455667], [92.78841227347883, 24.9201353671562], [92.78764191781706, 24.919949151055295], [92.78743392099784, 24.91991405790484], [92.78730047087251, 24.91991019958032], [92.7863634130468, 24.919902318365555], [92.78617596069813, 24.919906698900213], [92.78531742281483, 24.919979557344355], [92.78518375260224, 24.91999359019899], [92.78500156797439, 24.920027846651244], [92.78458843097862, 24.920119576241206], [92.78440932667388, 24.92016411227021], [92.78428415452389, 24.92020797535907], [92.7836905280212, 24.920438204791314], [92.78354379001618, 24.920498755609717], [92.78342582235474, 24.920557137731546], [92.78284421890385, 24.92086392957189], [92.7826304432224, 24.92096614908516], [92.78179439106894, 24.921298998787012], [92.78167058974805, 24.92134544805119], [92.78154300292657, 24.921379087422476], [92.7806772506732, 24.921523881951444], [92.78044235290447, 24.9215707238014], [92.7797940423572, 24.921725981701933], [92.77953788685564, 24.921790723352846], [92.77888004158989, 24.921965693461807], [92.77863130437592, 24.922047214661582], [92.77775081795525, 24.922391272032094], [92.77760837569392, 24.922455058548415], [92.77745789620572, 24.922555786724924], [92.77678999699538, 24.923046390195776], [92.77668698987665, 24.923124362027465], [92.77655277887828, 24.92324066836348], [92.77584412040854, 24.923889401646424], [92.7756774290244, 24.924046378803244], [92.77324265504126, 24.92637606960982], [92.77231966752785, 24.92725990229296], [92.77152647040336, 24.92800815449632], [92.77031563392683, 24.929180297909824], [92.77022236095257, 24.9292674987452], [92.77003570630787, 24.929403037289553], [92.76947324954892, 24.92976960801158], [92.76931645939585, 24.929856496432773], [92.7692152516027, 24.929883034934598], [92.76836783665922, 24.93001389692212], [92.76815559799522, 24.93003091174814], [92.76802260062078, 24.93002204468369], [92.76706419792563, 24.929936916759573], [92.76595999237163, 24.929834219988084], [92.76521627984287, 24.929745710467266], [92.76503143350686, 24.92971820987528], [92.76492854137253, 24.929692880227215], [92.76426644977049, 24.929501037340756], [92.76414104316018, 24.929459963547817], [92.76397493118941, 24.92938703168785], [92.76329531435448, 24.929066275667882], [92.762467541973, 24.92866615345958], [92.76237183636093, 24.928623022466766], [92.76216930758686, 24.928565717837007], [92.76130961536838, 24.928391036510313], [92.76120498768894, 24.928378211069624], [92.76102145379156, 24.928389292400357], [92.76007483160302, 24.928496305435278], [92.75997199426592, 24.92851544745185], [92.75987245194929, 24.928549128856574], [92.75814714042808, 24.92927837226839], [92.7578843787159, 24.929397176932586], [92.7569716167254, 24.929842434559912], [92.75676546684241, 24.929951851887523], [92.75665668625139, 24.930021294424947], [92.75590093809446, 24.930515782388845], [92.75573201888842, 24.930633345210648], [92.75563300927276, 24.930715673658646], [92.75483540411513, 24.931406197532688], [92.75474723087673, 24.931497012818163], [92.75466906666722, 24.931594925671273], [92.75428714522926, 24.932091607555456], [92.75420206399205, 24.93221392450169], [92.75412974601842, 24.932367424945294], [92.75390480248137, 24.93290486112715], [92.75384780796986, 24.93306373946857], [92.7538224072069, 24.933181257501328], [92.75365322030292, 24.934104997665955], [92.75364134906646, 24.934200038662166], [92.75364354095574, 24.934391390371673], [92.75367048412605, 24.93499055316002], [92.7536803611026, 24.93513402022934], [92.75370198624643, 24.935278391313762], [92.75384890571114, 24.93611869456109], [92.75411014298228, 24.937644662018258], [92.75424610839045, 24.938454205290803], [92.7542736067196, 24.938596124742965], [92.75442326604593, 24.939174556271485], [92.75448630442267, 24.9394058727331], [92.75463065290904, 24.93991489041668], [92.75471833027743, 24.940191974835727], [92.75498301977422, 24.94095189990998], [92.75530310298466, 24.94189130886146], [92.75533980635053, 24.942006382204436], [92.75537751762614, 24.942169756436297], [92.75554333405121, 24.943015532738176], [92.75573586008457, 24.94392460703093], [92.75587621376287, 24.944639126668818], [92.7559086061137, 24.944830624255218], [92.75602512928415, 24.945648525238063], [92.75633160122143, 24.947723741345037], [92.75635249962822, 24.947892955254368], [92.75635662109873, 24.94801447297101], [92.75635822369318, 24.948720642357344], [92.75634922347237, 24.949811734295427], [92.75635157526176, 24.94998108949913], [92.75639301185088, 24.950703714695553], [92.75641968283168, 24.95101722991164], [92.75653761635712, 24.952103562932233], [92.75656001674703, 24.952270265525904], [92.75666532624781, 24.952980545529567], [92.75680833624439, 24.953927571559575], [92.75692131017115, 24.954712354423805], [92.75696820582225, 24.95499774550385], [92.75711937970816, 24.9557826648889], [92.75716575074311, 24.956067582741134], [92.75723494347788, 24.95663593011953], [92.75727914238651, 24.956921240998238], [92.75739127728679, 24.957518001579523], [92.75742887267974, 24.95778163192733], [92.7575122426263, 24.95857518438014], [92.7575291588014, 24.958816883317425], [92.75755227604695, 24.959936984857446], [92.75758346824857, 24.96105279893448], [92.75759965948325, 24.961342310056054], [92.75769982163742, 24.962420271165975], [92.75773113062002, 24.962607935420092], [92.75782738420438, 24.96277689351382], [92.75821214072543, 24.963354201626917], [92.75830592753603, 24.963501076464084], [92.75863483759248, 24.964032478192365], [92.75867837354438, 24.964120362059912], [92.7587216067641, 24.964306311067016], [92.75883911808133, 24.96499265453937], [92.7588653228365, 24.965134167979883], [92.75889856948517, 24.965249812471985], [92.75894556305259, 24.965362872829296], [92.75916383929362, 24.96585755933025], [92.75924917475403, 24.966034312232892], [92.75931324619334, 24.966138136864544], [92.75962072873533, 24.966610052059984]]}, "properties": {"OBJECTID": 41217, "Name": "NH 27", "Road_Type": "National Highway", "Class_Code": 1, "Lane": " ", "Oneway": " ", "T_Elevatio": 0, "F_Elevatio": 0, "SL": 90, "Remarks": " ", "Bridge_Fly": " ", "Shape_Leng": 26954.7843577, "ID": 41341, "Type": " ", "NSEW_Corr": "EW", "Shape_Length": 26954.784357695953}, "id": 41217}, {"type": "Feature", "geometry": {"type": "LineString", "coordinates": [[92.75962072873533, 24.966610052059984], [92.7598986432297, 24.967125476312226], [92.75997041412934, 24.967253212283364], [92.76028064461775, 24.967730879940607], [92.76038641405596, 24.96786637209044], [92.76046870422753, 24.967925876760862], [92.76110884010576, 24.968285569579788], [92.76127210082379, 24.9683691188314], [92.76142219762967, 24.968419409598262], [92.76239260810524, 24.968699179963654], [92.76257319463019, 24.96874292642193], [92.76270556767551, 24.968760146002147], [92.7634253787295, 24.968833447883767], [92.76363244848733, 24.968869350414767], [92.76372391225463, 24.96891599266245], [92.76417681766806, 24.969223466223127], [92.76426104191245, 24.96928398003565], [92.76440558533325, 24.969422985221293], [92.76491945491341, 24.96999928330929], [92.76497885241832, 24.97007729138593], [92.76507444304605, 24.970271790179094], [92.76526921217268, 24.970713439899765], [92.7653161051288, 24.9707985314981], [92.7653885910874, 24.97090051902414], [92.76577068320532, 24.971400889340124]]}, "properties": {"OBJECTID": 41224, "Name": "NH 27", "Road_Type": "National Highway", "Class_Code": 1, "Lane": " ", "Oneway": " ", "T_Elevatio": 0, "F_Elevatio": 0, "SL": 90, "Remarks": " ", "Bridge_Fly": " ", "Shape_Leng": 962.744575899, "ID": 41348, "Type": " ", "NSEW_Corr": "EW", "Shape_Length": 962.7445758994263}, "id": 41224}, {"type": "Feature", "geometry": {"type": "LineString", "coordinates": [[92.76577068320532, 24.971400889340124], [92.76595943182292, 24.97223872460368]]}, "properties": {"OBJECTID": 41227, "Name": "NH 27", "Road_Type": "National Highway", "Class_Code": 1, "Lane": " ", "Oneway": " ", "T_Elevatio": 0, "F_Elevatio": 0, "SL": 90, "Remarks": " ", "Bridge_Fly": " ", "Shape_Leng": 105.009169206, "ID": 41351, "Type": " ", "NSEW_Corr": "EW", "Shape_Length": 105.00916920639119}, "id": 41227}, {"type": "Feature", "geometry": {"type": "LineString", "coordinates": [[92.76595943182292, 24.97223872460368], [92.76610681751326, 24.972728989333298], [92.7661501836836, 24.972916547475915], [92.76614114573351, 24.973060971171392], [92.7660674111167, 24.973568871723334], [92.76603658452939, 24.9736574043112], [92.76591400132405, 24.973779512224137], [92.76548658291188, 24.974116895879625], [92.76539964395867, 24.974171204600886], [92.76532785688937, 24.97419805439646], [92.7651754208705, 24.974236544087763], [92.76471265554851, 24.97434252626098], [92.76456245004647, 24.97438626582675], [92.76440328474781, 24.974467262116384], [92.76391556063398, 24.97474776220113], [92.76383693379208, 24.97480713243837], [92.76372499202958, 24.974968207490328], [92.76336170075227, 24.975588121024032], [92.763267268053, 24.97573399919944], [92.76268768042158, 24.97660240654155], [92.76262550173254, 24.97667961241276], [92.7624685543743, 24.976807775745677], [92.76174610586664, 24.977340230710517], [92.76103139544679, 24.977856995129322], [92.76078718843682, 24.978043650542368], [92.760216477957, 24.9785050922425], [92.7600608592071, 24.978634127408228], [92.75940737077052, 24.979224983340153], [92.7592513010663, 24.979387810651716], [92.75887547559583, 24.97989391808499], [92.75874855712091, 24.980050378452233], [92.75863174469295, 24.980147653388606], [92.7579529093923, 24.98065266981917], [92.75781328155274, 24.980764321164376], [92.75772051792323, 24.98085231522183], [92.75708407501918, 24.98148065532244], [92.75702095489574, 24.981557628506582], [92.75697707668567, 24.981643578988663], [92.75676080099282, 24.982213011730796], [92.75672002556377, 24.98232698150664], [92.75670152296385, 24.982418581646982], [92.75671333131827, 24.982511642512303], [92.75685849906819, 24.983002704986443], [92.75689215984018, 24.9831439127188], [92.75693934205387, 24.983595569062427], [92.75694766045339, 24.983713651188456], [92.75693713579153, 24.98380330259212], [92.75684304984193, 24.98393902294475], [92.7565927630341, 24.984216601052637], [92.75647031637267, 24.98433988403613], [92.75638812501575, 24.984397972079318], [92.75583957866895, 24.984725993658937]]}, "properties": {"OBJECTID": 41271, "Name": "NH 27", "Road_Type": "National Highway", "Class_Code": 1, "Lane": " ", "Oneway": " ", "T_Elevatio": 0, "F_Elevatio": 0, "SL": 90, "Remarks": " ", "Bridge_Fly": " ", "Shape_Leng": 2055.86861751, "ID": 41395, "Type": " ", "NSEW_Corr": "EW", "Shape_Length": 2055.868617507385}, "id": 41271}, {"type": "Feature", "geometry": {"type": "LineString", "coordinates": [[92.74647565243671, 25.00149878384544], [92.74661503323955, 25.000789992965938], [92.74663628737918, 25.000671968765168], [92.74664194766379, 25.000578183217243], [92.7465939830175, 25.000393515970863], [92.74641431906238, 24.99986356014816], [92.74637045073378, 24.99978657074498], [92.74633612071688, 24.999762616775694], [92.74624262496044, 24.999743835922605], [92.74613754812336, 24.999738678270642], [92.7454184880609, 24.999716248384583], [92.74523399116954, 24.999732724377875], [92.74455284719862, 24.999864426404862], [92.74431638905628, 24.999902401659888], [92.74416003997601, 24.99990158506666], [92.74363168596018, 24.99987660610374], [92.74353285331262, 24.999868417373182], [92.74346892201049, 24.999843319537465], [92.74348171312182, 24.99978053869597], [92.74352973076871, 24.99970072087635], [92.74371009361313, 24.999430430216655], [92.7437873864568, 24.99930546322682], [92.74381546689426, 24.99924052867014], [92.74382905570958, 24.999146571871037], [92.74382921560971, 24.998537371776308], [92.74382639489968, 24.998416578079826], [92.74380717454588, 24.998326203774326], [92.74376775647121, 24.998267606948485], [92.74369768159085, 24.99819593302392], [92.74321018205583, 24.997741311398997], [92.74309203652798, 24.997643908718317], [92.74300225979682, 24.997594435112514], [92.74245455696807, 24.99734908510645], [92.7423165209432, 24.99727807500736], [92.7422097507818, 24.99720690610432], [92.7417030919784, 24.99685138826773], [92.74158592830916, 24.99676073680695], [92.74155297001968, 24.996710379469043], [92.74156861867192, 24.996630632116496], [92.74161390633866, 24.996545025923226], [92.7418548839052, 24.996133693622387], [92.74191531267606, 24.99605614661409], [92.74197305548421, 24.99601083851063], [92.7421268030434, 24.99592101200545], [92.74248974038449, 24.995722456832027], [92.74257339330039, 24.99567147377932], [92.7426230872036, 24.995614912763962], [92.74260924955493, 24.995563505479115], [92.74252171322209, 24.995450865317707], [92.74211036926361, 24.99497397864948], [92.74203628430378, 24.994909369105883], [92.74194368865926, 24.994866490105156], [92.7418431465177, 24.994833711861123], [92.74125663018049, 24.99465613568007], [92.74103070927643, 24.99457999628131], [92.74091478438396, 24.994521597959036], [92.74052619654826, 24.99430479783266], [92.74040034078031, 24.99422625147538], [92.74036659287172, 24.994181616031348], [92.74038854500233, 24.99411054385204], [92.74044361262757, 24.99403337172275], [92.74084153036583, 24.99352442640693], [92.74100424131491, 24.99330462502904], [92.74130945561078, 24.99287737328235], [92.74137768535155, 24.992806700119967], [92.74146488212124, 24.992756941225913], [92.74158515755465, 24.99270671496181], [92.74246224295364, 24.99235708136344], [92.74265126645572, 24.992270430015715], [92.74278060319538, 24.99218593461355], [92.74326708404088, 24.991843707163593], [92.74339390459944, 24.991763263764987], [92.74345680283898, 24.9917462704974], [92.74357850389875, 24.991803387766332], [92.74398133003172, 24.99211140173427], [92.74411263318352, 24.992172442473027], [92.74421458029016, 24.992173586426834], [92.74498423975761, 24.992093087064138], [92.74516185285896, 24.99205799085946], [92.74524777402094, 24.99200635166737], [92.7453276647924, 24.991942737148854], [92.74593793348406, 24.99143230050537], [92.74603746502089, 24.991351913832045], [92.74612287234653, 24.991297581758193], [92.7463249941838, 24.991241264620847], [92.74700690801089, 24.9911016017868], [92.74723821431509, 24.991043338599027], [92.74744368147847, 24.990932273862864], [92.7481132785047, 24.990528483558556], [92.74820324657705, 24.990477390060974], [92.74829682228356, 24.990441426257643], [92.74839871638962, 24.99043917658585], [92.74853076693975, 24.990455990092972], [92.74933002140422, 24.99057608569143], [92.7494329566577, 24.990587574230233], [92.74951504919994, 24.99057434734759], [92.74954436751584, 24.99052833700025], [92.74956738594669, 24.9903941595287], [92.74960802573015, 24.990012581722098], [92.7496468841544, 24.989883230367035], [92.74969558272426, 24.98983435941502], [92.74982257486103, 24.98975308338486], [92.75022198829426, 24.98951975433363], [92.75034377918549, 24.989432541616544], [92.75039120124937, 24.989377073670923], [92.75047216281264, 24.989254314397396], [92.75074538091474, 24.988816078529787], [92.75083252198888, 24.988697904411357], [92.7510085055463, 24.988556158340405], [92.75152326715354, 24.988182459816922], [92.75170039606296, 24.988041338479807], [92.75180683205109, 24.987905208212297], [92.75223048742056, 24.987295257040866], [92.75244008593589, 24.986990012436607], [92.7524684807837, 24.986925777316472], [92.7524786766622, 24.986832352570925], [92.75247494416219, 24.986735646375287], [92.7524354596122, 24.986127580071383], [92.7524307650165, 24.985909524233186], [92.75245711170547, 24.98576962491065], [92.75262363779957, 24.98509626248719], [92.75266499443865, 24.984879682684273], [92.75274635665056, 24.984420626237764], [92.75277694877754, 24.984278307700187], [92.75280534452371, 24.984214283683805], [92.75287221241847, 24.98414679904973], [92.75295381987046, 24.984087338053], [92.75354343539541, 24.983680187622124], [92.75363111276378, 24.983632407753557], [92.75372978461291, 24.983612698623624], [92.75383561603482, 24.983611785025385], [92.75424201476767, 24.98362263257923], [92.75434427269143, 24.983628865728797], [92.75441507341053, 24.9836545417419], [92.75442043635277, 24.98370335896667], [92.75437635602181, 24.98383500895789], [92.75402468085943, 24.98473031163357], [92.75401036800201, 24.984815251041375], [92.754023773561, 24.984851027584472], [92.75409097832402, 24.984909422358495], [92.75458162465749, 24.985193210989788], [92.754677739003, 24.98528161470154], [92.75467752789889, 24.985340435122392], [92.7546279103525, 24.98547242697278], [92.7545085395226, 24.9857422817663], [92.75426653248675, 24.986302203922197], [92.75421462782963, 24.986438055866095], [92.75418154826761, 24.986580910115784], [92.75405043915187, 24.98727907087617], [92.7539667637781, 24.98771444368518], [92.75396836188101, 24.987788730890006], [92.75402488118372, 24.987801773241955], [92.7541176313385, 24.987774513601135], [92.75464687378813, 24.98758371874464], [92.75473310936046, 24.987534757312872], [92.75479216460725, 24.98746011494894], [92.75483916266629, 24.987373873780065], [92.75519741349655, 24.986667331787626], [92.75530924835954, 24.986476334095673], [92.7554385222171, 24.986359528094976], [92.75611944430415, 24.98582741833633], [92.75617989643122, 24.98575989306115], [92.7561914640371, 24.985721488400593], [92.75617721406175, 24.985635376291377], [92.75583957866895, 24.984725993658937]]}, "properties": {"OBJECTID": 41315, "Name": "NH 27", "Road_Type": "National Highway", "Class_Code": 1, "Lane": " ", "Oneway": " ", "T_Elevatio": 0, "F_Elevatio": 0, "SL": 90, "Remarks": " ", "Bridge_Fly": " ", "Shape_Leng": 4984.10350677, "ID": 41439, "Type": " ", "NSEW_Corr": "EW", "Shape_Length": 4984.103506773123}, "id": 41315}, {"type": "Feature", "geometry": {"type": "LineString", "coordinates": [[92.74647565243671, 25.00149878384544], [92.7466064130061, 25.00218872258332], [92.74661437297782, 25.002283750900173], [92.74658344218595, 25.002472629261828], [92.7464684461515, 25.002993099796825], [92.74644493544388, 25.003085928527224], [92.74640603479881, 25.003168955887205], [92.7463533836417, 25.003216588131444], [92.74622111929253, 25.00329469399761], [92.7453301917533, 25.003782913560137], [92.74526741388802, 25.003796147976573], [92.74525754589459, 25.003757481104447], [92.74528071614073, 25.003624160697207], [92.74534433123588, 25.003334977873674], [92.7455837789715, 25.002216723961105], [92.74567210582181, 25.00181193921997], [92.74571342203669, 25.001733473376003], [92.7457935742179, 25.001688319609872], [92.74589164868735, 25.00165781056306], [92.74647565243671, 25.00149878384544]]}, "properties": {"OBJECTID": 41318, "Name": "NH 27", "Road_Type": "National Highway", "Class_Code": 1, "Lane": " ", "Oneway": " ", "T_Elevatio": 0, "F_Elevatio": 0, "SL": 90, "Remarks": " ", "Bridge_Fly": " ", "Shape_Leng": 707.613082671, "ID": 41442, "Type": " ", "NSEW_Corr": "EW", "Shape_Length": 707.6130826709472}, "id": 41318}, {"type": "Feature", "geometry": {"type": "LineString", "coordinates": [[92.81282319990902, 25.082730000274594], [92.81233279612071, 25.082906278219866], [92.81218648751037, 25.082952173384133], [92.81211530231231, 25.08295822737888], [92.81197918598718, 25.082903551846435], [92.81137837206391, 25.082544970968968], [92.81130341304335, 25.082484797738296], [92.81127948911072, 25.082447529031658], [92.8112588062996, 25.082358597310552], [92.81121263558896, 25.081659501552696], [92.81119953994873, 25.08156542806486], [92.81116309080608, 25.08147880065848], [92.81110307256533, 25.08139969176062], [92.81066749745035, 25.080900584155444], [92.81060435666566, 25.080823065498908], [92.8105622535266, 25.08074179521767], [92.81056709454771, 25.08065270116165], [92.81059285823002, 25.080559878240827], [92.8107768862008, 25.079975616273444], [92.81081449057693, 25.079834423118385], [92.8109119362257, 25.07933168850624], [92.8109458727805, 25.079194650603107], [92.81097977070775, 25.079143875535014], [92.811063322114, 25.079117396108188], [92.81116612172184, 25.079111123058283], [92.811645136669, 25.07909918799015], [92.81172365481474, 25.079091633479482], [92.81187899329029, 25.079058213002238], [92.81244393119604, 25.078910211989996], [92.81254138043808, 25.078874403468735], [92.81268951801835, 25.07877670313077], [92.81311493947562, 25.07845174805628], [92.81317916183191, 25.07838153506057], [92.81321110322848, 25.078294805324692], [92.8132320204999, 25.07817683127284], [92.81330386595968, 25.07769920268716], [92.8133451740897, 25.07748676252175], [92.81340006384849, 25.077351235104565], [92.81360835621344, 25.07690589341246], [92.81363506941503, 25.07681516033407], [92.81361821971524, 25.076624867590894], [92.81352281773376, 25.07609625076698], [92.81350635700447, 25.075952045901985], [92.81351009309778, 25.075880515806173], [92.81360993096013, 25.075187105466078], [92.81362654889456, 25.075092869156514], [92.81365851724057, 25.075006599245715], [92.8137254507124, 25.074937204436537], [92.81380790347906, 25.074875860687783], [92.81457863643327, 25.074336138033743], [92.81465823884554, 25.074275609268504], [92.81470298392986, 25.074212572780322], [92.8146701145736, 25.074144345934283], [92.81460258462042, 25.07407359182655], [92.81425254978176, 25.073733253403194], [92.81417748745496, 25.073666717078417], [92.81411519198494, 25.073629570991386], [92.8140181586629, 25.073612398662274], [92.8138871977692, 25.073611354734293], [92.81322376767736, 25.073623474224895], [92.81311889116459, 25.073623304169615], [92.81302225849115, 25.073610081353706], [92.81298241461502, 25.073589360642547], [92.81291999158425, 25.073519183914392], [92.8125071456426, 25.07286289758356], [92.81246931309441, 25.07277523798541], [92.81246554196686, 25.07261150605252], [92.81254459910174, 25.07167884247063], [92.81255503213548, 25.0715114532272], [92.81255368645915, 25.071390838769283], [92.81253353724736, 25.070760539759906], [92.81252170913001, 25.07062099588929], [92.81249612151746, 25.070567311607867], [92.81241751713347, 25.070533195546837], [92.81231658242814, 25.070517340948836], [92.81179054606574, 25.070455636965765], [92.81160741281695, 25.070430810690997], [92.810573913659, 25.070254262542274], [92.81047711479727, 25.070224703025698], [92.81043816384651, 25.070198974328157], [92.81032764681207, 25.070042985236512], [92.81001674528213, 25.069513081224052], [92.80993798728623, 25.06939049811], [92.80988886560985, 25.069339880900902], [92.80975390990808, 25.069281507573514], [92.80927880802231, 25.069148655443144], [92.80919502664736, 25.069108888712424], [92.80915262616593, 25.069038440084856], [92.80913810669601, 25.068947559594783], [92.80910332213156, 25.068493461268975], [92.80910942618391, 25.068424109963576], [92.80914199640117, 25.068335096451797], [92.80919841329595, 25.068226553323502], [92.80951752363096, 25.067642587282812], [92.80957289937835, 25.067534267308915], [92.80959750423398, 25.067446948093167], [92.80958044253178, 25.067359469329375], [92.80937823984617, 25.066892452410766], [92.80931582130695, 25.066768399560107], [92.8092733696216, 25.06673013741536], [92.80919019011785, 25.06673361845569], [92.80909396887282, 25.066764572695202], [92.80879736672557, 25.06687418714297], [92.80828091898053, 25.067059932592084], [92.80754498765873, 25.067297063970283], [92.8073928193378, 25.067340381477084], [92.8073181028624, 25.067346874016128], [92.8072226721348, 25.067320575935355], [92.8067286867634, 25.067079857790606], [92.80663762184813, 25.067031934619067], [92.80656301496715, 25.066973283531816], [92.80653178503628, 25.066912416694464], [92.80649827787622, 25.06677172762239], [92.80638902926292, 25.066219258278345], [92.80636072604327, 25.066051390434513], [92.80636866355712, 25.065858390016754], [92.80644614235209, 25.065132720860078], [92.80647373769928, 25.064965729530336], [92.80650886631848, 25.06487481997967], [92.80685732012222, 25.064163601626756], [92.80694624525053, 25.063986740925458], [92.80719818585679, 25.063503140375705], [92.80725247284605, 25.06339302816399], [92.8072786254989, 25.063303753857742], [92.80726775498566, 25.06321260383694], [92.80723269823167, 25.063097194785513], [92.80698975874456, 25.062357382809168], [92.8069012297733, 25.06205382048337], [92.80673932820629, 25.06138949560034], [92.80670872080792, 25.061200112255047], [92.8067248240077, 25.06110765054019], [92.80685314744774, 25.06071451597639], [92.80687794364451, 25.060624751469696], [92.8068738814628, 25.060549029755617], [92.80682764697177, 25.06051340221438], [92.80668504301367, 25.060466607585372], [92.80597573146869, 25.060269152851824], [92.80480547279188, 25.059912819197], [92.80470640658234, 25.059902687975363], [92.80463636673628, 25.05992246542119], [92.80450031329322, 25.0599934474162], [92.80389190411425, 25.060341307259513], [92.80377860679395, 25.06040254192131], [92.80368469691415, 25.06043596342059], [92.80358320255843, 25.0604360675805], [92.80279245424137, 25.060307812496887], [92.80270555661069, 25.060277162596144], [92.80268011272857, 25.06024859182022], [92.80266536418823, 25.060164858495007], [92.80270273230741, 25.059192520616286], [92.80270818418289, 25.058949956357207], [92.80268511903967, 25.058320940115276], [92.80267861344035, 25.058225261046733], [92.80265643044271, 25.058135745356], [92.80259928681089, 25.05805979424962], [92.80252643793291, 25.057990017948782], [92.8020724168119, 25.057578080221166], [92.80183421144633, 25.057347616778202], [92.80121289886658, 25.056705844542627], [92.800979671066, 25.056475007563982], [92.8006699481257, 25.05618511840332], [92.80055587286444, 25.05605874276743], [92.80051535704847, 25.05597185237245], [92.80036857412769, 25.055507913715346], [92.80032075680512, 25.05532122548193], [92.80032055378584, 25.055176179934247], [92.80035368455185, 25.054689136470905], [92.80037060521856, 25.054519743252705], [92.80042917896833, 25.054334983823416], [92.80061637350049, 25.05385667715368], [92.80068436788264, 25.05369943679844], [92.80074331982317, 25.05359093115971], [92.80103934884528, 25.05307509085097], [92.80112724450424, 25.05290009076669], [92.80116121429671, 25.052733824138496], [92.80124198092562, 25.052153567634978], [92.80125557782574, 25.052032630570398], [92.8012530014575, 25.05184055697032], [92.80120877290447, 25.05109602122355], [92.80121397145506, 25.050907185129724], [92.8012845916128, 25.050755739412313], [92.80176165002923, 25.04994859733176], [92.80180568903775, 25.04986645612462], [92.80181554625136, 25.049800691360332], [92.80177118834095, 25.049775923564578], [92.80162255848393, 25.04975508000463], [92.80093049998231, 25.04968890338739], [92.80074733169924, 25.049703581454683], [92.79999471776432, 25.049877504536443], [92.79978652331575, 25.049913883883125], [92.79960185843942, 25.049898417250184], [92.79859623400473, 25.04975270853272], [92.79830806074978, 25.0496988759445], [92.79768686405272, 25.049550205493407], [92.79740161391572, 25.049489673434476], [92.79680380216212, 25.049383562404657], [92.79659441654749, 25.04937636658485], [92.79591126214697, 25.04939640371106], [92.79559476680774, 25.049415432508017], [92.79516856920601, 25.049461845604835], [92.79501408862156, 25.049471568337044], [92.79495056964613, 25.049456743754018], [92.79489821672969, 25.049392563282463], [92.7948614127525, 25.049306100302022], [92.79470962352066, 25.048897317889274], [92.79465007869202, 25.048765014964097], [92.79458582399639, 25.04865882924875], [92.79427501229796, 25.04817640360769], [92.79418794937727, 25.04805548377916], [92.79411393538439, 25.047988505433906], [92.79400887471694, 25.04791526135687], [92.79332183689947, 25.047458514996197], [92.79313888331374, 25.047320734213958], [92.7927169634894, 25.046925553383105], [92.79260502981174, 25.04682966358711], [92.79254395155895, 25.046800622532473], [92.79245001922126, 25.046805367218173], [92.79235018674879, 25.046831953731644], [92.79182040441167, 25.046994293455484], [92.7916438351527, 25.04704398153979], [92.79156742445461, 25.047056055641967], [92.79146379390512, 25.047051539654433], [92.79065263676316, 25.046925942398094], [92.79042237250466, 25.046877954376153], [92.79026312096775, 25.04679174354033], [92.78977900987796, 25.04648451943665], [92.78963007010216, 25.046381797901628], [92.78953012983189, 25.046302250464205], [92.78832227755875, 25.04531874158424], [92.7880807771727, 25.04513048744756], [92.78738217803749, 25.044616461429953], [92.7872778297341, 25.04454321533857], [92.78709302741551, 25.04444977908116], [92.78605233814201, 25.04401234731883], [92.7859308338133, 25.043962665330728], [92.78573036128294, 25.043896328512222], [92.784966467203, 25.04367382820149], [92.78484009849701, 25.043635290272295], [92.78474460488736, 25.043595968582814], [92.78458186968378, 25.043471569860877], [92.78407549744294, 25.04303200960816], [92.78396542866783, 25.042926567684102], [92.78391155670023, 25.04284557339299], [92.78386910501486, 25.04275798265978], [92.78353850702399, 25.042023038576314], [92.7832851201301, 25.041516446487943], [92.7832277923436, 25.04140737093421], [92.7831358740288, 25.041260324693567], [92.78277745790855, 25.04072219160463], [92.78269111453837, 25.040600570998645], [92.78253324011877, 25.04044064899244], [92.781979300287, 25.039927936460916], [92.78184407778562, 25.039814706233575], [92.78173656741241, 25.03974503674746], [92.78105316867013, 25.039331246341018], [92.78086331422641, 25.039203284151377], [92.78079605736109, 25.03913025376343], [92.78028437068703, 25.038453939681126], [92.78022695306902, 25.038373341245133], [92.78018201394863, 25.038287864262074], [92.78014095465191, 25.038123042833956], [92.7799802217931, 25.037308165284443], [92.77995242342661, 25.037189457509623], [92.7798809651407, 25.03700924773735], [92.77962882421014, 25.03645469981272], [92.7795758074387, 25.03634515338756], [92.77950926114079, 25.036242414406615], [92.77905159645299, 25.03568276873057], [92.77899450851667, 25.035602202658108], [92.77890996896359, 25.03545252865128], [92.7785964200985, 25.0348682933245], [92.7784753972668, 25.034625647567868], [92.77800453542918, 25.033616583779086], [92.7778759972918, 25.033348632937585], [92.77750092101627, 25.03259351283996], [92.77741660334708, 25.032441599282876], [92.7773436790106, 25.032339320162222], [92.77690295385413, 25.031755189658767], [92.77647763839802, 25.031233403614817], [92.77637628238283, 25.031123148465948], [92.77570712014115, 25.030512606079373], [92.77553258017642, 25.030366299681166], [92.7748228545081, 25.029887473822058], [92.77471712010421, 25.029813042773657], [92.77456298986269, 25.02968109449337], [92.77407896590952, 25.029234972357557], [92.77398457992263, 25.029151668783765], [92.77390195467943, 25.02909893739047], [92.77380353256194, 25.029075813677604], [92.77369820599318, 25.02906619025917], [92.77295181468823, 25.029017000359428], [92.77281942816818, 25.029006028208258], [92.7727177020471, 25.02898650054424], [92.77262454585383, 25.028943699371023], [92.771672463705, 25.02835544544922], [92.77154392197437, 25.028269244385065], [92.77147068682082, 25.02820117266349], [92.7707262313853, 25.02732844638211], [92.77066603617644, 25.027206952500304], [92.77067402309763, 25.027115824480763], [92.77090357050051, 25.026174187379155], [92.7709644196829, 25.02594026981084], [92.77113891832514, 25.025312389047897], [92.77121250921152, 25.025081071329446], [92.77144170716977, 25.024507863362984], [92.77152152427941, 25.0243273313463], [92.77163127055933, 25.024161564842974], [92.77209607595533, 25.023510122057875], [92.77221169182734, 25.023320058314088], [92.7724297722356, 25.022826295760275], [92.77252681184585, 25.02262841574252], [92.77258672857698, 25.02254892616141], [92.77294247670086, 25.02214896953957], [92.77303200639535, 25.022038170614163], [92.77304413365167, 25.021992046693963], [92.77298400491811, 25.02195187638637], [92.772886278995, 25.021922393135362], [92.77213165912202, 25.021721620310622], [92.77203235036737, 25.021715164427675], [92.77196452397015, 25.02173819347473], [92.77183477220888, 25.021816272909263], [92.77125373469656, 25.02219987566842], [92.7711688600719, 25.022253266112187], [92.77109381121979, 25.022283521772007], [92.7710667288106, 25.022274077715522], [92.77103344263608, 25.022206063718894], [92.77086007587107, 25.02147934009495], [92.77081753255753, 25.02124160727134], [92.77075997120906, 25.020757724981447], [92.77074427764107, 25.02066165843969], [92.77070735149297, 25.020521086423287], [92.77053358677432, 25.019938759697183], [92.7704625219505, 25.01965621373369], [92.77033184222948, 25.019012825413512], [92.7703102781711, 25.018918553244845], [92.7702763586843, 25.018830192455823], [92.77016066465885, 25.018703326543612], [92.76942413955067, 25.018040906080763], [92.76931965649996, 25.017968603865405], [92.7692039975088, 25.017910133630217], [92.76835567706351, 25.017508232633798], [92.76821545004766, 25.017436546328913], [92.7675177815671, 25.017069576556864], [92.76723571146618, 25.016928217322846], [92.76550590477531, 25.01609297411524], [92.76534542793632, 25.01600626787222], [92.76522726623878, 25.015910812216116], [92.76438188328447, 25.015144509679327], [92.7642234114852, 25.0150211029298], [92.76412782265413, 25.014985144682388], [92.7633586698365, 25.014796326264204], [92.76317851180798, 25.01476416957517], [92.76296772841475, 25.014782997788956], [92.76217472083476, 25.0148990872701], [92.76193646606185, 25.01492003850887], [92.76108737126877, 25.01491202091785], [92.76090377718427, 25.014900130069922], [92.76075158101557, 25.01485657180091], [92.76017306148103, 25.014653658671957], [92.76002914149105, 25.01459662610448], [92.75997653524969, 25.014556187995524], [92.75995149021958, 25.01447496250844], [92.75994852128754, 25.014380133298115], [92.75995818895665, 25.01352894973531], [92.7599559934741, 25.01340897588665], [92.75993522801798, 25.013321122363354], [92.75987326582293, 25.01325041130269], [92.7589785599696, 25.012588288675335], [92.75885773836055, 25.012492529971247], [92.75872611630682, 25.012342126867424], [92.75822417815024, 25.011687627203973], [92.75816159791427, 25.011610631371937], [92.75808950451948, 25.011546679393785], [92.75799518949945, 25.01151135673468], [92.7568102415711, 25.011283563193903], [92.75557614322034, 25.011035436031023], [92.75547270850358, 25.01101148751149], [92.75537703433254, 25.010974362331073], [92.75521348615358, 25.010854289925447], [92.75471799610412, 25.01045070185307], [92.75461767674477, 25.01037300269329], [92.75453131450999, 25.010326589462135], [92.75445830573192, 25.010314790975468], [92.75430207972083, 25.01031754420003], [92.753853541018, 25.010340966958193], [92.75369738507557, 25.01033734917948], [92.75351906769501, 25.010289428255078], [92.75306597094043, 25.010136085241765], [92.75297652928086, 25.01008978426456], [92.75292530824169, 25.01003958543769], [92.75283977425359, 25.009920546819366], [92.75262119258537, 25.009592777282247], [92.7525631308753, 25.009513650485026], [92.75249396958158, 25.00944252937416], [92.7524135901266, 25.009379494558246], [92.75203587729573, 25.00910795928368], [92.75195503431003, 25.00904605343916], [92.75189014360717, 25.008976270422558], [92.75185317254332, 25.008842497345917], [92.75178122826885, 25.008167265174713], [92.75176694505583, 25.0080742554842], [92.75173175984278, 25.00799987877957], [92.7516740188313, 25.007972320774808], [92.75152219366679, 25.007949603387434], [92.75070330472516, 25.007862939426392], [92.75059909655894, 25.007861687343627], [92.75052325090117, 25.007873953358132], [92.75034812703147, 25.007921125441044], [92.74987368181415, 25.008056593656555], [92.74977534862991, 25.00806675602582], [92.74967889921278, 25.008042354289557], [92.7490094342389, 25.007744882129824], [92.74887743129948, 25.007678742282252], [92.74884222003529, 25.007639264975086], [92.74886633351244, 25.007571610030602], [92.74892587115453, 25.00749657197203], [92.74934372430558, 25.00701659694287], [92.74944237369682, 25.006878814709328], [92.74935540959079, 25.006850415482877], [92.7484009720593, 25.00688159243405], [92.74760768600156, 25.006931405852132], [92.74736612722502, 25.006948848847568], [92.74721787735537, 25.006953086259273], [92.74717194918983, 25.006911435060296], [92.7472070050455, 25.006836250059564], [92.74749848949058, 25.00636657580074], [92.74753274764225, 25.006281748979788], [92.74753242245211, 25.006239626184207], [92.74749715549237, 25.006155944727467], [92.74717605808397, 25.00565505153546], [92.74711344011875, 25.005526151381723], [92.74710712675895, 25.00536273019621], [92.74714554231376, 25.004764965096793], [92.7471737224642, 25.004603966532787], [92.74722379635477, 25.004524738827367], [92.74750216539671, 25.00421098140423], [92.74763983490894, 25.004040043296577], [92.7476816083663, 25.003952750515907], [92.7479088300309, 25.003335279915202], [92.7479479283053, 25.00322105281386], [92.7479619042945, 25.003130388141464], [92.74793851396116, 25.00304030876165], [92.74788744922881, 25.00292861251853], [92.74767066329288, 25.002482455855866], [92.74757459925303, 25.002256811169925], [92.74733213766962, 25.001496408998413], [92.74728356576222, 25.001430694838696], [92.74719650373983, 25.001415826186996], [92.74709237462534, 25.00142444956557], [92.74647565243671, 25.00149878384544]]}, "properties": {"OBJECTID": 41558, "Name": "NH 27", "Road_Type": "National Highway", "Class_Code": 1, "Lane": " ", "Oneway": " ", "T_Elevatio": 0, "F_Elevatio": 0, "SL": 90, "Remarks": " ", "Bridge_Fly": " ", "Shape_Leng": 16400.8977227, "ID": 41682, "Type": " ", "NSEW_Corr": "EW", "Shape_Length": 16400.897722730217}, "id": 41558}, {"type": "Feature", "geometry": {"type": "LineString", "coordinates": [[92.82487637577641, 25.09472732020339], [92.82432109386164, 25.094412910878756], [92.82416655129342, 25.094322901797828], [92.82344513764495, 25.093880726273863], [92.82265774453546, 25.093386449057117], [92.82241437026376, 25.09323735652722], [92.82165238420548, 25.092785083560713], [92.82149103420402, 25.09269963639925], [92.82136762993848, 25.092652132463645], [92.82036547210248, 25.09229846788194], [92.81938279243677, 25.091967108725335], [92.81859787777917, 25.09169440584281], [92.81824921826122, 25.091577157368725], [92.81764439515683, 25.091379538834726], [92.81751936404233, 25.091336485285414], [92.81740001297536, 25.091284367211227], [92.81671252510189, 25.090922657581242], [92.81659949098801, 25.090860934594538], [92.81651787365456, 25.090803623444593], [92.81645454691862, 25.090728697328938], [92.81587855883652, 25.089828037864667], [92.81578886834363, 25.089654983431167], [92.81576121101264, 25.08951223941373], [92.81566125547099, 25.08878698541813], [92.81565598236025, 25.08866595028299], [92.81566339705459, 25.088544689671373], [92.8157206125517, 25.08781601621324], [92.81573216219131, 25.087720309744828], [92.81576212998918, 25.087631263073767], [92.81581995993389, 25.087552325747467], [92.81655099364075, 25.086743120436168], [92.81659724340318, 25.086662566777182], [92.81660331511617, 25.086595961816492], [92.81658298264803, 25.08645487148603], [92.81649311069545, 25.085979957570064], [92.81647272432839, 25.08591106689178], [92.81636970553157, 25.085718947966516], [92.81605261101608, 25.08519397214981], [92.81600587077354, 25.085109792948746], [92.81597971093416, 25.085024918887473], [92.81599102791009, 25.08496006712763], [92.81604962950765, 25.084829150446446], [92.81644063201485, 25.08404230905925], [92.8164901866792, 25.083958578983026], [92.81660406161618, 25.083824855959143], [92.8172130358355, 25.083177986942108], [92.81726530431028, 25.083100852932706], [92.81727455246613, 25.083059651476475], [92.81726004826756, 25.08297211308246], [92.81705440683103, 25.082381250473073], [92.81701036872086, 25.082304236374974], [92.81697603151744, 25.082278587507904], [92.81688218182478, 25.082253580569247], [92.81605714930491, 25.08216614655381], [92.81581820193091, 25.082155592471057], [92.81523500936024, 25.0821946560785], [92.8150500785826, 25.08221124059506], [92.81489202988983, 25.082238498785742], [92.81402607821045, 25.08240915218603], [92.81371563122804, 25.08248252697301], [92.81282319990902, 25.082730000274594]]}, "properties": {"OBJECTID": 41634, "Name": "NH 27", "Road_Type": "National Highway", "Class_Code": 1, "Lane": " ", "Oneway": " ", "T_Elevatio": 0, "F_Elevatio": 0, "SL": 90, "Remarks": " ", "Bridge_Fly": " ", "Shape_Leng": 2695.03486515, "ID": 41758, "Type": " ", "NSEW_Corr": "EW", "Shape_Length": 2695.0348651524014}, "id": 41634}, {"type": "Feature", "geometry": {"type": "LineString", "coordinates": [[92.95152708177166, 25.111024543376452], [92.9514554204665, 25.111233272283336]]}, "properties": {"OBJECTID": 41724, "Name": "NH 27", "Road_Type": "National Highway", "Class_Code": 1, "Lane": " ", "Oneway": " ", "T_Elevatio": 0, "F_Elevatio": 0, "SL": 90, "Remarks": " ", "Bridge_Fly": " ", "Shape_Leng": 26.8726969104, "ID": 41848, "Type": " ", "NSEW_Corr": "EW", "Shape_Length": 26.872696910390662}, "id": 41724}, {"type": "Feature", "geometry": {"type": "LineString", "coordinates": [[92.9514554204665, 25.111233272283336], [92.95141707857356, 25.111275052347928]]}, "properties": {"OBJECTID": 41725, "Name": "NH 27", "Road_Type": "National Highway", "Class_Code": 1, "Lane": " ", "Oneway": " ", "T_Elevatio": 0, "F_Elevatio": 0, "SL": 90, "Remarks": " ", "Bridge_Fly": " ", "Shape_Leng": 6.67833334157, "ID": 41849, "Type": " ", "NSEW_Corr": "EW", "Shape_Length": 6.678333341572719}, "id": 41725}, {"type": "Feature", "geometry": {"type": "LineString", "coordinates": [[92.9514554204665, 25.111233272283336], [92.9513902216415, 25.11142271243678], [92.95135945254638, 25.111478753140407], [92.95130707447713, 25.111525560806076]]}, "properties": {"OBJECTID": 41729, "Name": "NH 27", "Road_Type": "National Highway", "Class_Code": 1, "Lane": " ", "Oneway": " ", "T_Elevatio": 0, "F_Elevatio": 0, "SL": 90, "Remarks": " ", "Bridge_Fly": " ", "Shape_Leng": 40.3464673784, "ID": 41853, "Type": " ", "NSEW_Corr": "EW", "Shape_Length": 40.34646737840715}, "id": 41729}, {"type": "Feature", "geometry": {"type": "LineString", "coordinates": [[92.95141707857356, 25.111275052347928], [92.95039483171283, 25.111621915645078], [92.95029365446237, 25.11164357591092], [92.95011055624794, 25.111633001595568], [92.94931868144347, 25.111527043651787], [92.94908101776204, 25.111497414389667], [92.94799667755225, 25.111392596729903], [92.94783782217236, 25.111380964145727], [92.94767754386103, 25.111381080463435], [92.94676834099569, 25.111401920854185], [92.94655488601282, 25.111412382125465], [92.9464220781829, 25.11142926364324], [92.94533496667047, 25.11158665517409], [92.94523083665766, 25.11160795266574], [92.94503414333968, 25.111678023770292], [92.94432849512445, 25.111956275896873], [92.94414394792743, 25.112046734015358], [92.94402752177503, 25.112146659293735], [92.94365535244776, 25.11250331023811], [92.94357996313416, 25.1125699059733], [92.94350000588734, 25.112610945384883], [92.94343317212852, 25.11260272432657], [92.94329155452064, 25.112541732141665], [92.94298136176143, 25.112390769357972], [92.94236185030384, 25.11209599144191], [92.94219202200277, 25.112025655406452], [92.94148105306608, 25.11175348935737], [92.94130785967593, 25.11168994915329], [92.94053191918803, 25.111420392590563], [92.94023091709253, 25.111318554389317], [92.93975280674886, 25.111163061016978], [92.93955344902773, 25.111093630586286], [92.93941104449563, 25.111028782884688], [92.93880206758139, 25.11073133937748], [92.93849630082158, 25.110585301218237], [92.93781107760098, 25.11026608306091], [92.93755485113246, 25.110139818559517], [92.9370052169259, 25.109851235922438], [92.93691006467603, 25.109813205242226], [92.93672700958071, 25.10978622162388], [92.93621878681043, 25.109745338254406], [92.9360044227325, 25.109731159504012], [92.93538709418101, 25.109696459748704], [92.93522668291905, 25.109694980947886], [92.93501886755956, 25.109727572314878], [92.93424190568716, 25.109878616475633], [92.93358326810736, 25.10999534308653], [92.93342530655117, 25.110015249094335], [92.9333212475053, 25.110007247484777], [92.93321777685593, 25.10998652642896], [92.9325457435986, 25.109833352865675], [92.9322636025308, 25.10975976428326], [92.93124448809549, 25.109463161208605], [92.93093417765701, 25.10938882486687], [92.93028054010007, 25.10925788145408], [92.92915482977652, 25.109069261946615], [92.92897247446876, 25.109052213350637], [92.92876989538904, 25.109096096052816], [92.92826596387087, 25.109241665017972], [92.92808919967744, 25.109289919808912], [92.92795966351179, 25.10930947209199], [92.9278259915026, 25.109311439765488], [92.926456888941, 25.109296354809924], [92.92624179812597, 25.109290124791894], [92.92513921762436, 25.109251621337354], [92.9249248930723, 25.109253370200562], [92.92481905356551, 25.109267270815128], [92.92413299221676, 25.10938137471771], [92.92392142189935, 25.109412840389904], [92.9238150847259, 25.10942141550203], [92.92290785815415, 25.1094689926404], [92.92258844418856, 25.109475582995863], [92.92176523345212, 25.10946683625522], [92.92160669158424, 25.109459243761705], [92.9214502562657, 25.10943248782388], [92.92043664760477, 25.109221619788546], [92.92034861091031, 25.109187383540984], [92.92032009478993, 25.10915800831399], [92.92029397537473, 25.10907482089954], [92.92022667808521, 25.108427005961115], [92.9202075978686, 25.108334253729684], [92.92016438710678, 25.10824906796717], [92.91954240528216, 25.107458925788084], [92.91940800114597, 25.1073112267475], [92.91932145026499, 25.107258603827034], [92.91867880808714, 25.10695844727303], [92.91853998962964, 25.10690120955348], [92.91848146977878, 25.106898375527162], [92.91842846019387, 25.106954511036736], [92.91838796593747, 25.10704029476573], [92.91811210139859, 25.107701198714793], [92.9180620032535, 25.107812498543947], [92.918008707106, 25.107890464572357], [92.91792627859382, 25.10794503620743], [92.91710021570636, 25.108306572674554], [92.91695437871154, 25.108364924949633], [92.91688121003332, 25.108378324592007], [92.91678380031719, 25.108359619754822], [92.91668610403846, 25.108322962495446], [92.9159774797047, 25.108032046711656], [92.91585527469006, 25.107985285701044], [92.91575728645887, 25.10796541596721], [92.91565997465909, 25.107982888513458], [92.91553805890197, 25.10802646574867], [92.91505037790729, 25.108215558655175], [92.91495266006899, 25.108250301942643], [92.9148539531856, 25.108271328329423], [92.91477935349113, 25.10826663564434], [92.91462844909982, 25.108233627410975], [92.91414943954254, 25.10811419608257], [92.91399709155856, 25.108079992875613], [92.9133577336214, 25.107949624785373], [92.91326085660621, 25.107918696416238], [92.91311182789721, 25.10782452435642], [92.91264264141756, 25.107476495205642], [92.91252561608889, 25.107381245000965], [92.91239272022405, 25.107230253882207], [92.91199567744489, 25.106742673172803], [92.9118967657456, 25.106628484650074], [92.91180716777916, 25.106541816419877], [92.91143655882553, 25.10620329197744], [92.91134261031816, 25.106121549672373], [92.91126040099495, 25.10607163176102], [92.91116138778601, 25.106054380199], [92.91102866619434, 25.106052454772275], [92.9103054963395, 25.10605615920547], [92.91011868628628, 25.106059583813117], [92.90897672723587, 25.10611772241089], [92.90879340174762, 25.10611434010402], [92.90869357825828, 25.106086895259068], [92.90857130587001, 25.10604000498009], [92.9079373054852, 25.105784600528303], [92.90783968556329, 25.10574850540301], [92.90774186621536, 25.105729070500516], [92.90764463077241, 25.10574627330154], [92.906911185089, 25.106016920190537], [92.9068161711797, 25.106055245705573], [92.90673646905442, 25.106105865627224], [92.90668983840636, 25.10618507243425], [92.90665166988826, 25.106300244011916], [92.90643319781454, 25.10702857228908], [92.90639539760568, 25.10714434827068], [92.90635172690648, 25.10722841551187], [92.9062995374834, 25.107278650191738], [92.90617262260174, 25.10736476964291], [92.90545241808563, 25.10782435678899], [92.90536050516071, 25.107868540902412], [92.9051547181971, 25.107901741204692], [92.9044408207526, 25.107965594109125], [92.904282216901, 25.10797129627645], [92.9034618628071, 25.10798872489645], [92.90333019224435, 25.107995655346727], [92.9031219636598, 25.10803541757741], [92.9021905131181, 25.108258485875805], [92.90188602735594, 25.10834574262654], [92.90078549680979, 25.108700594781105], [92.90058743535761, 25.10876990374321], [92.90044295571721, 25.108833059900256], [92.89941366606467, 25.109299370987763], [92.89925214807829, 25.10938275997857], [92.89907924933554, 25.109529612997193], [92.89859859855625, 25.10997749340109], [92.89844227822209, 25.110102755124377], [92.89824542500399, 25.11017066177127], [92.89747663959731, 25.11037974109205], [92.89729602522459, 25.1104209309076], [92.89716560781166, 25.110440927948787], [92.89619769195764, 25.11057772099542], [92.8960930651765, 25.11058496283723], [92.89588304265634, 25.110563797754182], [92.89509532974662, 25.110451506434334], [92.89496483418024, 25.110430046871272], [92.8947886538918, 25.11038361377151], [92.89414235557071, 25.11018593858574], [92.89396920350309, 25.110127586366357], [92.893205913091, 25.10982492582505], [92.89299073064784, 25.10972838980356], [92.89290923728191, 25.10966827874749], [92.89237489689302, 25.109197483841022], [92.89230077869557, 25.109129155299136], [92.89223915606371, 25.109054791097854], [92.89220491767497, 25.108965877903085], [92.89202744920239, 25.108102532275968], [92.8919672827396, 25.107841948930158], [92.89175459401967, 25.106997728284682], [92.89168136784927, 25.106766281681526], [92.89133439806237, 25.10599930907751], [92.89124518996475, 25.105822807352823], [92.89115329859939, 25.105704455555937], [92.89049233977292, 25.104940945670744], [92.8902835910638, 25.104689484180756], [92.88983304193137, 25.104120170847295], [92.88957027033774, 25.1037842378957], [92.8894742413322, 25.1036708844761], [92.88941771933449, 25.10362772055435], [92.88932186639875, 25.103601331025445], [92.88870359910783, 25.103549363786314], [92.88859869384895, 25.10354420643278], [92.88850882279466, 25.10356090112701], [92.88846481343056, 25.10360601900884], [92.88840268414887, 25.103733976562975], [92.88805997327474, 25.10454324601597], [92.88800370370365, 25.104703443882954], [92.88777336757995, 25.10539352673076], [92.8876952402014, 25.10559658574962], [92.88761154955628, 25.10571978254877], [92.88719657370906, 25.106257676459784], [92.88706621019506, 25.10641029485338], [92.88690176729408, 25.106528161968605], [92.88623416452775, 25.10695764603459], [92.88604746766225, 25.107088904271492], [92.88594561757367, 25.107198799036432], [92.88543821855845, 25.10781791194927], [92.88534026536156, 25.10793183987592], [92.88523404766406, 25.108038821793798], [92.88472570811275, 25.10852847239343], [92.8845107727063, 25.10874183884865], [92.88387743437987, 25.109396103383148], [92.88379851378888, 25.109455917673507], [92.88370337860702, 25.109490859083742], [92.88274450878794, 25.109696253953], [92.88253655688449, 25.109730917104372], [92.882327695886, 25.109719000477895], [92.88175149759812, 25.109659117175404], [92.88162134788315, 25.109641941767794], [92.88146449484802, 25.109608556477752], [92.88091851588631, 25.109476457425853], [92.88073594767788, 25.109439502788355], [92.88063235126437, 25.10943731630595], [92.88006081253786, 25.109495402051998], [92.87993188363335, 25.109512247230438], [92.8797318422943, 25.10957302374292], [92.87906815169104, 25.109834616108294], [92.87897287277873, 25.109876342965084], [92.87889174323051, 25.109931775939238], [92.8788321507912, 25.110007351602512], [92.87850928459997, 25.1105293634089], [92.87841960219188, 25.110643344121247], [92.87833734076636, 25.110698181327738], [92.87778103567048, 25.110969587557992], [92.87766392410352, 25.111023268758334], [92.87746213913451, 25.111081493657824], [92.87590697391803, 25.111410672336834], [92.87559652424066, 25.1114669090778], [92.87499490632521, 25.11154937011679], [92.87478868727196, 25.11158670560546], [92.87469212376881, 25.111622136892336], [92.87412750027339, 25.11187752589643], [92.87396810949761, 25.111958878798465], [92.87384795893001, 25.112050778270692], [92.87346556138492, 25.112381013391627], [92.87334864385406, 25.112476087259594], [92.87328486885879, 25.112513790123423], [92.87318556100246, 25.11254188994183], [92.87308005297399, 25.112558516708553], [92.87246691596167, 25.112641838404137], [92.8723085977743, 25.112668424451975], [92.87210784407125, 25.11273451172122], [92.8715155192274, 25.112963406777883], [92.87126974375893, 25.113061834652083], [92.87056039178978, 25.113359557177994], [92.870462399067, 25.113397906420094], [92.87036353408011, 25.11342025938548], [92.87028942306917, 25.113412877807363], [92.87013969996244, 25.113370654358498], [92.86946394408662, 25.113158637276314], [92.8692732730743, 25.113081519729363], [92.86915079587013, 25.11298965031443], [92.86871662392365, 25.11262957392522], [92.8686402680228, 25.11256230065808], [92.86851644154909, 25.112406792599657], [92.86827105055958, 25.1120324074919], [92.868180247054, 25.111885070248707], [92.86811073362071, 25.1117062091887], [92.86792757252415, 25.111135136578653], [92.86788755617151, 25.11099733796368], [92.86785609627194, 25.110829935798776], [92.86776976368158, 25.110301160893776], [92.86775548945171, 25.1101570215534], [92.86776396056483, 25.110061821428705], [92.86786439490855, 25.109490889993836], [92.8678793725193, 25.109347912081205], [92.86787461144829, 25.10922874539093], [92.86781578706851, 25.10846495410269], [92.8678050009969, 25.108297764029537], [92.86776964510396, 25.107195680313527], [92.86777060630129, 25.107100821967766], [92.8677896371106, 25.10701009094132], [92.86789219956322, 25.10684260848045], [92.86830760121184, 25.106246044200454], [92.86836184867524, 25.106163177742584], [92.86839997317588, 25.1060773234419], [92.86840218662472, 25.10598509816827], [92.86838832292496, 25.105889893168335], [92.86828011456079, 25.105267568749372], [92.86824814351982, 25.105125531943077], [92.86820832030496, 25.105009240761184], [92.86802953849543, 25.104521532431054], [92.86799280009525, 25.104431394127687], [92.86794042741589, 25.104357016494387], [92.86787752737969, 25.104325400658386], [92.86777697445835, 25.104299925606465], [92.86740628645298, 25.104225959503037], [92.86730291731324, 25.104208802041796], [92.86721081035222, 25.10421462965693], [92.86714376728594, 25.104271771019018], [92.8670878759056, 25.10435194458793], [92.86668450359693, 25.104984179899404], [92.86661546267744, 25.10508750223334], [92.86655097621647, 25.105161396231903], [92.86637294809347, 25.105263175299058], [92.8654449902016, 25.105702725351264], [92.86535197234888, 25.105749587288937], [92.86527106019291, 25.105806326090665], [92.86521746670307, 25.105884466662495], [92.864780916916, 25.106868739449215], [92.86473937163075, 25.106957425592356], [92.86464261319318, 25.10712968115534], [92.86428734297307, 25.10772591737711], [92.86419526835137, 25.107873125416106], [92.86413590767741, 25.107953744825565], [92.8638245201589, 25.108348622984884], [92.86376506246687, 25.108429096476833], [92.8636905040949, 25.10855554413969], [92.86345424807351, 25.109009741114026], [92.8633990816336, 25.109088746750597], [92.86332405703601, 25.10915392817224], [92.862834565936, 25.109486124147438], [92.86270253425047, 25.10956554594861], [92.86260753201931, 25.109604337255817], [92.86218761992966, 25.10974206911348], [92.8619688020045, 25.109821197103408], [92.86183211165593, 25.10989659876308], [92.86096576022626, 25.110426042419764], [92.86078730270854, 25.110530834065504], [92.86020474704344, 25.11085691755989], [92.8601153610794, 25.110902625728226], [92.86002731989336, 25.110924617180853], [92.85994032614292, 25.110893512240047], [92.8598547023233, 25.110838219609207], [92.85919315599863, 25.11037763190111], [92.8589958437414, 25.110218100336958], [92.85842676460219, 25.109721511510475], [92.85830064472955, 25.109600408425546], [92.85822215173664, 25.109504544114206], [92.85790601392691, 25.109090748591576], [92.85781248762774, 25.108976593985343], [92.85775772273476, 25.108929839843356], [92.85766449467626, 25.10889066926508], [92.85654726444898, 25.108617799128197], [92.85641653891389, 25.108590001003478], [92.85623212287089, 25.10856693377739], [92.85512031936624, 25.108453880879775], [92.85394178181576, 25.10834656744533], [92.85364766261195, 25.108318378812097], [92.85287410894777, 25.108239711878618], [92.85255770074512, 25.108198405820893], [92.85162378432797, 25.10803866236096], [92.85130887451524, 25.10798959526992], [92.85032684343318, 25.1078508641679], [92.85000991959757, 25.10781359668027], [92.84943298379287, 25.107764227714664], [92.8492231076981, 25.107753390324387], [92.84909176232546, 25.107759310502132], [92.84843483783291, 25.107804604163558], [92.84819837430065, 25.107810428353563], [92.8480128075158, 25.107786466202437], [92.84708586472017, 25.107645358825057], [92.8469807528488, 25.10762681574942], [92.84678082200253, 25.107562914675345], [92.84614851673867, 25.107308330095947], [92.84603546196352, 25.107248304074524], [92.84537630695414, 25.106820200625265], [92.84454975987468, 25.106226149780657], [92.84425648059566, 25.106017721435094], [92.84351251474199, 25.10549633461858], [92.84334056102693, 25.105381777252347], [92.84264725117211, 25.10493574526288], [92.84256771164192, 25.1048737405704], [92.84250186333495, 25.1047998358231], [92.84191431483347, 25.103998500113914], [92.84176158686215, 25.103773018639373], [92.84127020930005, 25.10297312010486], [92.84117756604479, 25.102826849789295], [92.84073997151707, 25.102191999401757], [92.84063732911437, 25.102051393989083], [92.84047633933739, 25.101893615986224], [92.83987435490928, 25.10135492600902], [92.83970047879954, 25.101206414252452], [92.839122506339, 25.100738127269064], [92.83897517544587, 25.100641066699254], [92.83882669381089, 25.100610765303397], [92.83846149361358, 25.10057822438284], [92.83828147662054, 25.10055706244863], [92.83821038394895, 25.100536578141853], [92.83812727271719, 25.100482813429863], [92.83771358505412, 25.100105364832316], [92.83753579228971, 25.099923575071937], [92.83716109600154, 25.099507584059456], [92.83703860442435, 25.099378248098137], [92.83687614680017, 25.099251721798964], [92.83619763489304, 25.098772182398406], [92.83601942710695, 25.098666622498374], [92.83589748619701, 25.098618673457235], [92.83473537344322, 25.098192776919312], [92.83443546639403, 25.098094193900135], [92.83367962211733, 25.097866518918668], [92.83337449226309, 25.097787279065066], [92.83245058217992, 25.09758542489321], [92.83229775539388, 25.09754748883217], [92.83214667403443, 25.097500309739594], [92.83089283879855, 25.09709152709468], [92.83053994731726, 25.09698025574322], [92.82934912171201, 25.096617357332338], [92.82922314467152, 25.096577121994518], [92.82905179821759, 25.096511523047152], [92.82827686653775, 25.096194119704148], [92.8280043383418, 25.096093255612896], [92.82737646446724, 25.095875880059026], [92.82651862457487, 25.09560718919855], [92.82631819336699, 25.095541026778037], [92.82615099712967, 25.09547080975601], [92.82560618328293, 25.095229896395196], [92.82546789213649, 25.095161688585208], [92.82534233011766, 25.09507629026765], [92.82487637577641, 25.09472732020339]]}, "properties": {"OBJECTID": 41741, "Name": "NH 27", "Road_Type": "National Highway", "Class_Code": 1, "Lane": " ", "Oneway": " ", "T_Elevatio": 0, "F_Elevatio": 0, "SL": 90, "Remarks": " ", "Bridge_Fly": " ", "Shape_Leng": 17981.5757253, "ID": 41865, "Type": " ", "NSEW_Corr": "EW", "Shape_Length": 17981.575725285024}, "id": 41741}, {"type": "Feature", "geometry": {"type": "LineString", "coordinates": [[92.97200085221168, 25.105001443000727], [92.97124359219009, 25.105397508570473], [92.97115550518997, 25.10544740316696], [92.97108805878013, 25.1055078172745], [92.97106844226924, 25.105569381569428], [92.97106536464109, 25.10571094280634], [92.97108231944378, 25.106411390561984], [92.97109902900635, 25.106503513020282], [92.97114448286142, 25.10658791340002], [92.97150697912973, 25.107068318565464], [92.9716060884584, 25.107211558630656], [92.97166883578097, 25.10734364467429], [92.97195972554131, 25.108041781062365], [92.97198933580971, 25.108133371121088], [92.97200945178389, 25.108301586342204], [92.97205815035377, 25.10907878309715], [92.9720573122256, 25.109247837285324], [92.97201441587414, 25.110284208452885], [92.9719929129012, 25.110374010567412], [92.97193781113997, 25.110451013503763], [92.97186752515553, 25.110522298888586], [92.971462720034, 25.110907815307954], [92.9713595539135, 25.111014971132402], [92.97132551674738, 25.11107327249665], [92.97132072782858, 25.11116266325849], [92.971336186038, 25.1112575021847], [92.97144138863925, 25.111784430584365], [92.97146578688235, 25.111928283313574], [92.97147723860563, 25.112049353183142], [92.97153469574951, 25.112875920690325], [92.9715249400455, 25.11296544109142], [92.97150379999194, 25.113002591505847], [92.97142902782093, 25.113061690680393], [92.97060731996595, 25.113524313154304], [92.97051277048566, 25.11355731589223], [92.97041226158177, 25.113554528383776], [92.97030875769474, 25.113535740558696], [92.9698405063613, 25.11343711785084], [92.96973627124564, 25.113418781443105], [92.96952614721583, 25.113414520056036], [92.96894498214277, 25.113448246746756], [92.96876338591146, 25.113469777358915], [92.96854647241476, 25.1135560705828], [92.96797727379959, 25.113817176962723], [92.9677840354022, 25.11389135118655], [92.96754917266779, 25.113907230260843], [92.96670221137352, 25.11391991757626], [92.96638468387005, 25.11390628103029], [92.96527329089547, 25.113823454740345], [92.96487692275107, 25.11378749131807], [92.96374206937458, 25.11366715847938], [92.96361015896161, 25.11365610362239], [92.96347845336454, 25.11365994610243], [92.96334692383729, 25.113675982192056], [92.96263685770745, 25.113772532990986], [92.96237291021909, 25.11380010544043], [92.9617087776447, 25.11384269639516], [92.96161195902003, 25.11383386944094], [92.96157252747064, 25.113814316254683], [92.96151174745849, 25.1137447140767], [92.96124220346591, 25.113297075225944], [92.96111668995613, 25.113056563823875], [92.96078255439966, 25.11231689518322], [92.9607301008719, 25.112206155823767], [92.96067722244103, 25.112125602664015], [92.96060046409494, 25.112062020356237], [92.9596665117452, 25.11148815290524], [92.95959357662896, 25.111471318573383], [92.95955199810605, 25.111527261645556], [92.95952423207892, 25.11161585737485], [92.95932948720679, 25.11234755971023], [92.95929575456955, 25.112463699126767], [92.95925696531559, 25.112550391628233], [92.95919354335821, 25.112623164315117], [92.95881185817713, 25.112954123442712], [92.95865060699039, 25.113071109031686], [92.95844945713026, 25.113117224698467], [92.95776856558597, 25.113217499676487], [92.95756050229143, 25.1132532753715], [92.95684683571396, 25.113430534216132], [92.95674411156457, 25.11344688756067], [92.95650901257328, 25.113434088760762], [92.95595804257184, 25.11337772440799], [92.95585362958974, 25.113371754885087], [92.95574991819188, 25.113381586418306], [92.95564693083611, 25.113407506946423], [92.95521090925847, 25.113539465100068], [92.95510900976251, 25.11356667808102], [92.9550110197347, 25.113573922999343], [92.95494394253242, 25.11354914370133], [92.95481657759483, 25.113464993772933], [92.95420748659453, 25.113027662111715], [92.95413077675745, 25.112961064999105], [92.95403099189569, 25.11284685544191], [92.95334338634297, 25.112004168463894], [92.9528703371076, 25.111402434116197], [92.95270913263323, 25.11121265961909], [92.95222098990448, 25.110692728192603], [92.95215130668956, 25.110624104403108], [92.95208191542713, 25.11058810099565], [92.95201388601065, 25.110624250004513], [92.95194614675, 25.110692859965884], [92.9514554204665, 25.111233272283336]]}, "properties": {"OBJECTID": 41746, "Name": "NH 27", "Road_Type": "National Highway", "Class_Code": 1, "Lane": " ", "Oneway": " ", "T_Elevatio": 0, "F_Elevatio": 0, "SL": 90, "Remarks": " ", "Bridge_Fly": " ", "Shape_Leng": 3866.08120116, "ID": 41870, "Type": " ", "NSEW_Corr": "EW", "Shape_Length": 3866.081201162007}, "id": 41746}, {"type": "Feature", "geometry": {"type": "LineString", "coordinates": [[93.02538452974787, 25.12581197543858], [93.02509263207774, 25.125077728319162], [93.02506075356325, 25.12498587768174], [93.02505000791584, 25.1248939903759], [93.02510232579796, 25.124710794641956], [93.02534175556728, 25.1240459680836], [93.0253800309849, 25.123931376048084], [93.02539526910708, 25.123839867773142], [93.0253773162761, 25.12374774780682], [93.02534439751254, 25.123655777423554], [93.02515732604955, 25.123173195091844], [93.02511240938705, 25.123086571938618], [93.02504897215832, 25.123010580615826], [93.024519696471, 25.12249700517507], [93.02438479646477, 25.12238204975173], [93.02420047654154, 25.122294357311542], [93.02367294178924, 25.122079227606324], [93.02353645086667, 25.122011315375282], [93.0234031175223, 25.12189648881616], [93.02280869151902, 25.121307209114477], [93.0227008038534, 25.12121040481066], [93.02264781762469, 25.121190019125617], [93.02257957979907, 25.121227346789368], [93.02251242623998, 25.121296698262714], [93.02216027047895, 25.121691857842336], [93.02206763530852, 25.121807696390206], [93.02203132091319, 25.121872137396082], [93.02183162273057, 25.122325216163], [93.02178942257346, 25.122413509637212], [93.02173339644582, 25.122488216259402], [93.02164748157205, 25.12253225924518], [93.02154787816997, 25.12256286915572], [93.02103675024804, 25.12270603006413], [93.02093544903009, 25.12273169892081], [93.02083704128566, 25.122739320683273], [93.02074416357013, 25.122706464385118], [93.02065417573485, 25.122655402376505], [93.02020667907776, 25.122383909040973], [93.02007767022316, 25.122297209687712], [93.01997932715742, 25.12221455825867], [93.01934641103917, 25.121650702731927], [93.01920722517072, 25.121538500491795], [93.01911522960081, 25.121495204610245], [93.01901581843822, 25.121463767261957], [93.01853503201332, 25.121327385750476], [93.01780268766446, 25.121116708224456], [93.0176011245793, 25.12105153399528], [93.01682171569608, 25.120791358086883], [93.01671950178981, 25.120767690472334], [93.0164844153749, 25.120768415165497], [93.01590475138669, 25.120800141431197], [93.01577368449178, 25.120803866564522], [93.01567098639353, 25.120793064490908], [93.01552108092883, 25.120743149317146], [93.01455696405016, 25.120365900722074], [93.01436502910822, 25.120279696081337], [93.01356052219428, 25.119844915895612], [93.01342981911708, 25.119767173030773], [93.01338469314709, 25.1197194234026], [93.01337140526742, 25.119635033715657], [93.01338132626138, 25.11954045505667], [93.01352021388917, 25.118598720680275], [93.01352965608113, 25.11850536777094], [93.013512722838, 25.118430323607996], [93.01345988213637, 25.11840182903508], [93.01330810907416, 25.118376834360983], [93.01298620497863, 25.118339585536198], [93.0123223940011, 25.11825705994201], [93.01200508838153, 25.11822801712068], [93.01126583419149, 25.118187643301123], [93.01113541049034, 25.11817765029478], [93.01104012708647, 25.118153931745354], [93.01096387359355, 25.11809654798155], [93.01089638945447, 25.11802393959988], [93.01055119833183, 25.11762736184445], [93.01046672884735, 25.117535251835342], [93.01037259079546, 25.117451843191343], [93.01027054667077, 25.117375547417357], [93.0095688357714, 25.116863759678058], [93.00933576068442, 25.116703033596778], [93.00851295329149, 25.11616144979388], [93.00840356543938, 25.116092323152543], [93.00831109555895, 25.11604716920941], [93.00821200599323, 25.116016824455368], [93.00734359292998, 25.115805799407756], [93.00725980436847, 25.115768737690498], [93.00722489403992, 25.11569937169274], [93.00722236168913, 25.11560850389238], [93.0072467347794, 25.115177038714883], [93.00727007660376, 25.115089283354088], [93.0073116910593, 25.115033422437296], [93.00742316569784, 25.11493333196101], [93.00773841776869, 25.114672215764482], [93.00779686216109, 25.11460957017877], [93.00777224922061, 25.114545414909998], [93.0076883241152, 25.1145033236215], [93.00725400304836, 25.114323031570706], [93.00715721586472, 25.114300415231636], [93.00708194782369, 25.114306396910063], [93.00692951360145, 25.114345225755716], [93.00636935113972, 25.11450801444042], [93.00624213891572, 25.1145420181953], [93.00614072361171, 25.114555055202317], [93.00596457296764, 25.11451493150689], [93.0054099746708, 25.114331556721545], [93.00533587443967, 25.11429008679027], [93.00532468861773, 25.114261019437965], [93.00535452526157, 25.114186067022406], [93.00559671016387, 25.113831792031952], [93.00569431301781, 25.1136610669613], [93.00571167206235, 25.113567927457325], [93.00571866634515, 25.113447508995865], [93.00574708634579, 25.112746078291103], [93.00574259566766, 25.11264981869281], [93.00572243567608, 25.1125299321058], [93.00552700269444, 25.111572979324183], [93.0054928460524, 25.111484422607518], [93.0054309090102, 25.111410472237885], [93.00535631470562, 25.11134267934376], [93.00479841869337, 25.110859666085986], [93.0046333757178, 25.11070426648617], [93.0045226511725, 25.11054022658246], [93.00418670012085, 25.109990330793604], [93.00412508018397, 25.109883428671697], [93.00405736158457, 25.109726836168335], [93.00382566810649, 25.10911130792749], [93.00375178796256, 25.10893102907345], [93.00366671031863, 25.108781602463523], [93.00322899362003, 25.108064016245947], [93.00311289625103, 25.10786992862071], [93.00303684128583, 25.10775465846908], [93.00300202617865, 25.107730818322278], [93.00296329980678, 25.1077765130175], [93.00291963090419, 25.10788347310857], [93.00267920669985, 25.108521762412767], [93.00260495914499, 25.10870076804139], [93.00253674377726, 25.108832290397824], [93.00220511362213, 25.109441938178296], [93.00214906593492, 25.109551002763947], [93.00212291058713, 25.109639293265246], [93.00213696742469, 25.109729919849528], [93.00216908668766, 25.10982155094153], [93.0024787000335, 25.110624692502594], [93.00252042498182, 25.11073951745066], [93.00254072960219, 25.110832093786744], [93.00251840646737, 25.110995356489273], [93.00231339564816, 25.11186420716489], [93.00227878715354, 25.111949039016753], [93.0022492568352, 25.111982753910745], [93.00216566769971, 25.1120327304142], [93.00132360491867, 25.11239165840841], [93.0012261511851, 25.112422548229436], [93.0011243972162, 25.112425796150188], [93.00012670849874, 25.112249045853424], [92.99992456869519, 25.112197501193258], [92.99984021329675, 25.112143588687967], [92.9997424325764, 25.112062723952462], [92.99920109520976, 25.111599149952404], [92.99908265952607, 25.111502725955614], [92.9989983553316, 25.111445647351644], [92.99846319478088, 25.11113397095896], [92.99834068883064, 25.111054485917087], [92.99831477692626, 25.11097662195619], [92.99836442321875, 25.110903508282163], [92.99870344471204, 25.11052491890244], [92.99876456877891, 25.11041208093063], [92.99874351406527, 25.110356762052707], [92.9986495637613, 25.110246891275054], [92.9983178895887, 25.10989988010118], [92.99825986560789, 25.109824606964033], [92.99823945768125, 25.10974215696301], [92.99825638553446, 25.109652580515693], [92.99841793047034, 25.109124545616368], [92.99842833475795, 25.109036684232393], [92.99841710402028, 25.108996009662857], [92.99836104645159, 25.10892133627833], [92.99792153941063, 25.1084957928564], [92.99766470478271, 25.10825072167327], [92.99760236260028, 25.108214698044506], [92.99750610362604, 25.108200919325004], [92.9974023769568, 25.108203676858583], [92.99690164883093, 25.10823145554878], [92.99681946286388, 25.108251897895084], [92.99679994696433, 25.108276409834513], [92.99680449782956, 25.108354313746332], [92.9969779140019, 25.108935114103204], [92.99700258263793, 25.109074002593047], [92.99698745770347, 25.10916797521468], [92.99683372900891, 25.10966176486409], [92.99676504292397, 25.109815137117092], [92.99669231172531, 25.109880096087647], [92.99660674000798, 25.109936771966172], [92.99599143446255, 25.110325918074476], [92.99590911464654, 25.11035820993566], [92.99587325210375, 25.110351639149833], [92.9958120130525, 25.11029354160932], [92.99554639110447, 25.10990541868081], [92.9946077711085, 25.108546506938907], [92.99454013605244, 25.108444140867867], [92.99448448362396, 25.108336083949073], [92.99425501706949, 25.10774337450227], [92.99419751500983, 25.10761511935894], [92.99415611076007, 25.107574105113695], [92.99407053994105, 25.107572963049677], [92.99397030592165, 25.107598590345624], [92.993507159714, 25.10773579410325], [92.99338060415845, 25.107776391002318], [92.99323592060047, 25.10783539427777], [92.99273512420262, 25.108057431508442], [92.99259224985163, 25.108114174933295], [92.99252145272575, 25.108125362880912], [92.9924273802509, 25.108100231889125], [92.99205486237729, 25.107907062688067], [92.99191415386446, 25.107837940326718], [92.99184111005206, 25.107813436433723], [92.99173698722579, 25.107803897289084], [92.99114488875743, 25.10782407452728], [92.991042249948, 25.10784116966028], [92.99088377365715, 25.107924465287315], [92.99055600446111, 25.108136055447307], [92.99039130913356, 25.10825673537151], [92.99030247832837, 25.10837435505079], [92.99002607120704, 25.108819866918346], [92.98997334548973, 25.10889772249173], [92.98992105725199, 25.108938388146257], [92.98986957929465, 25.108896437276893], [92.98981857474945, 25.108817171219176], [92.98957701956617, 25.108407599140957], [92.98952103925262, 25.10832619751022], [92.98937360595156, 25.10819117034519], [92.98878951686224, 25.107738273452604], [92.98869195173755, 25.107658757732846], [92.98863111423326, 25.107587571544457], [92.98860219476929, 25.107451741515117], [92.98857681466757, 25.10684223592456], [92.98856843787756, 25.106748547033327], [92.9885375187638, 25.10667574644632], [92.98845680872878, 25.10664948609904], [92.9883536435066, 25.106644033596787], [92.9877637665719, 25.106635110136608], [92.98755198515043, 25.10663827768034], [92.98686576300321, 25.106667412733906], [92.98673498806076, 25.106670136950946], [92.98663707259311, 25.10665622221258], [92.98655230307133, 25.10660728227719], [92.98647408226797, 25.106542620914773], [92.9857038335057, 25.10586673920744], [92.98562566210967, 25.105802492311728], [92.98554126898198, 25.10575671309362], [92.98544434615272, 25.105751922698246], [92.9853412716604, 25.10576539014316], [92.9845340464444, 25.105895742666394], [92.98443172743522, 25.105918781925787], [92.98425623525627, 25.105975933066418], [92.98333391159785, 25.10629566513338], [92.98321062680826, 25.106341390462372], [92.98304661060705, 25.106420491369153], [92.98215115555881, 25.106895015204795], [92.98194899509402, 25.107010205636307], [92.98184525495006, 25.107084989188852], [92.98084704161644, 25.107841595086313], [92.98068046521666, 25.10796099251681], [92.98054700610818, 25.10804164359224], [92.97973803816055, 25.108516036681642], [92.97960033541065, 25.108588400174888], [92.97950094131603, 25.10861821885755], [92.97937067212511, 25.108641188462506], [92.97842460150216, 25.108787642978776], [92.97819164948436, 25.108833432450076], [92.97802409571756, 25.108906473340227], [92.97743767190683, 25.109199793154897], [92.9771540602969, 25.10934395883996], [92.9770177157997, 25.10940516411044], [92.97696323477436, 25.10940851622956], [92.97692239107336, 25.10934977156871], [92.97689722836392, 25.109259819845143], [92.97672572739975, 25.108519056945884], [92.97670186814582, 25.108425230242894], [92.97666603524746, 25.108340879123816], [92.97663518171069, 25.10830890884848], [92.97654756812274, 25.10826539922873], [92.97551324610797, 25.10792782802171], [92.97532067246387, 25.10784994580083], [92.97518906478317, 25.10773339284361], [92.97452261186041, 25.107037280159037], [92.97443651193367, 25.10694465458346], [92.97431177277166, 25.10678889453374], [92.97374099401989, 25.1060343067899], [92.97362463074958, 25.105907805272516], [92.97343688914339, 25.105820563050976], [92.97278907536447, 25.10557925440256], [92.9725716588112, 25.105486420292824], [92.97249075384175, 25.105428379822378], [92.97200085221168, 25.105001443000727]]}, "properties": {"OBJECTID": 41804, "Name": "NH 27", "Road_Type": "National Highway", "Class_Code": 1, "Lane": " ", "Oneway": " ", "T_Elevatio": 0, "F_Elevatio": 0, "SL": 90, "Remarks": " ", "Bridge_Fly": " ", "Shape_Leng": 9734.83403791, "ID": 41928, "Type": " ", "NSEW_Corr": "EW", "Shape_Length": 9734.834037905217}, "id": 41804}, {"type": "Feature", "geometry": {"type": "LineString", "coordinates": [[93.02984194593314, 25.12578721570155], [93.02830675835025, 25.125641086547986], [93.02798918772763, 25.125618414558065], [93.02687800046728, 25.125575216093562], [93.02677761193765, 25.12558694004477], [93.02662205427313, 25.125671145878364], [93.02621744588266, 25.125951548266926], [93.02612935528927, 25.125995339503785], [93.02608298874587, 25.126002693482576], [93.02598568053935, 25.12598865406812], [93.02538452974787, 25.12581197543858]]}, "properties": {"OBJECTID": 41806, "Name": "NH 27", "Road_Type": "National Highway", "Class_Code": 1, "Lane": " ", "Oneway": " ", "T_Elevatio": 0, "F_Elevatio": 0, "SL": 90, "Remarks": " ", "Bridge_Fly": " ", "Shape_Leng": 517.247854053, "ID": 41930, "Type": " ", "NSEW_Corr": "EW", "Shape_Length": 517.2478540530984}, "id": 41806}, {"type": "Feature", "geometry": {"type": "LineString", "coordinates": [[93.0289968782875, 25.126465678503816], [93.02984194593314, 25.12578721570155]]}, "properties": {"OBJECTID": 41809, "Name": "NH 27", "Road_Type": "National Highway", "Class_Code": 1, "Lane": " ", "Oneway": " ", "T_Elevatio": 0, "F_Elevatio": 0, "SL": 90, "Remarks": " ", "Bridge_Fly": " ", "Shape_Leng": 125.731784383, "ID": 41933, "Type": "", "NSEW_Corr": "", "Shape_Length": 125.73178438255019}, "id": 41809}, {"type": "Feature", "geometry": {"type": "LineString", "coordinates": [[93.02984194593314, 25.12578721570155], [93.03096585064299, 25.12536254757064], [93.03108892432849, 25.125319762181118], [93.03121696929077, 25.1252940466957], [93.03180054634038, 25.12524843093455], [93.03195397409934, 25.12525504809199], [93.03204458177213, 25.12529483561415], [93.03213082632763, 25.125348737438195], [93.03255839745341, 25.12563118849579], [93.03271701927132, 25.12575643092282], [93.03280099019084, 25.125851304070117], [93.03325713672578, 25.12639563783702], [93.03342990251785, 25.12661074611586], [93.03393114268347, 25.127260065260142]]}, "properties": {"OBJECTID": 41811, "Name": "NH 27", "Road_Type": "National Highway", "Class_Code": 1, "Lane": " ", "Oneway": " ", "T_Elevatio": 0, "F_Elevatio": 0, "SL": 90, "Remarks": " ", "Bridge_Fly": " ", "Shape_Leng": 581.639153043, "ID": 41935, "Type": " ", "NSEW_Corr": "EW", "Shape_Length": 581.6391530433712}, "id": 41811}, {"type": "Feature", "geometry": {"type": "LineString", "coordinates": [[93.04498026077803, 25.141436421333616], [93.04454219373646, 25.140510705351275], [93.04448747914914, 25.14037648549427], [93.04445403846437, 25.14021036211259], [93.04434857894495, 25.139513738316925], [93.04433323661823, 25.13939350807213], [93.0443297790027, 25.139201137319834], [93.0443487577097, 25.138214054998926], [93.04436273190225, 25.137949250122073], [93.04442923508107, 25.13722690207893], [93.04451594855713, 25.136189271176697], [93.04452531259564, 25.135900565450548], [93.04451077785434, 25.13506074884657], [93.04450053436517, 25.13491833109238], [93.04443318407505, 25.13474001040478], [93.04418626954279, 25.134238601827143], [93.04413490207823, 25.13415589910939], [93.04402289833196, 25.13402221227153], [93.0437059655132, 25.133666481312417], [93.04362514139216, 25.133571274291125], [93.04352661776505, 25.13343088714619], [93.04323554654499, 25.13297912151659], [93.0431657761935, 25.132878889593034], [93.0431004120785, 25.13280442435941], [93.04277535040474, 25.132488810912825], [93.0426831374425, 25.13240334514303], [93.04260223516799, 25.132343507926773], [93.04246349486395, 25.132274177363186], [93.0420818339374, 25.132103577278595], [93.04182261877395, 25.13197803556823], [93.04138056321254, 25.131745235811113], [93.0411196547248, 25.13162378938966], [93.04022779563262, 25.13125317333211], [93.03994177833437, 25.131125769964946], [93.03904602235048, 25.130699989117485], [93.03847712107768, 25.130434978451884], [93.03828409108941, 25.130357002406637], [93.03810281286171, 25.130330253483766], [93.03757528978753, 25.130283319641993], [93.03741873948465, 25.13026111940558], [93.03729070889541, 25.130229247578793], [93.03645064756083, 25.12999662097167], [93.03635497338983, 25.129958844612897], [93.03621127348707, 25.129853668675203], [93.03586046430063, 25.129553956363125], [93.03521549638452, 25.12900702925107], [93.03512014740363, 25.128922223879435], [93.03498536777167, 25.12877394893771], [93.03451776412356, 25.12822019150579], [93.03443985234067, 25.12812316820863], [93.03434745612212, 25.12797885388188], [93.03393114268347, 25.127260065260142]]}, "properties": {"OBJECTID": 41880, "Name": "NH 27", "Road_Type": "National Highway", "Class_Code": 1, "Lane": " ", "Oneway": " ", "T_Elevatio": 0, "F_Elevatio": 0, "SL": 90, "Remarks": " ", "Bridge_Fly": " ", "Shape_Leng": 2391.9473857, "ID": 42004, "Type": " ", "NSEW_Corr": "EW", "Shape_Length": 2391.9473856954687}, "id": 41880}, {"type": "Feature", "geometry": {"type": "LineString", "coordinates": [[93.04530502780436, 25.142843058388365], [93.04466207480944, 25.142588770945405], [93.04451876657215, 25.142526199038606], [93.04446108035788, 25.14248424668975], [93.04441736384456, 25.1424054781456], [93.04429847540997, 25.141987707680574], [93.04427727157602, 25.141896662637315], [93.04428179728842, 25.14181582166016], [93.04432529730775, 25.14176963143894], [93.04445875282296, 25.14169550992189], [93.04498026077803, 25.141436421333616]]}, "properties": {"OBJECTID": 41888, "Name": "NH 27", "Road_Type": "National Highway", "Class_Code": 1, "Lane": " ", "Oneway": " ", "T_Elevatio": 0, "F_Elevatio": 0, "SL": 90, "Remarks": " ", "Bridge_Fly": " ", "Shape_Leng": 280.762575324, "ID": 42012, "Type": "", "NSEW_Corr": "", "Shape_Length": 280.76257532389855}, "id": 41888}, {"type": "Feature", "geometry": {"type": "LineString", "coordinates": [[93.04498026077803, 25.141436421333616], [93.04530502780436, 25.142843058388365]]}, "properties": {"OBJECTID": 41889, "Name": "NH 27", "Road_Type": "National Highway", "Class_Code": 1, "Lane": " ", "Oneway": " ", "T_Elevatio": 0, "F_Elevatio": 0, "SL": 90, "Remarks": " ", "Bridge_Fly": " ", "Shape_Leng": 176.712027432, "ID": 42013, "Type": " ", "NSEW_Corr": "EW", "Shape_Length": 176.71202743198492}, "id": 41889}, {"type": "Feature", "geometry": {"type": "LineString", "coordinates": [[93.0491327132974, 25.143604684733845], [93.04822099694587, 25.143872262534757], [93.04806804798896, 25.14391328004675], [93.0479129664316, 25.143942574543644], [93.04687248287226, 25.14411422174365], [93.04677014499849, 25.144117462316366], [93.04666967562048, 25.144093669110756], [93.04592703747676, 25.143811638887097], [93.04578246710652, 25.143751695853584], [93.04572131878513, 25.143711736254485], [93.04566651706122, 25.143636685620585], [93.04561432943478, 25.143528236962435], [93.04530502780436, 25.142843058388365]]}, "properties": {"OBJECTID": 41899, "Name": "NH 27", "Road_Type": "National Highway", "Class_Code": 1, "Lane": " ", "Oneway": " ", "T_Elevatio": 0, "F_Elevatio": 0, "SL": 90, "Remarks": " ", "Bridge_Fly": " ", "Shape_Leng": 515.295990591, "ID": 42023, "Type": " ", "NSEW_Corr": "EW", "Shape_Length": 515.2959905914489}, "id": 41899}, {"type": "Feature", "geometry": {"type": "LineString", "coordinates": [[93.07591760495252, 25.176029043850953], [93.07541372553659, 25.175844057446557]]}, "properties": {"OBJECTID": 42094, "Name": "NH 27", "Road_Type": "National Highway", "Class_Code": 1, "Lane": " ", "Oneway": " ", "T_Elevatio": 0, "F_Elevatio": 0, "SL": 90, "Remarks": " ", "Bridge_Fly": " ", "Shape_Leng": 60.5311213956, "ID": 42218, "Type": " ", "NSEW_Corr": "EW", "Shape_Length": 60.53112139555675}, "id": 42094}, {"type": "Feature", "geometry": {"type": "LineString", "coordinates": [[93.07540718939458, 25.17593539096712], [93.07592711272146, 25.176127990783915]]}, "properties": {"OBJECTID": 42096, "Name": "NH 27", "Road_Type": "National Highway", "Class_Code": 1, "Lane": " ", "Oneway": " ", "T_Elevatio": 0, "F_Elevatio": 0, "SL": 90, "Remarks": " ", "Bridge_Fly": " ", "Shape_Leng": 62.5384770366, "ID": 42220, "Type": " ", "NSEW_Corr": "EW", "Shape_Length": 62.53847703658297}, "id": 42096}, {"type": "Feature", "geometry": {"type": "LineString", "coordinates": [[93.10455302160133, 25.186943814535965], [93.10401488493207, 25.18663334296751], [93.10390024822371, 25.186571619570792]]}, "properties": {"OBJECTID": 42132, "Name": "NH 27", "Road_Type": "National Highway", "Class_Code": 1, "Lane": " ", "Oneway": " ", "T_Elevatio": 0, "F_Elevatio": 0, "SL": 90, "Remarks": " ", "Bridge_Fly": " ", "Shape_Leng": 85.8968015993, "ID": 42256, "Type": " ", "NSEW_Corr": "EW", "Shape_Length": 85.89680159928564}, "id": 42132}, {"type": "Feature", "geometry": {"type": "LineString", "coordinates": [[93.1038774795245, 25.18666321412452], [93.10451050703386, 25.187004120034793]]}, "properties": {"OBJECTID": 42133, "Name": "NH 27", "Road_Type": "National Highway", "Class_Code": 1, "Lane": " ", "Oneway": " ", "T_Elevatio": 0, "F_Elevatio": 0, "SL": 90, "Remarks": " ", "Bridge_Fly": " ", "Shape_Leng": 82.0028031496, "ID": 42257, "Type": " ", "NSEW_Corr": "EW", "Shape_Length": 82.00280314963923}, "id": 42133}, {"type": "Feature", "geometry": {"type": "LineString", "coordinates": [[93.0491327132974, 25.143604684733845], [93.04956867378962, 25.143928964931487], [93.04964772373798, 25.143992192366433], [93.04970588156779, 25.14406306459617], [93.04971798007804, 25.144126653832355], [93.04970686432472, 25.144266752194756], [93.04961640577224, 25.1450029665197], [93.04960808647438, 25.145123052185323], [93.04957834415364, 25.14606805352829], [93.04958173529386, 25.146310012450524], [93.04959821309112, 25.146430644098512], [93.04971292525794, 25.14717794842625], [93.04973589517975, 25.147272103977766], [93.04980722141332, 25.14742391001355], [93.05003683798644, 25.147851803702036], [93.0501095098963, 25.147976062990235], [93.05015610461179, 25.148027631586327], [93.05024203026535, 25.148072372816692], [93.05071503997485, 25.14821883617429], [93.0508403567536, 25.148253477824717], [93.05094405647336, 25.14826888404933], [93.05107808870702, 25.148272427009058], [93.05237081740145, 25.14827290596324], [93.05351859304334, 25.148274590840987], [93.05370111903098, 25.14828908062616], [93.05389139568287, 25.148373627784924], [93.0547282967443, 25.148818570137692], [93.05481063003505, 25.1488771429462], [93.05487137411454, 25.148952836820403], [93.05493536111223, 25.149057850751202], [93.05529731569642, 25.14967499919907], [93.05543812482054, 25.149935684410902], [93.05586459191686, 25.150801896749314], [93.0559965957546, 25.151040874236195], [93.05629244241868, 25.1515317559709], [93.05635866442478, 25.151637101070914], [93.05643792008736, 25.15173255502238], [93.05653291513202, 25.151815883336052], [93.05700500676329, 25.15220416096141], [93.05711031177248, 25.152276217230845], [93.0572233413948, 25.152338490596524], [93.0577507252301, 25.152616489916753], [93.05858299547621, 25.153066781038405], [93.05883519659392, 25.153200270571524], [93.0592892392745, 25.153433918169434], [93.05951388726581, 25.15355658698394], [93.05997916517565, 25.153831305810378], [93.06006280102355, 25.15388824833156], [93.06019464855444, 25.154034452639706], [93.06055319852365, 25.15450801581437], [93.060609688182, 25.154587942566014], [93.0606515532675, 25.15467326351877], [93.06068058771578, 25.154840038040962], [93.06075663010458, 25.155495382686347], [93.06076968801555, 25.15568800990913], [93.06076416157991, 25.15621131774967], [93.06077215658594, 25.1564002035325], [93.06081157735557, 25.156538325771177], [93.06102246585168, 25.157133115817263], [93.06107588596667, 25.157265797553702], [93.06111586997997, 25.157319834062143], [93.06120091528456, 25.15736396043101], [93.0613013514249, 25.157393846078342], [93.06197163386571, 25.157571882423944], [93.06206787577199, 25.15757543405772], [93.06212988198446, 25.15754716653011], [93.06224432824997, 25.157454892297807], [93.06254554504285, 25.157189841324502], [93.0626611681014, 25.157066823274786], [93.06269687433729, 25.15697980135], [93.06272591148053, 25.156863242416293], [93.0628574580758, 25.156272627195897], [93.06288043338749, 25.1561797169589], [93.06291601026601, 25.156097916211916], [93.06294744321615, 25.156068765301264], [93.06303789098882, 25.156034219377467], [93.06361329606428, 25.155911264398483], [93.0638232341428, 25.155863920010685], [93.06397583096012, 25.155837202695974], [93.06404051684711, 25.155845198051022], [93.06409930888752, 25.155904673295844], [93.0641449163545, 25.155988401251488], [93.06428459360137, 25.156276239037762], [93.06451294893986, 25.15673622354323], [93.0650030526909, 25.157706991605984], [93.06506242324633, 25.15778002034751], [93.06512678124822, 25.157814716200683], [93.06522633434466, 25.15784674913778], [93.06584723819095, 25.158014419423637], [93.0659503037001, 25.158028070559297], [93.0660510838952, 25.158013714465902], [93.06617694145977, 25.157979573203683], [93.06690664116844, 25.157767500208518], [93.06713458597683, 25.157710957917896], [93.06723930618277, 25.157703521286273], [93.06824624036113, 25.15770302935947], [93.06833476484083, 25.157725928751976], [93.06837823431741, 25.1577727317046], [93.06843901702449, 25.157900793519886], [93.06864283757592, 25.158394689453747], [93.06865718097607, 25.158482286041828], [93.06862706495617, 25.158567727861755], [93.06857678175815, 25.158651701983935], [93.0682392254171, 25.159174565359642], [93.06812694498971, 25.159365853303886], [93.068079947829, 25.15950342416211], [93.06789644267774, 25.160158774653965], [93.0678598489063, 25.160347660829455], [93.06785680182084, 25.160467785058195], [93.06785612538947, 25.160997865679924], [93.06782487928893, 25.161842760351167], [93.06782434389302, 25.161963196140903], [93.06785217909042, 25.16215504073196], [93.06804520009551, 25.163135750933645], [93.06804908890237, 25.163230054344876], [93.06799692014054, 25.16338779378268], [93.06771019317321, 25.164035021262542], [93.06761703159007, 25.164205882428316], [93.06754098830294, 25.164303016080456], [93.067209481217, 25.164704849063817], [93.06703012897728, 25.16491128854186], [93.06659386754944, 25.165390642319164], [93.06643526729107, 25.165582666894174], [93.06605897110339, 25.16608133763912], [93.06598689208165, 25.16618162685356], [93.06594788992693, 25.166265191650368], [93.06594594956593, 25.166333020726203], [93.0659736311514, 25.166474323726728], [93.06610687646086, 25.16704386108966], [93.06613829773288, 25.167161153412497], [93.06619624356028, 25.167296534909752], [93.06643500857628, 25.167760335707694], [93.06650982476474, 25.1679396496456], [93.06651497660289, 25.168033413553157], [93.06650628450417, 25.168153064344313], [93.06644052782536, 25.168873084562765], [93.06643323620023, 25.169087800095745], [93.06647665447285, 25.169249135284097], [93.06669574368918, 25.169890999864585], [93.06674646706169, 25.170025822225313], [93.06678276079582, 25.170085841782704], [93.06685631305463, 25.17014884021266], [93.0676267307002, 25.17061444562601], [93.0677602140632, 25.170692143917226], [93.06801346441314, 25.170819855579037], [93.06856913440012, 25.171093810317238], [93.06865666534311, 25.171145479710937], [93.06879171896124, 25.17126113881275], [93.06938285263898, 25.171821234306766], [93.06951717143522, 25.17197005939219], [93.06958420731499, 25.172074200665158], [93.07010036759915, 25.172920779555547], [93.07016145483509, 25.173028035432143], [93.07023244689536, 25.173182518329856], [93.07056885788441, 25.17396283462012], [93.07063374858728, 25.17411963011036], [93.0706966540134, 25.174303184201865], [93.0709062695967, 25.174949393605715], [93.0709739468736, 25.175101900951375], [93.07104171667696, 25.17517102588824], [93.07166700520013, 25.175648789785726], [93.07181552995426, 25.175739851103653], [93.07191464018126, 25.175759354536655], [93.07201918611403, 25.17576639008026], [93.07265255228823, 25.175795229788662], [93.07281035484262, 25.17579712810041], [93.07291706571523, 25.175787197531395], [93.07355556845623, 25.17569672647387], [93.07368893503826, 25.17568132127436], [93.07384902111012, 25.175674067846604], [93.07438402984555, 25.175660911353543], [93.07459633318821, 25.175665613643517], [93.07480149941597, 25.175718261555765], [93.07553926419924, 25.175945016656396], [93.07581391152097, 25.176043664480964], [93.07660026438131, 25.176362290368562], [93.07674557945494, 25.176425318887194], [93.07692370369767, 25.176532831832795], [93.07744265864068, 25.17687894716909], [93.07752232932492, 25.176942475399475], [93.07764768562954, 25.177096020856656], [93.07813213538418, 25.177757638278877], [93.07855566768444, 25.1783038282424], [93.07864312586388, 25.178422616967488], [93.07874429413117, 25.17859016872347], [93.07901403126155, 25.179055671168246], [93.07939819040288, 25.179637653830863], [93.07993818119492, 25.180437148574722], [93.08006472058076, 25.18062114596522], [93.08043713245317, 25.18115112027501], [93.08093537044911, 25.181844344788246], [93.0813977027831, 25.18249797534367], [93.08149150396676, 25.182642181298945], [93.08185147686741, 25.18322291768075], [93.08191918917859, 25.183324410564456], [93.08198217814801, 25.183399886330623], [93.0824168208117, 25.18384548212677], [93.08256267577278, 25.183980605281512], [93.08265015820675, 25.18403473237982], [93.08367403101812, 25.184561280818606], [93.083861555232, 25.184653935308603], [93.0845677406398, 25.184995679271143], [93.08465999582283, 25.185043612282833], [93.08482352423883, 25.185164097503502], [93.08541557329988, 25.185680873069067], [93.08562016370753, 25.18587017493663], [93.0860707856035, 25.186316160838206], [93.08620703937085, 25.186429400141957], [93.08669223023558, 25.186798885306093], [93.08681529224299, 25.186887002883697], [93.08688155287666, 25.18691981101253], [93.08698243368306, 25.186937846171826], [93.08708881756891, 25.186942795150443], [93.08805477779055, 25.186966595442605], [93.08829418510197, 25.186981886221492], [93.08847277467203, 25.187031109347345], [93.08917973442757, 25.187263219139254], [93.08947461270778, 25.187375017096436], [93.09017258392065, 25.18766997416196], [93.09029321059529, 25.18771831826282], [93.09039126889508, 25.18774254436402], [93.09057062113482, 25.187720781355676], [93.09095936976895, 25.187633099283968], [93.09189177611812, 25.187426783639754], [93.09207051031694, 25.187381535775312], [93.09308481157898, 25.18710719656143], [93.0931873282175, 25.187085287929367], [93.09339781875993, 25.187067243037024], [93.09403314146485, 25.187032219777645], [93.09416539862748, 25.18702773009486], [93.09440560004964, 25.18704367525576], [93.095180191268, 25.18711771393903], [93.09590215019384, 25.187182639906812], [93.09603593898404, 25.18719259393443], [93.09622184892535, 25.187194392894156], [93.09760216605494, 25.187171788430646], [93.09769930088663, 25.18715221122381], [93.09777997858228, 25.187097690438076], [93.0978527537984, 25.18702756019739], [93.09845911392023, 25.186407923856482], [93.09854951498053, 25.18631853941661], [93.09862839604563, 25.18625564770636], [93.09872088389236, 25.18621155211614], [93.09976814164719, 25.18584714995066], [93.0999188807485, 25.185804002884087], [93.10002229300737, 25.185799461129477], [93.10012750459178, 25.18580946241917], [93.10052368229333, 25.185859755001072], [93.10152690553129, 25.18598344798435], [93.10184213424594, 25.186028129767525], [93.10270336887174, 25.18617147961285], [93.10283282418902, 25.186196049070535], [93.10302918513037, 25.186264910834804], [93.10407904171134, 25.186726257638316], [93.10431587085789, 25.186837795957786], [93.10518960823586, 25.18725744913959], [93.1053336099725, 25.187316153873997], [93.10543468571335, 25.187329969187306], [93.10556537082424, 25.18732772719658], [93.10617057032273, 25.18730043961372], [93.10627145831566, 25.18728385310454], [93.10634203265931, 25.187255519303076], [93.10647668652715, 25.18718050928145], [93.10696531075293, 25.186891951051464], [93.10755658366956, 25.186528358140503], [93.10773610389424, 25.186429206669235], [93.1079394618133, 25.186370028393277], [93.10861455563081, 25.186205467469712], [93.10877106191623, 25.18617108291164], [93.1089026857666, 25.186152415193003], [93.10953835162796, 25.186080607368957], [93.10967037702527, 25.186063647566623], [93.1098508988715, 25.18602896788106], [93.1105680823533, 25.185872561652904], [93.11074592542336, 25.185829422724503], [93.11096913700851, 25.185751329250973], [93.11178191920287, 25.18544879928263], [93.11195665589868, 25.185393923302595], [93.11206086316658, 25.185380645108253], [93.11309617512478, 25.18532836718314], [93.1133873972618, 25.185322427192016], [93.11404786021826, 25.185330662050323], [93.11417904838571, 25.185334612831102], [93.11427891409586, 25.185350836231457], [93.11436895942327, 25.18539544589697], [93.11483351688427, 25.185720945733756], [93.11495171092115, 25.185816597371073], [93.11507072332324, 25.18597581066163], [93.1154283974351, 25.186516578262868], [93.11555971855321, 25.18669814969583], [93.11567215708405, 25.186800946840954], [93.11634855076376, 25.187354221378648], [93.11703252622446, 25.18792707536657], [93.11713765965544, 25.188024655909135], [93.11715872694546, 25.188071517140397], [93.11711502750016, 25.188129029772337], [93.11703552929245, 25.188184394698393], [93.11666773206568, 25.18841932142078], [93.11658085509626, 25.188470319332744], [93.11648769171644, 25.18850350340636], [93.11633080005375, 25.188508502720982], [93.11600937386194, 25.188494999693688], [93.11528611776882, 25.18847026974604], [93.11518026838056, 25.18846411530328], [93.1150817465501, 25.18844333359066], [93.115000460695, 25.18839074482707], [93.11490824503784, 25.18830626280421], [93.11425395620229, 25.187679207918425], [93.11410051496863, 25.187548359858322], [93.11394402395456, 25.18745459633009], [93.11348715247915, 25.187193458052917], [93.1133962600404, 25.18714565595193], [93.11330746067625, 25.187123186421744], [93.11324453728383, 25.18714470485219], [93.11312229094672, 25.187231650783307], [93.11257517112463, 25.187659005671236], [93.11251471899759, 25.187730365468955], [93.11249398857576, 25.187818587237118], [93.11249120290006, 25.187914294943504], [93.11249467488865, 25.188762731823864], [93.11251347123765, 25.188930486404736], [93.11262131578412, 25.189576130512496], [93.1126508829334, 25.189715747463048], [93.11268117771804, 25.189774984267526], [93.11275668560924, 25.18982909090806], [93.11284983102273, 25.18987118467258], [93.11340395141585, 25.190101883573398], [93.11352453407306, 25.19014912362324], [93.11362449590295, 25.19017268511353], [93.11378387679729, 25.19017360042269], [93.11496597526956, 25.190117886046824], [93.11581079048861, 25.190061814788415], [93.11599543919526, 25.190057285385823], [93.1167081876945, 25.190055026374697], [93.11691712684643, 25.190065002928424], [93.11711801080521, 25.19012595231361], [93.117862552479, 25.190395066013757], [93.1179794780947, 25.190451367977772], [93.1180885290786, 25.190520351707868], [93.11873423810482, 25.190948750177682], [93.11889415888666, 25.191074940850104], [93.11896233562685, 25.19114993546772], [93.11947429628702, 25.19174694651298], [93.11956706440812, 25.1918654075502], [93.11961058149544, 25.19195089425525], [93.11976628558531, 25.19240421193687], [93.11981804291871, 25.192587071934067], [93.1198235253369, 25.192801307553445], [93.11980993921652, 25.193376394875393], [93.1198095969584, 25.19349563630247], [93.11982204491332, 25.19358799055392], [93.11989991806867, 25.19373604285021], [93.12015611399444, 25.194127509952178], [93.12026987574369, 25.19428785200773], [93.12037717860605, 25.19439345360898], [93.12083156893465, 25.194798078716094], [93.12096589671404, 25.194914712741618], [93.12163666155017, 25.19546842675683], [93.1217979064487, 25.19559466070476], [93.1219732468124, 25.195700469262146], [93.12275512426599, 25.19614582417007]]}, "properties": {"OBJECTID": 42180, "Name": "NH 27", "Road_Type": "National Highway", "Class_Code": 1, "Lane": " ", "Oneway": " ", "T_Elevatio": 0, "F_Elevatio": 0, "SL": 90, "Remarks": " ", "Bridge_Fly": " ", "Shape_Leng": 14551.6488923, "ID": 42304, "Type": " ", "NSEW_Corr": "EW", "Shape_Length": 14551.648892314362}, "id": 42180}, {"type": "Feature", "geometry": {"type": "LineString", "coordinates": [[93.12394560940976, 25.202106612294195], [93.1243809994718, 25.201441679975513], [93.12444492718068, 25.201336129191002], [93.12451025626139, 25.20117942724764], [93.12471800873882, 25.2005834378212], [93.12475863594585, 25.200445151718043], [93.12476151055476, 25.200256235018923], [93.12471300871594, 25.19961281776361], [93.12465466583319, 25.19876245365483], [93.1246237036003, 25.198496616265743], [93.12445828692559, 25.19753685532503], [93.12442124219987, 25.19737178114308], [93.12437780865591, 25.197286338884872], [93.12430670610286, 25.197185914323747], [93.12398019634485, 25.196748747722555], [93.12377468067245, 25.196468380424097], [93.12368313515847, 25.19635302974202], [93.12362869635393, 25.196307338128825], [93.1235361815578, 25.196274149678477], [93.1234336676142, 25.196254790151364], [93.12275512426599, 25.19614582417007]]}, "properties": {"OBJECTID": 42215, "Name": "NH 27", "Road_Type": "National Highway", "Class_Code": 1, "Lane": " ", "Oneway": " ", "T_Elevatio": 0, "F_Elevatio": 0, "SL": 90, "Remarks": " ", "Bridge_Fly": " ", "Shape_Leng": 863.467849078, "ID": 42339, "Type": " ", "NSEW_Corr": "EW", "Shape_Length": 863.4678490782101}, "id": 42215}, {"type": "Feature", "geometry": {"type": "LineString", "coordinates": [[93.1254761796521, 25.210639332536346], [93.12407514737204, 25.209681274140234], [93.12387773989342, 25.209554312751067], [93.12317076306988, 25.20910870860735], [93.12302834146978, 25.20900184211025], [93.12297236474947, 25.20892386183976], [93.12266274960704, 25.208343402428444], [93.12260845902452, 25.208235672915794], [93.1225821437766, 25.208148209618884], [93.12259240433377, 25.208057098564574], [93.12288002332818, 25.207154649235218], [93.12296552407861, 25.206902640012395], [93.12322118550678, 25.20620090933624], [93.12330950696722, 25.205949201305863], [93.12356542980513, 25.205184254019514], [93.12360374474862, 25.205043447002407], [93.12372566679392, 25.20452309197348], [93.12375207636495, 25.204380572454372], [93.12375627868387, 25.20421325693022], [93.12374732607374, 25.203685469403194], [93.12375149874825, 25.203422702131228], [93.12378065716403, 25.202876030629234], [93.12379003018572, 25.20278146609968], [93.12382908264607, 25.202594843503572], [93.12394560940976, 25.202106612294195]]}, "properties": {"OBJECTID": 42274, "Name": "NH 27", "Road_Type": "National Highway", "Class_Code": 1, "Lane": " ", "Oneway": " ", "T_Elevatio": 0, "F_Elevatio": 0, "SL": 90, "Remarks": " ", "Bridge_Fly": " ", "Shape_Leng": 1219.38279228, "ID": 42398, "Type": " ", "NSEW_Corr": "EW", "Shape_Length": 1219.3827922773135}, "id": 42274}, {"type": "Feature", "geometry": {"type": "LineString", "coordinates": [[93.13483493069, 25.215319432887128], [93.13489860148071, 25.214822616745295], [93.134913335648, 25.21472905139221], [93.13494090404576, 25.214640739403645], [93.134996535813, 25.214563682748516], [93.13508241924575, 25.21447405159], [93.13552395019104, 25.214030979222727], [93.13560823013098, 25.213939872572542], [93.13566692605164, 25.213859849018476], [93.13598028627051, 25.21335014919791], [93.13605234373271, 25.21322216271797], [93.13607158295115, 25.2131569182264], [93.13605871548303, 25.21306874813781], [93.13602693218996, 25.21297916464212], [93.1357974207197, 25.212395180225663], [93.13572166399517, 25.212190841665674], [93.13557572908401, 25.21177670270746], [93.1355243140087, 25.21159043931807], [93.13551507034444, 25.2114209254799], [93.13550221904599, 25.210739480231396], [93.13551429958993, 25.21057131843566], [93.1356208676304, 25.209687324290787], [93.1356504653224, 25.209521854515998], [93.13568837332903, 25.209406570656], [93.13600632483734, 25.20853620458915], [93.1360494799036, 25.20842217389], [93.13614467527259, 25.208223202661998], [93.13650816956913, 25.20752361393239], [93.1365799826896, 25.20739605290609], [93.13662628545258, 25.207342404345884], [93.13671270428122, 25.20729407291182], [93.13776488300722, 25.206928312285612], [93.13901851342723, 25.206503392633454], [93.13910102907597, 25.206454420398053], [93.13913912213559, 25.206398583426488], [93.13918864176561, 25.206264421462762], [93.13938904692236, 25.205641841563356], [93.13940031269436, 25.205551036677697], [93.13934606433264, 25.205397299505915], [93.13910795149354, 25.204916994457083], [93.13906152476305, 25.204832626309518], [93.1389999209958, 25.204761008312424], [93.13886967336444, 25.20468525968113], [93.13819383574192, 25.20435812479806], [93.13809763964969, 25.20432564241917], [93.13788687781604, 25.204320664886424], [93.13740422918356, 25.204344507298977], [93.13730277165875, 25.204363355920005], [93.13723574296553, 25.20439502224705], [93.13711018992984, 25.204479002996997], [93.13663530363971, 25.204816377056584], [93.13643481314301, 25.20497472752698], [93.1358471846915, 25.205475954207653], [93.13557083236739, 25.20570509632975], [93.13503353652122, 25.2061376670192], [93.13486535123877, 25.206291977889972], [93.13440021885603, 25.20682699674891], [93.13429199791543, 25.20696495130636], [93.13422607684494, 25.207095682597643], [93.13388726735407, 25.207881880680542], [93.13381087821558, 25.20803519939073], [93.13374123272992, 25.208138156521137], [93.13320022055342, 25.208888205223523], [93.1330937612091, 25.209027174207176], [93.13302441126918, 25.209100814277402], [93.13198289195232, 25.210112634327313], [93.13187920930056, 25.21022259318211], [93.13178474156697, 25.210391391843373], [93.13147375649369, 25.211075750297262], [93.13141670898159, 25.21120913566242], [93.13137048347372, 25.211345420752803], [93.13116324483259, 25.212009205025108], [93.13112425166105, 25.212095687822032], [93.13099663968673, 25.212246799516166], [93.13071735975312, 25.212538271466823], [93.13058514570959, 25.212649274120572], [93.13048983266133, 25.212680474220026], [93.13038684889882, 25.212699471093472], [93.12960421057218, 25.212825592897932], [93.12950175771402, 25.212828686164734], [93.12940087241603, 25.21280453738777], [93.12887994567099, 25.21260447531831], [93.12873642363465, 25.21253965311843], [93.1285900835833, 25.21243435577817], [93.12808690754827, 25.21203049961832], [93.12798351954389, 25.211953034127436], [93.12785089137704, 25.21187022481716], [93.12728690658379, 25.211538665166408], [93.12717238306317, 25.211475132222517], [93.12698278194435, 25.211387545278313], [93.12626444861898, 25.211070801486652], [93.12614577578006, 25.211016307664476], [93.12598740369378, 25.210931311427448], [93.1254761796521, 25.210639332536346]]}, "properties": {"OBJECTID": 42326, "Name": "NH 27", "Road_Type": "National Highway", "Class_Code": 1, "Lane": " ", "Oneway": " ", "T_Elevatio": 0, "F_Elevatio": 0, "SL": 90, "Remarks": " ", "Bridge_Fly": " ", "Shape_Leng": 3719.95823222, "ID": 42450, "Type": " ", "NSEW_Corr": "EW", "Shape_Length": 3719.9582322229}, "id": 42326}, {"type": "Feature", "geometry": {"type": "LineString", "coordinates": [[93.13483493069, 25.215319432887128], [93.13493757848256, 25.215986681208747], [93.13495504891823, 25.21608051135175], [93.13498790839301, 25.21616616066348], [93.13505520837745, 25.216234124499863], [93.13513790189263, 25.21629390673523], [93.13579950930276, 25.21674605206338], [93.13631421701108, 25.21708522233204], [93.13641920581328, 25.217158125278466], [93.13655218072985, 25.21727347493839], [93.1372266511165, 25.217911929951395], [93.13782961919986, 25.218456199039885], [93.13792586739434, 25.218538835639947], [93.13809983153901, 25.21864613261718], [93.13892844384527, 25.219072844930906], [93.13921266990285, 25.219204653847378], [93.14013890392769, 25.21958798530044], [93.1402593751938, 25.2196407271902], [93.1404413055984, 25.219740641549453], [93.14111054779015, 25.22013552282587], [93.14124285525845, 25.22021642320281], [93.14137121283444, 25.22030463768553], [93.14202622840702, 25.22077072916011], [93.14229692942966, 25.220970757484913], [93.14344154120515, 25.221844947636264], [93.14362171630168, 25.221986891646864], [93.14419690757808, 25.222497788917707], [93.14426613804208, 25.22257082514899], [93.14432096941043, 25.222653000608812], [93.14468924993079, 25.22332698551514], [93.14474502183523, 25.223437047826113], [93.14479978672821, 25.223572491929303], [93.14502971142348, 25.22418831304149], [93.14550034059745, 25.225396752060227], [93.14575194343719, 25.22606099520378], [93.14583605269723, 25.22631602028966], [93.14602597361629, 25.226971744385175], [93.14607139872527, 25.22713609092765], [93.14620236141559, 25.227747458635836], [93.14623048227726, 25.227912645205702], [93.14623164918879, 25.228102313726133], [93.14621629518396, 25.228601540336175]]}, "properties": {"OBJECTID": 42401, "Name": "NH 27", "Road_Type": "National Highway", "Class_Code": 1, "Lane": " ", "Oneway": " ", "T_Elevatio": 0, "F_Elevatio": 0, "SL": 90, "Remarks": " ", "Bridge_Fly": " ", "Shape_Leng": 2194.08293474, "ID": 42525, "Type": " ", "NSEW_Corr": "EW", "Shape_Length": 2194.0829347392473}, "id": 42401}, {"type": "Feature", "geometry": {"type": "LineString", "coordinates": [[93.14440161566505, 25.23914921687243], [93.14463234345418, 25.23869544926714], [93.14471775796635, 25.238496842017874], [93.14474864653738, 25.23832929551637], [93.14484234531311, 25.237701463133735], [93.14621629518396, 25.228601540336175]]}, "properties": {"OBJECTID": 42452, "Name": "NH 27", "Road_Type": "National Highway", "Class_Code": 1, "Lane": " ", "Oneway": " ", "T_Elevatio": 0, "F_Elevatio": 0, "SL": 90, "Remarks": " ", "Bridge_Fly": " ", "Shape_Leng": 1316.86371219, "ID": 42576, "Type": " ", "NSEW_Corr": "EW", "Shape_Length": 1316.8637121878508}, "id": 42452}, {"type": "Feature", "geometry": {"type": "LineString", "coordinates": [[93.14749893489946, 25.274726147055965], [93.14808640345086, 25.273776911170344]]}, "properties": {"OBJECTID": 42717, "Name": "NH 27", "Road_Type": "National Highway", "Class_Code": 1, "Lane": " ", "Oneway": " ", "T_Elevatio": 0, "F_Elevatio": 0, "SL": 90, "Remarks": " ", "Bridge_Fly": " ", "Shape_Leng": 133.909219886, "ID": 42842, "Type": "", "NSEW_Corr": "", "Shape_Length": 133.9092198857126}, "id": 42717}, {"type": "Feature", "geometry": {"type": "LineString", "coordinates": [[93.14749893489946, 25.274726147055965], [93.14630213010769, 25.274938330654894], [93.14622135269903, 25.27493799191788], [93.14620332800284, 25.27491961644796], [93.14621250519177, 25.274846050367195], [93.14654460247084, 25.273899125674596], [93.14659949582291, 25.273763634500558], [93.14668918541751, 25.273617630028564], [93.147295977629, 25.272717527620205], [93.14733158684687, 25.272632585898062], [93.14733288042088, 25.272564425332106], [93.14730592467413, 25.27242342828032], [93.14724009613012, 25.27213954906174], [93.1471080527665, 25.27154870513277], [93.14707341193254, 25.27135978679859], [93.14695555835712, 25.270674403787968], [93.14690553656885, 25.27036477630894], [93.14676877435505, 25.269451564350064], [93.14675149526057, 25.269283480519366], [93.14673997526536, 25.26861315590048], [93.14674244293747, 25.26847091784302], [93.14675631112883, 25.26840360223425], [93.14680350232564, 25.268323108431524], [93.14686510070298, 25.268246951785866], [93.14725125949415, 25.26779508576403], [93.14734414709116, 25.267680064314995], [93.1474279670937, 25.267558058825955], [93.14780418872122, 25.266979682006717], [93.14786276067437, 25.266872142553048], [93.1479119398429, 25.266759731198785], [93.14823390592218, 25.265989886828386], [93.14869544145056, 25.26495051830357], [93.14875065909445, 25.264813801809442], [93.14877343767512, 25.264719857365957], [93.14886651840989, 25.264045959018603], [93.14887602887383, 25.263950999302626], [93.14886441994541, 25.263863755622634], [93.14882366697422, 25.263810087295393], [93.14870532022374, 25.263716204629553], [93.148453885369, 25.263533825261316], [93.14787271310942, 25.263106580923655], [93.14771488001227, 25.262977230812837], [93.1476470554117, 25.26290221385965], [93.14712974797894, 25.262280081549005], [93.14706021478267, 25.26220657279977], [93.14694131466999, 25.262111251749776], [93.14642256544118, 25.26173484449563], [93.14633366277077, 25.261683471903993], [93.14616249777656, 25.261615955928807], [93.14556485670286, 25.26140117938911], [93.14541970152936, 25.26133999111881], [93.1453056648956, 25.26127640133239], [93.14456358101245, 25.260837200888105], [93.14441735414883, 25.260734770952595], [93.14435683913969, 25.260658555927257], [93.14374703936865, 25.259646978570604], [93.14314360775462, 25.258616514393314], [93.14306303606017, 25.258464036139767], [93.14303781496027, 25.258371402107237], [93.14297782456725, 25.257864068644544], [93.14297004875017, 25.257768409462926], [93.14298099472191, 25.25767862735741], [93.14303340602883, 25.257602307234702], [93.14310447354761, 25.2575318187262], [93.14347652609386, 25.25718422419902], [93.14359286151644, 25.257086149102303], [93.14377205385605, 25.256985501744033], [93.14416504702992, 25.256785882029597], [93.1443256298701, 25.256700178464357], [93.14535082230663, 25.25612356167379], [93.14550523551743, 25.256028261034587], [93.14561898379196, 25.255929561858142], [93.1461644417308, 25.25540934492993], [93.14623403421588, 25.255338451360856], [93.14628965250837, 25.255260382186115], [93.14634503095071, 25.2551018266421], [93.14657130579099, 25.25431013938445], [93.14660716384219, 25.2541698482819], [93.14662914561718, 25.25402576689633], [93.14673225065222, 25.253181059320987], [93.14674654913662, 25.253036096049826], [93.14674949650907, 25.252916275192746], [93.14674888385805, 25.25231616085859], [93.14673776181652, 25.252149942302623], [93.14671023384292, 25.252058956834993], [93.14638803330335, 25.25127589531624], [93.14631553656497, 25.25112330872462], [93.14617755084575, 25.250946501928354], [93.14575377510205, 25.25044814544927], [93.14566467749722, 25.250329596826337], [93.14562807564097, 25.250241701497906], [93.14560003023782, 25.25012481501795], [93.14548144184052, 25.24955734082441], [93.14544449053962, 25.24941761947548], [93.14538617730126, 25.24928591806136], [93.14519065628474, 25.248896688913835], [93.14511168359148, 25.248746745627724], [93.14500730833863, 25.248582008241808], [93.14468460114922, 25.248092328486397], [93.14453334192336, 25.247841185710037], [93.14416833486386, 25.247176270192483], [93.14402407800564, 25.246944985615915], [93.14352509710295, 25.246221862596784], [93.14344350761729, 25.246096011867465], [93.14338673768458, 25.245988416544723], [93.1430763212449, 25.245354098405326], [93.1430178472081, 25.24522276878216], [93.1430041577815, 25.245156792316603], [93.14302157162328, 25.245068303357204], [93.14305678198917, 25.244979458449883], [93.14331757998414, 25.244379520228833], [93.1433943437201, 25.244177689232085], [93.14340981989584, 25.244083426566547], [93.14346591519374, 25.243388441501274], [93.1434727118472, 25.243268728946024], [93.1434650438279, 25.24314906177466], [93.14334751993424, 25.242479898643055], [93.14331444127052, 25.242192221497273], [93.14327130237396, 25.24166384632852], [93.143232712546, 25.24110903107789], [93.14323311229629, 25.240941562119033], [93.14325650083302, 25.240849222679902], [93.14357408672701, 25.239982703956148], [93.14364512190639, 25.239830203126388], [93.14371092799252, 25.239756515842572], [93.14380545591327, 25.239671373114994], [93.14440161566505, 25.23914921687243]]}, "properties": {"OBJECTID": 42719, "Name": "NH 27", "Road_Type": "National Highway", "Class_Code": 1, "Lane": " ", "Oneway": " ", "T_Elevatio": 0, "F_Elevatio": 0, "SL": 90, "Remarks": " ", "Bridge_Fly": " ", "Shape_Leng": 5274.99512927, "ID": 42844, "Type": " ", "NSEW_Corr": "EW", "Shape_Length": 5274.995129265591}, "id": 42719}, {"type": "Feature", "geometry": {"type": "LineString", "coordinates": [[93.91931031301252, 24.882551847114062], [93.91790373183895, 24.883084442903307], [93.91775747083933, 24.883137518835326], [93.91758095188602, 24.883188591665206], [93.91701995758434, 24.883336537486315], [93.9168408047706, 24.88337032168093], [93.91663323285452, 24.88334742972616], [93.91598239714297, 24.88323261865723], [93.91577423054218, 24.883203708475587], [93.91556364298171, 24.883227254024582], [93.91435134764116, 24.883458477384846], [93.91322593376165, 24.883676080568], [93.91307381484806, 24.883715008438404], [93.91298590122278, 24.883764183898922], [93.91288647748377, 24.883843772087825], [93.91253503588338, 24.884142026870187], [93.91242383523097, 24.884245654824323], [93.91237616343548, 24.88430390822797], [93.91204641255594, 24.884777279269723], [93.91197797710096, 24.884846910217544], [93.91188757154906, 24.884891793090183], [93.91127629854095, 24.88508805207453], [93.91117607709798, 24.885116357152135], [93.91108544247568, 24.88511949455454], [93.91103229095697, 24.88508364667147], [93.91094263549836, 24.884968159210608], [93.91084208347534, 24.88482276927684], [93.91043668905898, 24.884249521598154], [93.9103881018802, 24.884164379203316], [93.9103307489409, 24.883956097905678], [93.91019455086908, 24.883316713705145], [93.91017094583836, 24.883224787255084], [93.91012935743396, 24.883148002001533], [93.91007170625397, 24.883113496539316], [93.90992532488012, 24.883070617731637], [93.90949288488548, 24.882963478914455], [93.90934000869213, 24.882934279371746], [93.90907955026033, 24.88294007755672], [93.90863536120011, 24.882965316567894], [93.90853976787746, 24.882951408260634], [93.90847835634969, 24.88291472119132], [93.9083691903814, 24.882811187466853], [93.90808511973238, 24.882519545047575], [93.90676067152526, 24.88117771505569], [93.90668264116472, 24.88111250551301], [93.90652055813803, 24.881028263905836], [93.9061334336579, 24.880854257685534], [93.90598673787369, 24.88080057934815], [93.90588479346198, 24.880796309071926], [93.90578021429155, 24.88081083045528], [93.90538508043237, 24.880880550022326], [93.90520501582861, 24.880920697105072], [93.905113716453, 24.880965490131317], [93.90480047391345, 24.881189607411912], [93.90405024231066, 24.881731075535328], [93.90392820258606, 24.881824038059882], [93.90378674218333, 24.88196738523267], [93.90323234241414, 24.88258537400655], [93.90304083956188, 24.882816616496626], [93.90250393987276, 24.883505567566313], [93.90153533590922, 24.884737359985923], [93.90104147809862, 24.88537005132735], [93.90023463107335, 24.886397885685454], [93.89943547632187, 24.887439455499784], [93.89926579175125, 24.88765660347843], [93.8984918652862, 24.888631146427073], [93.89779166625145, 24.889529928778032], [93.89709870224803, 24.890409392056473], [93.89634098498398, 24.891377134391593], [93.89582327959755, 24.892042139379527], [93.8934942112722, 24.895076801577485], [93.89331890414617, 24.895318202949987], [93.8928317953783, 24.8960624223497], [93.89275418003945, 24.896211072249095], [93.89274326011888, 24.896302611763662], [93.89276423937402, 24.8968247200264], [93.89276000561405, 24.896966991321737], [93.89273914493653, 24.897086628087155], [93.89264550185636, 24.897542108663043], [93.89262259302, 24.897635346919984], [93.89258162804641, 24.897714063267895], [93.89250156030681, 24.8977599893305], [93.89240361519475, 24.89779154754858], [93.89166987755891, 24.89800096256229], [93.89147502578726, 24.89807289119146], [93.89136147604042, 24.89813453425813], [93.89023891700685, 24.898776168863265], [93.8899728081719, 24.898935127838683], [93.88916303802871, 24.899441512887133], [93.88902951064826, 24.899520222379575], [93.88886387837788, 24.89959934330296], [93.88728123998503, 24.90031307687601], [93.88696656103933, 24.90044880449779], [93.88564855644773, 24.900994816269602], [93.8851812977527, 24.901185042927366], [93.88508711209009, 24.901227368711993], [93.8850159206038, 24.901282213931406], [93.88499603729332, 24.90136476567348], [93.88505712722423, 24.90226138574538], [93.88510040446133, 24.90247581964718], [93.88527963722514, 24.903112719749096], [93.88532662630102, 24.90330228968129], [93.88534348228903, 24.903471881522663], [93.88539058006106, 24.904202241179505], [93.88540258065494, 24.904469349820662], [93.88542570149374, 24.905269180419126], [93.88542697260986, 24.905390101372145], [93.88541250793712, 24.90550926066286], [93.88537876541845, 24.90562628512969], [93.88513154096742, 24.906395818370672], [93.88508405691982, 24.906534907555386], [93.88500768035773, 24.906717197174924], [93.8839788335746, 24.909075774811985], [93.88304665360091, 24.91118469073778], [93.88253677074395, 24.912352940786054], [93.88247385094483, 24.91251144150526], [93.88206258873302, 24.91360331189102], [93.88203748621073, 24.913695616563903], [93.88202992958254, 24.913863851461876], [93.88204509314454, 24.914664209385084], [93.88204369356934, 24.91478520830481], [93.88202128689122, 24.914952066481547], [93.88189345842291, 24.915640143269027], [93.88186265698846, 24.915830349793247], [93.8818522221581, 24.916023068576525], [93.88182916779466, 24.916747189910144], [93.88182210523989, 24.917063044162056], [93.88180321546612, 24.918431347694657], [93.88180329541616, 24.918723465778406], [93.88182903214906, 24.919665776594357], [93.88183207025136, 24.91983493045558], [93.88183235950885, 24.92109208199472], [93.88183597253294, 24.92272823029797], [93.88182491876336, 24.923714451374973], [93.88183618273872, 24.92553570564325], [93.88184756439335, 24.927604369539253], [93.88184512456904, 24.92860409308336], [93.88184780244693, 24.928920936869204], [93.88186897214491, 24.93006586353494], [93.88186984620566, 24.930381343978013], [93.88185175233922, 24.932050344823985], [93.88185199668096, 24.932365122892158], [93.8818619419295, 24.933286069422355], [93.88187764807392, 24.934531554188286], [93.88187767232844, 24.934847276535674], [93.88186382479832, 24.936128155825127], [93.8818561882201, 24.937445302493128], [93.88187505823095, 24.940409311803567], [93.88188563769005, 24.941249978370163], [93.88187883654504, 24.94153779212775], [93.88181895305156, 24.942544996514073], [93.88180082504914, 24.942711452210688], [93.88175777957736, 24.942851493343714], [93.88141670094205, 24.943775738511036], [93.88137731161349, 24.943891978117627], [93.88134106459177, 24.944057811329614], [93.88123390545985, 24.944679271741], [93.88121304208737, 24.9448228651821], [93.88121389189365, 24.94503901537862], [93.88125246465361, 24.94588108714497], [93.8812693422012, 24.946072775838747], [93.88130641477463, 24.94623907852828], [93.88152670773344, 24.947139621578714], [93.88167469619334, 24.947776176154687], [93.8817398492043, 24.948036001681412], [93.88197978023352, 24.948935037822178], [93.88205326691534, 24.94921858444879], [93.88234719837125, 24.95039797124988], [93.88258412453585, 24.95130094441238], [93.88277764500424, 24.95206777442306], [93.88301077488846, 24.952941294184285], [93.88308958498666, 24.953247566415303], [93.88334703496055, 24.95428238599195], [93.88357341400543, 24.95520306443408], [93.88364576701335, 24.955485664088656], [93.88395844091933, 24.956660203604518], [93.88416761183662, 24.957476119437583], [93.88444373509033, 24.9585797948366], [93.88451755864041, 24.95888592354833], [93.88468659103414, 24.959618036570962], [93.88475164253545, 24.95987592486229], [93.88491305452065, 24.960456926095105], [93.88498002751832, 24.96071289550722], [93.88519630680447, 24.96157741991398], [93.88541322299612, 24.962407790501192], [93.88548387908646, 24.96269020259323], [93.88565313785567, 24.963391709295408], [93.88593749506728, 24.96448405893337], [93.8862467203409, 24.965686612684358], [93.88659939442988, 24.967023687620525], [93.88701066472652, 24.968652568579376], [93.88743564780596, 24.970285217946167], [93.88763373980083, 24.97107562378448], [93.88770630031959, 24.971355450000015], [93.8879426569523, 24.972243697741256], [93.88801379633631, 24.97252598058297], [93.88826182567783, 24.97356755088788], [93.88833392625914, 24.9738511726968], [93.88878734101733, 24.97556140019313], [93.88900915212898, 24.97642667611762], [93.88928551613118, 24.977475678077035], [93.88952629517007, 24.97843044684012], [93.88971913830875, 24.979230840511708], [93.88979117780464, 24.97951369197662], [93.89016589834728, 24.98092916502922], [93.89024374455319, 24.981235630620148], [93.89053956696279, 24.982460457742253], [93.89078022203414, 24.983496130923275], [93.89096466412826, 24.984273878156834], [93.89101703051942, 24.98448562073617], [93.8912348881455, 24.985282168389933], [93.89128158886217, 24.985446412612703], [93.8915820555618, 24.98645774174444], [93.89167150800114, 24.98671160762428], [93.89188240458208, 24.98723331577941], [93.89217887647362, 24.98786594032327], [93.8922237787631, 24.987951312363624], [93.89230421750689, 24.9880748236576], [93.89264319138947, 24.988560722076752], [93.89271569800933, 24.98866070002238], [93.89284575519783, 24.988812447089664], [93.89321646925434, 24.989221616893104], [93.89331943864377, 24.989331681683282], [93.89344774950739, 24.989454534514874], [93.89443402423086, 24.99037273104872], [93.89466265714876, 24.990576373922686], [93.8961244487797, 24.991822571235648], [93.8970249388851, 24.992607428305146], [93.89727341019776, 24.992827070532876], [93.89786425910957, 24.99335792544596], [93.89809421524589, 24.993559480669035], [93.89878783591779, 24.994152308491923], [93.8990353765758, 24.99437053452949], [93.9000310027614, 24.995279624359924], [93.90019493452095, 24.99543921195484], [93.90129907449794, 24.99660064369857], [93.90211403151356, 24.997459134477044], [93.90237055352777, 24.997736709737737], [93.90327949139014, 24.998751043766692], [93.90392080226474, 24.999484897915398], [93.90413784871211, 24.999729931022646], [93.90454423217359, 25.000182737065373], [93.90474022480566, 25.000412204726018], [93.90550050586155, 25.00136591934854], [93.90604978882686, 25.002081753255773], [93.90617475346602, 25.002238919733852], [93.90629735194273, 25.002367915333934], [93.90690765387205, 25.002983864302283], [93.90714744296747, 25.0032109918098], [93.9080729251024, 25.004039343964585], [93.90816557374755, 25.004125320247123], [93.90828469215086, 25.00425387179834], [93.90900662682219, 25.005083214213787], [93.90912321556964, 25.00521438051598], [93.90975326426553, 25.005882365420426], [93.90994094837954, 25.006087246905462], [93.91039117411847, 25.006592153508205], [93.91059852864223, 25.00681072949859], [93.91111925506297, 25.007324579290238], [93.91154635008166, 25.007730365933046], [93.91169696791039, 25.007868854662522], [93.9124780916775, 25.00850945530306], [93.91299690109344, 25.00891957225206], [93.91313080217306, 25.00903513567517], [93.91374304266675, 25.00966262507545], [93.91391543026809, 25.009844315933343], [93.91447750524303, 25.010450689641868], [93.91462032389848, 25.01062227986109], [93.91470276858031, 25.010773465772754], [93.91505861462053, 25.011476656018008], [93.91533469655177, 25.01202685896087], [93.91541920286717, 25.012177367465796], [93.91549248652973, 25.012278903861755], [93.91582803513613, 25.012718979689026], [93.91596068486255, 25.012870337229348], [93.91655400593805, 25.013424800422587], [93.91668851697372, 25.013539815814013], [93.91687381426402, 25.01362694385354], [93.91768135478867, 25.013927385288046], [93.91797964756529, 25.01402690381741], [93.91861235886766, 25.014211688957523], [93.91880650546182, 25.01428284638113], [93.91888667021948, 25.014341963889407], [93.91947450438519, 25.014895085393377], [93.91957905660617, 25.015000668630464], [93.91961594143173, 25.015058553320955], [93.91962970811348, 25.015147338502217], [93.91957016238653, 25.016007262634055], [93.91957782771087, 25.01624597186242], [93.91963781271396, 25.01698585770735], [93.91966433367611, 25.01719945039284], [93.91970350561236, 25.017339783630224], [93.91994194274328, 25.01810778599908], [93.92001354026807, 25.018289452965117], [93.9202789322474, 25.01892022525165], [93.92055179641325, 25.01953668788537], [93.9208183984233, 25.020132965509468], [93.92090452440115, 25.020332774696353], [93.92113848792195, 25.020915770298856], [93.92118327612538, 25.02099926587142], [93.92125202149914, 25.02106690120784], [93.9213366239343, 25.02112370935889], [93.92199747855621, 25.021531203774238], [93.92219646886635, 25.021650095197366], [93.92297465244752, 25.02210327626891], [93.92308440501566, 25.02216923577847], [93.92316386818909, 25.02222915942209], [93.92322614299783, 25.02230510016035], [93.92380831328572, 25.02322876786522], [93.92393571505423, 25.023440433544994], [93.9242624161534, 25.024018189380065], [93.92431945558069, 25.0241259340549], [93.92434982402717, 25.02421564388264], [93.92435870477208, 25.02438328492846], [93.92435698539663, 25.0249650476416], [93.92434470452838, 25.025229151185922], [93.9242995327443, 25.025802180778122], [93.92427515246752, 25.025971070740997], [93.92411486696969, 25.02698308212014], [93.92411027568023, 25.027078939407644], [93.92412621269172, 25.02717313693546], [93.92430483729606, 25.02780564045788], [93.92434202305724, 25.027921355409383], [93.92440600376676, 25.028053491165725], [93.9247002370566, 25.02856876683696], [93.92479331509644, 25.02874240163272], [93.92483001397073, 25.028832664019916], [93.925517777627, 25.030770412392805], [93.92556712657712, 25.030882843534673], [93.92563700472643, 25.03101244147879], [93.92596002273292, 25.03159244802524], [93.92602900616023, 25.031722468468526], [93.92624571573936, 25.0322165639425], [93.92629190621298, 25.032329255032618], [93.92631467401385, 25.03242035883206], [93.92630690538329, 25.03251412901349], [93.92628535210466, 25.032608827007984], [93.92607597996476, 25.033438673803463], [93.92592190002891, 25.034004636819564], [93.92586223482606, 25.034264936980605], [93.92574342634151, 25.03488212424838], [93.92572003780478, 25.03504855426312], [93.92569353031739, 25.035643656922915], [93.92569748110799, 25.035785346211604], [93.92571949432404, 25.035879471128553], [93.92597420443634, 25.036647499102124], [93.92603421369394, 25.036833942297406], [93.92622939874055, 25.03751081388161], [93.92631100978578, 25.037767126633334], [93.92656733686559, 25.03851133474022], [93.92689519319819, 25.03948048018474], [93.92693106741908, 25.039596475496754], [93.92696621220797, 25.039785480393178], [93.9270921748754, 25.040666051769932], [93.92710903445665, 25.040835902810688], [93.92720951461442, 25.041953046423636], [93.92732798623074, 25.043439213964568], [93.92743600235545, 25.044710061144947], [93.92745278378327, 25.044998191037724], [93.9274675781377, 25.045671761361028], [93.92746520389039, 25.045936681378045], [93.92743107150285, 25.046515949191438], [93.92741497638792, 25.046708486884494], [93.9273875041099, 25.04684965067147], [93.92719599586773, 25.047693568337547], [93.92715253896755, 25.047856539268622], [93.92710998756918, 25.04797201312979], [93.92681136511085, 25.048729646863443], [93.92675909573771, 25.0488678899432], [93.92670590559145, 25.049078813125735], [93.92655866363152, 25.049811555854827], [93.92653787661585, 25.049930073999164], [93.92651839305563, 25.05012388321058], [93.92645950130226, 25.050827828619283], [93.92644629247434, 25.051140714101557], [93.92644259860188, 25.051809726728358], [93.92644568251824, 25.052073792008148], [93.92646522536727, 25.05267732684818], [93.92650886911701, 25.053650899675386], [93.92654823329275, 25.054805398151757], [93.92656540189448, 25.055358173674847], [93.92658005072181, 25.055549113047615], [93.92663641820926, 25.055736423475935], [93.92690412155382, 25.0565037110513], [93.92720947868185, 25.057405290253755], [93.92725410249355, 25.057545302447004], [93.92743030074834, 25.05813411294438], [93.92752858183032, 25.05843760360462], [93.92782096638729, 25.059296399157176], [93.92787272731398, 25.05945966470283], [93.92790526878514, 25.05960179193882], [93.92808888173427, 25.060506936166902], [93.92813248416151, 25.060696291288654], [93.9281814935485, 25.060833722586302], [93.92839677839959, 25.06137872571259], [93.92844324555429, 25.06146325486211], [93.92850940557665, 25.06153490567417], [93.92914190307998, 25.062075584731065], [93.92928372999536, 25.062177411022663], [93.92937941853941, 25.062210679868937], [93.92994221486157, 25.06233216592707], [93.93019499000272, 25.06239453068727], [93.93033807366118, 25.062457772622928], [93.93085154977928, 25.06271561023775], [93.93093904748457, 25.062769012339686], [93.9311031939415, 25.062924865036017], [93.93143486272416, 25.063270555289055], [93.9316036283183, 25.063458104543535], [93.93211384355189, 25.064052210832617], [93.932194100836, 25.064149191379165], [93.9322636834396, 25.064251994043506], [93.93263609082041, 25.06492236887043], [93.93270820038492, 25.065076754134324], [93.93272602206184, 25.0651708297111], [93.93278543932965, 25.065894334165502], [93.93285278872146, 25.066564393237183], [93.93287187342968, 25.06670726084258], [93.93289993320589, 25.066825699992155], [93.93316632770507, 25.067791330988708], [93.93326295139536, 25.068092117405577], [93.93354450406663, 25.06889262149256], [93.93376131874868, 25.06949564630986], [93.93386571825606, 25.069771480893817], [93.93409958386049, 25.070336303833194], [93.93413052183885, 25.070428085667125], [93.93415878283771, 25.07059390354439], [93.93424554841606, 25.07128765559941], [93.93425909770548, 25.071455012601657], [93.93424591852197, 25.071598204854844], [93.93412763285693, 25.072409452504896], [93.93411353379855, 25.07259925464746], [93.93416398947309, 25.072783809156128], [93.93443599664617, 25.073563578950157], [93.93447294794707, 25.073653320143638], [93.93457012949115, 25.07382201889359], [93.93493122798087, 25.074404292357478], [93.93499799167107, 25.074506952975362], [93.93510290052323, 25.074648287340736], [93.9357940921506, 25.075547352278686], [93.93588327958695, 25.075668883692423], [93.93594971269717, 25.07577401348349], [93.93632055700937, 25.076392500253977], [93.93638240601669, 25.07649955043377], [93.93641898541506, 25.076587827361017], [93.93642781136272, 25.076681545044224], [93.93639221022971, 25.07730977460394], [93.93638202962256, 25.07743026200026], [93.93635931122904, 25.07757276788092], [93.93622755981791, 25.078283561763012], [93.93621017472222, 25.078474196093513], [93.93621849042678, 25.078570883705094], [93.93634395812252, 25.079635435011472], [93.93636531017853, 25.07977988531986], [93.93640101551614, 25.079922111834932], [93.93656008289842, 25.080488428944157], [93.93668082186251, 25.081024956271925], [93.93671755756772, 25.08116345499982], [93.93678297378501, 25.08132166491359], [93.93701665703145, 25.081836378227123], [93.93707064667835, 25.08194684730244], [93.93717293783978, 25.082117826551396], [93.93806393095598, 25.083541402791894], [93.93942003848869, 25.08569143752708], [93.93993587897259, 25.086524826829056], [93.94009574675381, 25.086774465828206], [93.94092172789466, 25.08802098618922], [93.94107742479798, 25.08827407653043], [93.94135092407278, 25.088769046400003], [93.94149512254049, 25.08899865668433], [93.94200754673139, 25.08975647357209], [93.94216780977133, 25.090007638712496], [93.94279163044733, 25.091027847491397], [93.94294901887838, 25.09127955184271], [93.94333394787593, 25.091876655279176], [93.94348844732502, 25.09212683331304], [93.94384071447719, 25.09271588268891], [93.94398378286428, 25.092946753052043], [93.94450497730728, 25.09376362063512], [93.94467691664929, 25.094037579057485], [93.94519986460372, 25.09488526120535], [93.94556709229862, 25.095463606881477], [93.94574233384762, 25.095734180530247], [93.94632158371247, 25.096614059367646], [93.94641672877582, 25.096761189669206], [93.9472618341507, 25.09811370729834], [93.94769211459538, 25.098791513465702], [93.94834614561441, 25.099827627520035], [93.94897360716224, 25.100835747436605], [93.94956466627984, 25.101788919436018], [93.95057603364414, 25.103376441833756], [93.95112219945544, 25.104257895053752], [93.95128224510307, 25.10450986096068], [93.95185695128924, 25.10539193968896], [93.95201690620708, 25.105645874245564], [93.95274915892776, 25.106837299965797], [93.95339160347622, 25.10786419228442], [93.95354801993014, 25.10811817457995], [93.95391064196255, 25.108716738893857], [93.95408264957655, 25.108989483542246], [93.95471597532658, 25.109959484282673], [93.9551748976558, 25.110646035713074], [93.95533525501882, 25.110898616411717], [93.95599572067023, 25.111981165327673], [93.95642001653849, 25.112694685133263], [93.95652255024503, 25.112861927758367], [93.95702327567597, 25.11365339257535], [93.95759161011182, 25.114542612783065], [93.95809575003916, 25.11530872816811], [93.95818984946348, 25.11545451016241], [93.95908651184747, 25.116880778716517], [93.95959911300646, 25.117681668041598], [93.95974494461139, 25.117914385606515], [93.9602018511211, 25.118657157512285], [93.96081847359673, 25.119647380453884], [93.96150594799546, 25.120730921438472], [93.96202635551427, 25.121574314418254], [93.96247804640545, 25.122262149937608], [93.9625568484188, 25.122388628837573], [93.96264517616741, 25.12258838025529], [93.96297448507583, 25.123422734073593], [93.9630168882522, 25.123535956125625], [93.9630624786512, 25.12372396608559], [93.9631852406213, 25.12441752343686], [93.96320891302564, 25.12453632558981], [93.96324898956541, 25.124649311559747], [93.96330887216057, 25.124755076756465], [93.9636543830835, 25.125319255484115], [93.96382824392185, 25.125615720855993], [93.96423525800068, 25.126347840373878], [93.9643766106056, 25.126578524426897], [93.96464148695195, 25.126964007278783], [93.96474173893766, 25.12713023733018], [93.96477040687334, 25.12722293788588], [93.96490419835847, 25.12789501643755], [93.96493068159137, 25.12801443656997], [93.96498289616726, 25.12817753236508], [93.96521651922656, 25.12882382504562], [93.96530556472912, 25.129103281658132], [93.96552706053208, 25.129901950299146], [93.9655484269611, 25.129996586813636], [93.96556889327825, 25.130189795924036], [93.96562626508218, 25.130917431251422], [93.96562891870553, 25.131086164076656], [93.96560890064774, 25.131180314146206], [93.96542477386228, 25.131763163644678], [93.96538786388386, 25.13190417811433], [93.96536964874485, 25.132023198263106], [93.96531565999626, 25.132453746768128], [93.96527581162859, 25.132715755345593], [93.96516749995816, 25.13330836238547], [93.9651158638973, 25.133495434251287], [93.96493529713528, 25.133979682025778], [93.96488392697577, 25.134167697870136], [93.96482267804308, 25.134626652351216], [93.96480440810684, 25.134844617736103], [93.96480751717603, 25.134966398455024], [93.96483264395283, 25.135526465397138], [93.96491736586394, 25.136485471072255], [93.9649445776305, 25.1366749420152], [93.96501939292062, 25.136851504089957], [93.96535847100776, 25.13755001921113], [93.96587975707894, 25.13870028785736], [93.96591210002244, 25.138792301399256], [93.96593227169213, 25.138935259497412], [93.9659898869395, 25.13973269036192], [93.96600112306707, 25.13985320652651], [93.96603045665438, 25.140019061218336], [93.96617889067865, 25.140726329558156], [93.96621061558123, 25.140943438312586], [93.96631830471918, 25.1417668096062], [93.96634954273485, 25.14203300898453], [93.96641067668322, 25.142637510246548], [93.96642665232223, 25.142733049304034], [93.96647855608103, 25.14289308976402], [93.96678152638533, 25.143709409702588], [93.96686094643958, 25.14388617954068], [93.96692586499023, 25.143991088862858], [93.96746403399885, 25.14482256416204], [93.96778810393255, 25.145291279909657], [93.96788975279851, 25.145432024229724], [93.9679685862529, 25.14552754239683], [93.96840759562721, 25.146034860344116], [93.96861485762449, 25.146284028157094], [93.96961806828602, 25.147531259057498], [93.96982390196202, 25.14778264539123], [93.97056063637768, 25.14866414664073], [93.97075096962344, 25.148895474031495], [93.97106393907517, 25.14928416508859], [93.97122508515905, 25.14947565393919], [93.97202109940028, 25.15038099511802], [93.97221035376941, 25.15061269655575], [93.97256272692276, 25.15109045095545], [93.97267271484951, 25.15125365091001], [93.97271761354571, 25.151341237988564], [93.97295843480539, 25.15185334312563], [93.97305895538737, 25.15205053130735], [93.97330525996357, 25.152448867505843], [93.97339649825369, 25.152620008356173], [93.97341689540056, 25.152713352265618], [93.97350065611425, 25.153556595115216], [93.97356721229367, 25.154186079507085], [93.97360119915412, 25.154375830337088], [93.97371108467294, 25.15456408716499], [93.97405638988161, 25.155075576254465], [93.97410789389014, 25.155157863932132], [93.9741403293601, 25.155242211996594], [93.97413049550268, 25.155332017650274], [93.97409330794487, 25.155446963196272], [93.97395446433455, 25.15583911351514], [93.97375548570251, 25.15641555587638], [93.9734346595853, 25.15743297914947], [93.97341590366047, 25.1575262787216], [93.9734243397393, 25.15769320220702], [93.97352901862274, 25.15855646891615], [93.97355019371062, 25.15869969820551], [93.97358417338454, 25.1588407815703], [93.9737694149793, 25.159519636364674], [93.97379927677594, 25.159636677361494], [93.97381125940353, 25.159730231371093], [93.97377333343057, 25.159914790959323], [93.97362692780219, 25.160422157232883], [93.97360754395498, 25.160588091299243], [93.97361843692613, 25.16138726214918], [93.97362673735933, 25.161531893111025], [93.97365532534494, 25.16167321468356], [93.97389343279414, 25.162634408594837], [93.97397655570401, 25.162914346385325], [93.97422603402808, 25.1636340609275], [93.97428696765213, 25.163794886224263], [93.97437788704036, 25.163969240633726], [93.974772549284, 25.164681260697318], [93.97484127309819, 25.16481191540847], [93.97490089158865, 25.164947222273668], [93.97527988901041, 25.16585676836513], [93.9753312232373, 25.16599429206284], [93.97535993878368, 25.16618434730405], [93.9754451619547, 25.167219052349076], [93.97544962298838, 25.167386764224613], [93.97541016089629, 25.16757296838172], [93.97525523654406, 25.168152552946893], [93.97520875321969, 25.168361990738184], [93.97520883406806, 25.16853082871422], [93.97527626700318, 25.169863458780043], [93.97528631465961, 25.169983802094706], [93.97531707207663, 25.170099243596287], [93.97536467470186, 25.17021081583257], [93.975755414901, 25.17107717282149], [93.97583143034032, 25.171256422531695], [93.97613081995989, 25.172135896445297], [93.97617509163204, 25.172299188567816], [93.9761792966459, 25.1723938848906], [93.97613847540276, 25.173208035110804], [93.97613062861873, 25.17330306568285], [93.97610926218971, 25.173394668583416], [93.97606763425946, 25.17348099343934], [93.97573397660673, 25.17405065904599], [93.97567034983349, 25.174180272030412], [93.97563213190804, 25.17436894055702], [93.97557767513719, 25.1747525936545], [93.97555985885016, 25.174847549853546], [93.97549563559554, 25.175031543487655], [93.97517641566607, 25.175804254695738], [93.97513275484833, 25.175917743597157], [93.97511748798007, 25.176007466549], [93.9751344167316, 25.176071999263435], [93.97520083097719, 25.176199317498433], [93.97547985309433, 25.176685860753572], [93.97553945002524, 25.176760191084465], [93.97566796211146, 25.17683939190046], [93.97614660874935, 25.177063839323967], [93.97627599579465, 25.177131349397687], [93.97629010383619, 25.177186693305686], [93.9762155670238, 25.177230066990724], [93.9757327099822, 25.177444975925553], [93.97565292341528, 25.17749289727383], [93.97563262508311, 25.1775766754456], [93.97569061762293, 25.177702188944206], [93.97593192307454, 25.178152240302413], [93.97597202566544, 25.17821239081108], [93.97607652668245, 25.178321836223205], [93.97647132547004, 25.178686437305817], [93.97653261213199, 25.178762524039833], [93.97656695113204, 25.17885064986791], [93.97659446563088, 25.178968139762443], [93.97672765614308, 25.179584257253], [93.97674986519186, 25.179702726864544], [93.97675329316299, 25.179821385779327], [93.97674143540124, 25.179940284399972], [93.97666846345408, 25.18055915694023], [93.97665052679281, 25.180677358143857], [93.97660915667905, 25.180817579556766], [93.97643094260476, 25.1813034011786], [93.97640401111255, 25.18139715805923], [93.97638521476355, 25.18156233355807], [93.97634171115095, 25.182205309625868], [93.97633597001796, 25.182323792135218], [93.97634536459921, 25.182415432154972], [93.97643738891524, 25.1825828646104], [93.9768240579495, 25.183154355795143], [93.97698831669584, 25.183371432938028], [93.97733351051345, 25.183795860192085], [93.97744725519469, 25.18392790728525], [93.97797402548068, 25.18452655762049], [93.97806402229912, 25.18461368426294], [93.97816244531491, 25.18469388312101], [93.97906208561405, 25.185404314825924], [93.9791434891485, 25.18546505681026], [93.97923125006017, 25.185514578889354], [93.97932799142974, 25.185547154893673], [93.97980678628964, 25.185670530344314], [93.97990569709066, 25.185698853133538], [93.9799952384632, 25.185738760770526], [93.9801122161812, 25.18586476986951], [93.98032007286324, 25.186149039167805], [93.98097715725588, 25.187037712586864], [93.98104575530591, 25.187109658853714], [93.98113033977477, 25.187163843091156], [93.98124591881587, 25.187221751223543], [93.98185484632276, 25.18751486662127], [93.98205833359923, 25.187624630465354], [93.98213497696096, 25.18768987238191], [93.98282548137713, 25.18839100983165], [93.9834864743396, 25.189048302305206], [93.98359838825432, 25.18914995860505], [93.98372730727742, 25.18923689741479], [93.98448437416118, 25.189701923478555], [93.98465862217348, 25.189814795461395], [93.98613211346267, 25.190782311179756], [93.98625937060243, 25.190870451075362], [93.98642676626575, 25.19102548362305], [93.9869087321786, 25.191510597983758], [93.98703611687915, 25.191634519337782], [93.98717006287455, 25.19175443471777], [93.98799929322173, 25.192485586766733], [93.98811102477845, 25.19259046485109], [93.98824530854039, 25.192771053414884], [93.98892505832599, 25.19379064682814], [93.98901162268172, 25.193913388027404], [93.98914178676975, 25.194066966560538], [93.98959237093649, 25.194578195633063], [93.9898001225156, 25.19479800637201], [93.990387377268, 25.195387098626686], [93.99053512497939, 25.19555699000742], [93.99099905182304, 25.19623918352691], [93.99107530621426, 25.196365812531038], [93.99110413315171, 25.196456052025432], [93.99112328253864, 25.19657372083773], [93.9912335588246, 25.197380247658337], [93.99129212359122, 25.197616206828325], [93.99161319045693, 25.198672745833942], [93.99187000711856, 25.19947984642352], [93.99192737532924, 25.19963906705241], [93.99197234948392, 25.199726549468078], [93.99224869641814, 25.200197075653133], [93.99237064541292, 25.20041244802171], [93.99244931267896, 25.20059115307116], [93.99268297885743, 25.201154620219885], [93.99317125633345, 25.202381653310457], [93.99328140685529, 25.202680097530664], [93.99355471209398, 25.203519746817577], [93.99363485169877, 25.203776256986178], [93.99393803131053, 25.204802628749903], [93.99399727340689, 25.204960980863756], [93.99411760723078, 25.205119492077632], [93.994464230268, 25.205521768361574], [93.99456063566768, 25.205637957276664], [93.99462493348243, 25.20574200231106], [93.99467013131765, 25.205854498552444], [93.99505239142049, 25.206905626143598], [93.99507044935434, 25.20699744435979], [93.99505909914072, 25.207090663726756], [93.99477224730757, 25.208097715734713], [93.99471443532913, 25.20835810777142], [93.99461153331335, 25.208955372555927], [93.99459223750104, 25.209145682641154], [93.99463098453421, 25.20930928764822], [93.99484767614702, 25.209983817059555], [93.99490978386913, 25.21019451992184], [93.99511026897592, 25.210924110488957], [93.99519246662106, 25.211203650445448], [93.9954089417399, 25.211895412461985], [93.99545344517742, 25.21205809212603], [93.99561280002058, 25.21268823015276], [93.99568303300445, 25.212945713347388], [93.99596828493809, 25.21393120890357], [93.99606091112537, 25.21426092283944], [93.99633144416305, 25.215253709203676], [93.99641223145318, 25.215536326723374], [93.99673500871118, 25.216615583891212], [93.99724225321613, 25.21833905525255], [93.99732237665127, 25.21861941525123], [93.99770201996171, 25.220003814065727], [93.99792871341691, 25.220803289230435], [93.99801133776181, 25.221085222585636], [93.99834308649456, 25.222188196304558], [93.99863346421517, 25.223187315280068], [93.99867937261777, 25.223351727886314], [93.99893512567412, 25.224298964562525], [93.99902239790231, 25.224579338455403], [93.9992595118148, 25.225221457564384], [93.99939335180898, 25.22558942399226], [93.99943048726449, 25.225679012017466], [93.99948350223933, 25.22575825821944], [93.99960274101686, 25.225851345379677], [94.00007573365836, 25.226169555710293], [94.0005947200424, 25.226544061856018], [94.00069986065988, 25.22661701276806], [94.00081284895967, 25.226679911257943], [94.00095624433355, 25.226745159874067], [94.00165423980089, 25.22705367145449], [94.00181840422412, 25.2271334888584], [94.00197426372252, 25.227260088157635], [94.00275886935968, 25.228004035564584], [94.0036214739163, 25.228829533734842], [94.00368689821846, 25.228904531908306], [94.0037689557264, 25.229053653730997], [94.00411268529008, 25.22978236002257], [94.00417148272037, 25.229915971914107], [94.00421039773849, 25.23002999303213], [94.00434491146913, 25.230467687738436], [94.00438781321047, 25.23065388565706], [94.0043894319746, 25.230798988582215], [94.00435299720499, 25.232062093361424], [94.00434366191256, 25.232232132633385], [94.00430487715018, 25.232790787311412], [94.00429987173743, 25.23291225240131], [94.004304819658, 25.233056181675884], [94.00433496532229, 25.23355991735574], [94.00435239353712, 25.233652803520776], [94.00439283748784, 25.23374073441318], [94.00467998486674, 25.234207539855472], [94.00477974996555, 25.234350651755722], [94.00486075644461, 25.23444633425102], [94.00553893777173, 25.235222533872193], [94.0056455525246, 25.235360244145962], [94.0057057144958, 25.235467849690828], [94.00602081295476, 25.23608255664705], [94.00615212688636, 25.23632061603988], [94.00665935791658, 25.23717339672089], [94.00674303418869, 25.237294773737144], [94.00681913856121, 25.23735761957428], [94.00690749954751, 25.237409723203154], [94.00750056550146, 25.237732281400717], [94.00821198988397, 25.23811360754616], [94.00830122313441, 25.23816451719295], [94.00837575545522, 25.238225214972175], [94.0084094368885, 25.238285637261807], [94.0084511151244, 25.23842358214652], [94.00853651706015, 25.238753339382715], [94.00878625230241, 25.239691675611155], [94.00897744613421, 25.24040000926433], [94.00901126770465, 25.240517380440778], [94.00904911732083, 25.240606005972012], [94.00916160795398, 25.24073554972916], [94.00957631879815, 25.241139712785834], [94.00970901164372, 25.241254505857214], [94.00991716566807, 25.241357793202354], [94.01056596220394, 25.241640393124808], [94.01065805119867, 25.241684525511115], [94.01072824645328, 25.241740555108905], [94.01074773001348, 25.241799907159887], [94.01074882595813, 25.24193917574608], [94.01073134384438, 25.242321614869322], [94.01073010596592, 25.242440585699285], [94.01073949336066, 25.24258506759143], [94.01078674115132, 25.24311450398425], [94.01080691461767, 25.24328224945936], [94.01083553673922, 25.243424323637427], [94.0109693461907, 25.244038766909703], [94.01103112243447, 25.244295561337502], [94.01117350181376, 25.244824545829363], [94.01121108463029, 25.244987370764086], [94.0113071100426, 25.245582920838356], [94.01133255302638, 25.24572555377402], [94.01145960894353, 25.246293658498075], [94.0114935032775, 25.246435157960867], [94.01154003780587, 25.246573156971067], [94.01191030090808, 25.247476881146035], [94.01204214215076, 25.247765563844343], [94.01255515473817, 25.248793441288978], [94.01262536706076, 25.24894891921933], [94.0126648776619, 25.249064949651476], [94.01291467129467, 25.24986026472394], [94.01296686790425, 25.249997326297475], [94.01305728154098, 25.250140922532914], [94.01336715899147, 25.250581882495748], [94.01345543643447, 25.25069951358121], [94.0135401035483, 25.250791942220143], [94.01384190604271, 25.25109682923922], [94.01395950988646, 25.25122601325924], [94.01404814935049, 25.2513972176231], [94.0142877623761, 25.25197938979023], [94.0143152678918, 25.252070416753575], [94.01432470289721, 25.252165679874622], [94.0143244720302, 25.252891981633205], [94.01432120934909, 25.25298840593617], [94.01428031444411, 25.25317545737739], [94.01394254610064, 25.25423519994773], [94.01393002628052, 25.25432683375082], [94.0139498197595, 25.25441826924545], [94.01398422613319, 25.254509245633766], [94.01424324366725, 25.25514539598465], [94.01459806383146, 25.25599108189518], [94.01499379147705, 25.25695558123113], [94.01503720346145, 25.257068325013126], [94.015067685994, 25.25718465479106], [94.01508750372749, 25.257303840986204], [94.01521361910854, 25.25814127218768], [94.01524855548826, 25.258305114309994], [94.01529437855089, 25.258388101602367], [94.01535523312316, 25.25846512154527], [94.01585309292837, 25.259052371615244], [94.01595416238101, 25.259161768698625], [94.01607303644253, 25.259258521117726], [94.01659282592044, 25.259642065858603], [94.01667213278697, 25.259704838392974], [94.01672997800307, 25.259775181841732], [94.01674010740619, 25.2598614226837], [94.01672902129728, 25.259955181592733], [94.0166727804723, 25.260312644741134], [94.01663408643977, 25.26047427335039], [94.01658632032112, 25.260557134048415], [94.01617031949624, 25.261108579152772], [94.01606398501771, 25.261270699023328], [94.01603550393163, 25.261361191768916], [94.01595366651094, 25.261785981467487], [94.01593391165953, 25.261973524675277], [94.01595653123839, 25.26206587243048], [94.01613758848053, 25.26252257163522], [94.01621154498123, 25.262676731337088], [94.01627292776294, 25.262752269990756], [94.0166590389434, 25.26314150348016], [94.01688145641785, 25.2633458384579], [94.01772013794016, 25.264049900744126], [94.01780311981453, 25.264108535927093], [94.01799328058377, 25.264193742767144], [94.01895023339806, 25.264568534681548], [94.01904654537293, 25.264608802331693], [94.0191323668219, 25.26465933936328], [94.01919376846821, 25.26473109999478], [94.01925717335757, 25.264833871010808], [94.01949006967983, 25.265232147784545], [94.01957234996998, 25.26538196917044], [94.01983180767854, 25.265883466769413], [94.01988317693973, 25.26596702079709], [94.01999748127142, 25.266098155766887], [94.02081267184907, 25.26695085009851], [94.02090101756399, 25.267039973825657], [94.02099849555208, 25.267121068821677], [94.02157154075331, 25.267517425775775], [94.02165450286472, 25.267577359885557], [94.02172607882996, 25.26764458090549], [94.02177260976504, 25.267728580523023], [94.02181595437582, 25.267843060889977], [94.02200515574432, 25.268376012767227], [94.02208891286476, 25.268579915694055], [94.02222186442515, 25.268757674899238], [94.02271113364128, 25.2693553212777], [94.02283140188814, 25.26951276477922], [94.02289604285936, 25.269616356287045], [94.0232698102895, 25.27024595793211], [94.0233288951807, 25.270322552804863], [94.02340731990162, 25.2703866065786], [94.02439419200478, 25.271023902011674], [94.02456859722223, 25.27113843451003], [94.02515687515572, 25.27156199016832], [94.0252374118159, 25.271625836953262], [94.02538001577399, 25.27176615581525], [94.02576107393098, 25.272162495976364], [94.02592190201123, 25.27231931114962], [94.0263720585799, 25.27271345945207], [94.02643869650598, 25.27278444198069], [94.02649047989053, 25.27286720167047], [94.02683688553545, 25.273572231453095], [94.02695494841832, 25.273840672308115], [94.02734321465715, 25.274840485977556], [94.02742419328844, 25.27501676246761], [94.02748553923918, 25.275093549285703], [94.02808247783032, 25.275706287312516], [94.02817238841048, 25.275794407902108], [94.02830970757975, 25.27590545432675], [94.02893966734243, 25.27637562560173], [94.02917597456779, 25.2765669966089], [94.02995808468508, 25.27725238126897], [94.03003006848543, 25.277322513098202], [94.03016944659332, 25.277499431762525], [94.03072074717477, 25.27824332172703], [94.03084844538736, 25.27839657768473], [94.03103857022398, 25.278527332879708], [94.03161326113877, 25.278882336950456], [94.0317838664826, 25.278996986312606], [94.03191114877521, 25.279148237396825], [94.03229435929565, 25.279698499829557], [94.03233961641965, 25.279783555199405], [94.03236244171269, 25.279875512503608], [94.03237790800695, 25.279994565949714], [94.03246959006486, 25.28080838847925], [94.03250585864613, 25.280995054276122], [94.0325527354326, 25.28107871649263], [94.03311431813077, 25.281835455787057], [94.033236940862, 25.281991772720875], [94.03332160797584, 25.282084087375118], [94.03397875525059, 25.28277629883477], [94.03408425699081, 25.282884123108797], [94.03421587275635, 25.28300541545379], [94.03505560261259, 25.283757544525542], [94.03519611349604, 25.28390238826143], [94.0352493072356, 25.28398635306974], [94.03560067068258, 25.284617616754048], [94.03565674352261, 25.284699569927202], [94.03576529324661, 25.284805231086505], [94.03615831426825, 25.285137223594404], [94.03625312875153, 25.285221550623746], [94.03631029124803, 25.28529593240991], [94.03632717867703, 25.28538437743179], [94.03628550133944, 25.286441475197265], [94.03627110673531, 25.286535239564856], [94.03619285988083, 25.286710932119128], [94.03588585793752, 25.28729440508209], [94.03579126803304, 25.287491180533685], [94.03575280756249, 25.287629886631834], [94.03559808443288, 25.288310990881673], [94.03557447131733, 25.28842780323198], [94.03557409402488, 25.2885178631161], [94.03560108660257, 25.28858109261978], [94.03568653974227, 25.288701792027727], [94.03608165653347, 25.289220278371268], [94.0362601499838, 25.289430816236855], [94.03688671321639, 25.290120060973567], [94.03701066545422, 25.290245451024706], [94.03746149486103, 25.290686758321023], [94.03759431886061, 25.29083411082847], [94.03763851058272, 25.29092113693819], [94.03791391877745, 25.291659108073592], [94.0379682057667, 25.291796541550774], [94.03803084259653, 25.291930375178612], [94.03842096295811, 25.29272886126126], [94.03850901941551, 25.292875386093], [94.0385830334084, 25.292941196927917], [94.03964159825773, 25.293668420194443], [94.0397814830155, 25.29377707946537], [94.03991742596575, 25.293955543284103], [94.04034222489055, 25.294573724340168], [94.04053438261467, 25.294833844984723], [94.04098365434277, 25.295394515839785], [94.04111212690312, 25.295574328746568], [94.04118265183945, 25.29573153030399], [94.04143582942586, 25.296346975018665], [94.04156181185627, 25.296614375433894], [94.0418754748074, 25.297202423614984], [94.04193708935442, 25.297335456974285], [94.04198198805061, 25.29752279417331], [94.04207391714522, 25.297997176378686], [94.0420978437728, 25.29813969168876], [94.04210253387691, 25.298354025543844], [94.04208779791298, 25.29911768626112], [94.04208361805196, 25.299236823961696], [94.04205616913016, 25.299428075245988], [94.0419110220415, 25.300145460196585], [94.04188999068406, 25.30026437679453], [94.04189212867446, 25.300355474746443], [94.04193521816366, 25.300437949240248], [94.04275301475394, 25.301432490522146], [94.04287564467167, 25.301590680978975], [94.04335658830173, 25.30222770445699], [94.0434064897158, 25.30231116685806], [94.04345324253474, 25.302473496430324], [94.04362417306871, 25.303283536262914], [94.04364837997066, 25.30345029063072], [94.04363977500853, 25.303546106272655], [94.04354276683934, 25.30404955437864], [94.04353105280802, 25.304145356552805], [94.043537805444, 25.304240110200748], [94.04365742420893, 25.304783531993824], [94.04368110020657, 25.30487649198518], [94.04371918338471, 25.30496096040043], [94.04376969655146, 25.30501157239132], [94.04389597812084, 25.30509793781776], [94.04440243390498, 25.305417337332567], [94.0444849594352, 25.305474381079794], [94.04453871731673, 25.30553852348932], [94.0445354761952, 25.305597177600912], [94.04447887334916, 25.305726846908378], [94.04433422392714, 25.306013226778077], [94.04412810818015, 25.306430474010465]]}, "properties": {"OBJECTID": 42849, "Name": "NH 2", "Road_Type": "National Highway", "Class_Code": 1, "Lane": " ", "Oneway": " ", "T_Elevatio": 0, "F_Elevatio": 0, "SL": 90, "Remarks": " ", "Bridge_Fly": " ", "Shape_Leng": 61526.3590822, "ID": 42974, "Type": "", "NSEW_Corr": "", "Shape_Length": 61526.35908221912}, "id": 42849}, {"type": "Feature", "geometry": {"type": "LineString", "coordinates": [[94.04412810818015, 25.306430474010465], [94.04360777611981, 25.30717412153454]]}, "properties": {"OBJECTID": 42852, "Name": "NH 2", "Road_Type": "National Highway", "Class_Code": 1, "Lane": " ", "Oneway": " ", "T_Elevatio": 0, "F_Elevatio": 0, "SL": 90, "Remarks": " ", "Bridge_Fly": "Karong Bridge", "Shape_Leng": 108.352228196, "ID": 42977, "Type": "", "NSEW_Corr": "", "Shape_Length": 108.3522281964381}, "id": 42852}, {"type": "Feature", "geometry": {"type": "LineString", "coordinates": [[93.13112627466707, 25.33276679896528], [93.13051351494715, 25.33281105003534]]}, "properties": {"OBJECTID": 42921, "Name": "NH 27", "Road_Type": "National Highway", "Class_Code": 1, "Lane": " ", "Oneway": " ", "T_Elevatio": 0, "F_Elevatio": 0, "SL": 90, "Remarks": " ", "Bridge_Fly": " ", "Shape_Leng": 68.4294832384, "ID": 43046, "Type": " ", "NSEW_Corr": "EW", "Shape_Length": 68.42948323843412}, "id": 42921}, {"type": "Feature", "geometry": {"type": "LineString", "coordinates": [[93.13050649551154, 25.33289735829046], [93.13059775086965, 25.332856225878537], [93.13069622419111, 25.33283540147324], [93.13083529777015, 25.332823190841875], [93.1319202254781, 25.332754114970857], [93.13202549724963, 25.332744774509667], [93.13222962232996, 25.332698851647503], [93.13290804171064, 25.332496605726142], [93.13303173074209, 25.332455911622173], [93.13314663335176, 25.332398003693736], [93.13323282760159, 25.332340712807703], [93.1337869821307, 25.331956668875282], [93.13392506396964, 25.331845221549685], [93.1339817539523, 25.331765077591307], [93.13440499789336, 25.330979536190853], [93.13452254873647, 25.330734933098718], [93.13477842306538, 25.330121426622718], [93.1348410302508, 25.3299378934783], [93.13483994867919, 25.32974658805366], [93.13478867913098, 25.32902161121582], [93.13475695692334, 25.32886066750484], [93.13469941084624, 25.32878513024516], [93.13381914541114, 25.327980638576047], [93.13325929825805, 25.32750579321456], [93.13262639471624, 25.327004708802196], [93.13238984584406, 25.32681251937709], [93.13170355003497, 25.32623791181543], [93.13159096238375, 25.32613530570322], [93.13107958113692, 25.325644652800303], [93.13097475492978, 25.325536503610003], [93.13086908879787, 25.325373376720496], [93.13057343706818, 25.324842767844054], [93.13049897930756, 25.324691227055716], [93.13046050446391, 25.324577268875057], [93.13020892408208, 25.323747859256244], [93.1300382082455, 25.323234700346987], [93.1299798644644, 25.323072762367087], [93.12992854820382, 25.322961094931422], [93.12966521156986, 25.322430865243838], [93.12961181481104, 25.32234893352187], [93.12947960256417, 25.322231019498243], [93.12882503345429, 25.321725747666758], [93.12872126995413, 25.321648735412477], [93.12856848449061, 25.32155468071398], [93.12778641749244, 25.321110455398742], [93.12754986592535, 25.32095873779299], [93.12692604255439, 25.32051704133814], [93.12662648045827, 25.320316953701617], [93.12612090502309, 25.31999705510146], [93.12603652626846, 25.319939789203477], [93.12597192482313, 25.31987350663125], [93.1259536512936, 25.319811114402892], [93.12595113241755, 25.3196708129735], [93.12596632831888, 25.319121532624937], [93.1259732336685, 25.31900277095396], [93.12599101581955, 25.31888323774317], [93.1260888198961, 25.318358913133405], [93.12611647543044, 25.31816793777359], [93.12611470664763, 25.318072916492035], [93.12606707617465, 25.317525004481375], [93.12604519141769, 25.317359256107096], [93.12601674985746, 25.317242473262848], [93.12587798709555, 25.31673060797374], [93.1258576896617, 25.31663687183534], [93.12584316031028, 25.3164957839215], [93.12581481217487, 25.316046612569046], [93.12579087117423, 25.315785306393956], [93.12568556616505, 25.31485461923883], [93.12565136640386, 25.31466742982845], [93.12555576409808, 25.31449632610789], [93.12521604641044, 25.313973747107983], [93.1251446626847, 25.31384491167787], [93.12509088144697, 25.313639007603385], [93.125009123078, 25.313243402299037], [93.12498094472419, 25.313128178708148], [93.12490905255198, 25.312948324443937], [93.12457222654126, 25.31221515800844], [93.12452391334867, 25.3121038995897], [93.12450099283419, 25.31201402938764], [93.12450677618797, 25.31194524454731], [93.12454488451897, 25.31180621870431], [93.12464609321046, 25.311481147450955], [93.12484427234193, 25.31083118910557], [93.12493261446357, 25.310578658388913], [93.12530410107124, 25.30962353127772], [93.1253835804143, 25.309394077593193], [93.12559595741882, 25.308724487893038], [93.12567788467106, 25.308446260552074], [93.12590647446984, 25.307608156566275], [93.12595313027076, 25.30739705824742], [93.12595983888929, 25.307251591272607], [93.12596914633394, 25.306691977402973], [93.12598100319737, 25.306525882054466], [93.12603227454224, 25.30595908414593], [93.12605034774741, 25.30586697039351], [93.12612139011337, 25.30571120399069], [93.12647334375346, 25.305055204213115], [93.12653442110795, 25.30494720961888], [93.12663467309366, 25.30480540804455], [93.1271963366402, 25.304073924594285], [93.12730751124145, 25.303939392139334], [93.12741850528131, 25.303837538655724], [93.12782393203705, 25.3034941325436], [93.1279438113134, 25.30340097658106], [93.1280789350001, 25.303322733671], [93.12870477329226, 25.30299209280206], [93.12957243536395, 25.30250896153091], [93.1297256403407, 25.3024130500492], [93.1298003720875, 25.302344181793494], [93.13037021389641, 25.301727005184713], [93.13046683489173, 25.301610819625616], [93.13055117412051, 25.301460586556647], [93.13074862292163, 25.301063564904954], [93.13077545470084, 25.300973848943283], [93.13076903354319, 25.30088119701007], [93.13074767430071, 25.300787180600953], [93.1305733499316, 25.300103931701248], [93.13054141661988, 25.29996217643783], [93.13053000262589, 25.2998676297927], [93.13049200029612, 25.299083093237314], [93.13050276660479, 25.298994532322613], [93.1305227981373, 25.298956311353223], [93.13059244002972, 25.298892111045376], [93.13129377273833, 25.29841719712769], [93.13142494473611, 25.298336345583614], [93.13204588182006, 25.297970426922742], [93.13215446927327, 25.297903030222656], [93.13223156179265, 25.297839840503222], [93.13232410084333, 25.297721983028246], [93.13259819031126, 25.29733160729302], [93.13267854641006, 25.297205752699444], [93.13273775167546, 25.297071131403918], [93.13293997412403, 25.29654425800811], [93.13318078280729, 25.29593034119042], [93.13322673432901, 25.29584531501206], [93.13334559491587, 25.29572204485607], [93.13370117954634, 25.29540682770654], [93.13378340773417, 25.295354784700642], [93.13396118253227, 25.295319899029547], [93.13531062456555, 25.29519072782707], [93.1354072410693, 25.29516527074812], [93.1354683435766, 25.295126485727994], [93.1355778446165, 25.29502592514616], [93.13596994306833, 25.29464062908143], [93.1360283093073, 25.294564878805488], [93.13606200780856, 25.294477141397586], [93.13608941001799, 25.29436068574034], [93.13623138335876, 25.29370325598476], [93.13629036584197, 25.29344413516333], [93.13645692337711, 25.2927347878837], [93.13653455129239, 25.292427938393814], [93.13674089071989, 25.291674227306885], [93.13713235855441, 25.290205907444783], [93.13719232109963, 25.29002258997796], [93.13751322806522, 25.289251860861317], [93.13758279090585, 25.289094713444122], [93.13768668376343, 25.28892613375196], [93.13821708773472, 25.28814171645511], [93.13833610193346, 25.287981546909798], [93.13844248042942, 25.287872650147005], [93.13922691628495, 25.28710710731142], [93.13935925968588, 25.2869874402958], [93.1394886072053, 25.286901587485055], [93.14053822124116, 25.286267628481387], [93.14146961429067, 25.285721424591028], [93.14159989156643, 25.285640385074338], [93.14170206684517, 25.285564218178617], [93.14218057244756, 25.28518409695055], [93.14232582104584, 25.28504657556672], [93.14239901128363, 25.28494734521688], [93.14282089158209, 25.284339008366295], [93.1428755531688, 25.28423089947112], [93.14291303537402, 25.284115114645743], [93.14306934223345, 25.28357616430184], [93.14313947819927, 25.283318186626214], [93.14337082941923, 25.282425989701128], [93.14340923060101, 25.282285600314665], [93.14346477163838, 25.282125162296985], [93.14367753402016, 25.28155607178503], [93.14372310196126, 25.28144362610781], [93.1438268995974, 25.281278551314276], [93.14418527709012, 25.280805338368875], [93.14432643296398, 25.28063270118423], [93.14478541368365, 25.280168389164842], [93.14487525958512, 25.280081858143735], [93.14495509466103, 25.280027677937735], [93.14512909743324, 25.279999328377563], [93.14562953360668, 25.27997699215887], [93.1457264187067, 25.27999083837306], [93.14580864419959, 25.280041451852767], [93.14617924776334, 25.28038913770142], [93.14629693604871, 25.280517510763712], [93.14634119424613, 25.28060394400033], [93.14655412910446, 25.281178858945374], [93.14662851589817, 25.28136039546153], [93.14687842541359, 25.281922272289485], [93.1469208851838, 25.282009632139488], [93.1469772921971, 25.282082611478398], [93.14706374246681, 25.282123294886173], [93.14757658796755, 25.282246836355522], [93.1476775873516, 25.282265148983242], [93.1477712331267, 25.282256686754483], [93.14785377033499, 25.28220801958645], [93.14832668572139, 25.28182589533536], [93.14840282782319, 25.281761156355312], [93.14846430582628, 25.281689570684907], [93.14849353520901, 25.281602766200077], [93.14850810139131, 25.28150908249614], [93.14857160419706, 25.28098678121967], [93.14857041123439, 25.28089229694505], [93.1485408611531, 25.28075032021292], [93.14831076937118, 25.279853302166483], [93.14814597522894, 25.27912983250975], [93.1481140473071, 25.27894290472175], [93.14813316974455, 25.278728092232676], [93.14822244072424, 25.27808246652847], [93.14823581753711, 25.277963113904686], [93.14823333818693, 25.277868422575846], [93.14819786191975, 25.277728062031887], [93.14797445180689, 25.277005491921134], [93.1479360371504, 25.276889774119446], [93.14785568374657, 25.27670947293153], [93.1474309593819, 25.275839884440593], [93.14737155648713, 25.275681638457755], [93.1473711729065, 25.275587764161607], [93.14738703625609, 25.275468335975514], [93.14749893489946, 25.274726147055965]]}, "properties": {"OBJECTID": 42922, "Name": "NH 27", "Road_Type": "National Highway", "Class_Code": 1, "Lane": " ", "Oneway": " ", "T_Elevatio": 0, "F_Elevatio": 0, "SL": 90, "Remarks": " ", "Bridge_Fly": " ", "Shape_Leng": 9648.4052316, "ID": 43047, "Type": " ", "NSEW_Corr": "EW", "Shape_Length": 9648.405231603332}, "id": 42922}, {"type": "Feature", "geometry": {"type": "LineString", "coordinates": [[93.13050649551154, 25.33289735829046], [93.13110428660384, 25.332862012509842]]}, "properties": {"OBJECTID": 42923, "Name": "NH 27", "Road_Type": "National Highway", "Class_Code": 1, "Lane": " ", "Oneway": " ", "T_Elevatio": 0, "F_Elevatio": 0, "SL": 90, "Remarks": " ", "Bridge_Fly": " ", "Shape_Leng": 66.6880402929, "ID": 43048, "Type": " ", "NSEW_Corr": "EW", "Shape_Length": 66.68804029287507}, "id": 42923}, {"type": "Feature", "geometry": {"type": "LineString", "coordinates": [[93.13046893874612, 25.33289957892066], [93.13050649551154, 25.33289735829046]]}, "properties": {"OBJECTID": 42924, "Name": "NH 27", "Road_Type": "National Highway", "Class_Code": 1, "Lane": " ", "Oneway": " ", "T_Elevatio": 0, "F_Elevatio": 0, "SL": 90, "Remarks": " ", "Bridge_Fly": " ", "Shape_Leng": 4.18973637677, "ID": 43049, "Type": " ", "NSEW_Corr": "EW", "Shape_Length": 4.189736376772886}, "id": 42924}, {"type": "Feature", "geometry": {"type": "LineString", "coordinates": [[93.12956860764253, 25.333500840453812], [93.12959781905894, 25.333366292780035]]}, "properties": {"OBJECTID": 42928, "Name": "NH 27", "Road_Type": "National Highway", "Class_Code": 1, "Lane": " ", "Oneway": " ", "T_Elevatio": 0, "F_Elevatio": 0, "SL": 90, "Remarks": " ", "Bridge_Fly": " ", "Shape_Leng": 16.8874361956, "ID": 43053, "Type": " ", "NSEW_Corr": "EW", "Shape_Length": 16.88743619555273}, "id": 42928}, {"type": "Feature", "geometry": {"type": "LineString", "coordinates": [[93.12956860764253, 25.333500840453812], [93.13050649551154, 25.33289735829046]]}, "properties": {"OBJECTID": 42929, "Name": "NH 27", "Road_Type": "National Highway", "Class_Code": 1, "Lane": " ", "Oneway": " ", "T_Elevatio": 0, "F_Elevatio": 0, "SL": 90, "Remarks": " ", "Bridge_Fly": " ", "Shape_Leng": 128.159856102, "ID": 43054, "Type": " ", "NSEW_Corr": "EW", "Shape_Length": 128.15985610227548}, "id": 42929}, {"type": "Feature", "geometry": {"type": "LineString", "coordinates": [[93.12948994935961, 25.333295187399163], [93.12933505285515, 25.333955276523522]]}, "properties": {"OBJECTID": 42931, "Name": "NH 27", "Road_Type": "National Highway", "Class_Code": 1, "Lane": " ", "Oneway": " ", "T_Elevatio": 0, "F_Elevatio": 0, "SL": 90, "Remarks": " ", "Bridge_Fly": " ", "Shape_Leng": 83.1076468768, "ID": 43056, "Type": " ", "NSEW_Corr": "EW", "Shape_Length": 83.10764687681305}, "id": 42931}, {"type": "Feature", "geometry": {"type": "LineString", "coordinates": [[93.12945760102622, 25.334012142009488], [93.12956860764253, 25.333500840453812]]}, "properties": {"OBJECTID": 42932, "Name": "NH 27", "Road_Type": "National Highway", "Class_Code": 1, "Lane": " ", "Oneway": " ", "T_Elevatio": 0, "F_Elevatio": 0, "SL": 90, "Remarks": " ", "Bridge_Fly": " ", "Shape_Leng": 64.1749567026, "ID": 43057, "Type": " ", "NSEW_Corr": "EW", "Shape_Length": 64.17495670262029}, "id": 42932}, {"type": "Feature", "geometry": {"type": "LineString", "coordinates": [[93.12865992220674, 25.33901629512679], [93.12803456181834, 25.339214399265103], [93.12793817169005, 25.339240721490597], [93.12786075308225, 25.33923923817111], [93.12783048973861, 25.339195262246083], [93.12780349266939, 25.339058162640455], [93.12771501130885, 25.338450510701747], [93.12770134164518, 25.338305671275776], [93.1277211036831, 25.33811538176889], [93.1277738231122, 25.33775839317997], [93.12780527223197, 25.337618717414767], [93.12788179611775, 25.337469457009927], [93.12818249188776, 25.33696932155375], [93.1283036584499, 25.33681357404429], [93.1287626221016, 25.33628708946968], [93.12884160018476, 25.336191756833447], [93.12889212502961, 25.33610956568297], [93.12893757529142, 25.33597128368787], [93.12920905695003, 25.334956435785678], [93.12927516037854, 25.334671536280663], [93.12944762523499, 25.333787173325984], [93.12947445521756, 25.333663589400693], [93.12953446717013, 25.333531609219047], [93.12956860764253, 25.333500840453812]]}, "properties": {"OBJECTID": 42949, "Name": "NH 27", "Road_Type": "National Highway", "Class_Code": 1, "Lane": " ", "Oneway": " ", "T_Elevatio": 0, "F_Elevatio": 0, "SL": 90, "Remarks": " ", "Bridge_Fly": " ", "Shape_Leng": 850.467665688, "ID": 43074, "Type": " ", "NSEW_Corr": "EW", "Shape_Length": 850.4676656882187}, "id": 42949}, {"type": "Feature", "geometry": {"type": "LineString", "coordinates": [[93.12865992220674, 25.33901629512679], [93.12939264564467, 25.338657001798854], [93.12948755624767, 25.33861327816069], [93.12958459765456, 25.33858491794865], [93.12966079275695, 25.338587053225794], [93.13005219681109, 25.33867288808803], [93.13078438754805, 25.33883686740076], [93.13093663941227, 25.33887970356182], [93.1310245135117, 25.33892895769953], [93.13112417530427, 25.33900675948351], [93.13163301791211, 25.339427215280704]]}, "properties": {"OBJECTID": 42950, "Name": "NH 27", "Road_Type": "National Highway", "Class_Code": 1, "Lane": " ", "Oneway": " ", "T_Elevatio": 1, "F_Elevatio": 0, "SL": 90, "Remarks": " ", "Bridge_Fly": " ", "Shape_Leng": 374.104789284, "ID": 43075, "Type": " ", "NSEW_Corr": "EW", "Shape_Length": 374.10478928438}, "id": 42950}, {"type": "Feature", "geometry": {"type": "LineString", "coordinates": [[93.13307700223915, 25.340957019557212], [93.13163301791211, 25.339427215280704]]}, "properties": {"OBJECTID": 42959, "Name": "NH 27", "Road_Type": "National Highway", "Class_Code": 1, "Lane": " ", "Oneway": " ", "T_Elevatio": 1, "F_Elevatio": 1, "SL": 90, "Remarks": " ", "Bridge_Fly": " ", "Shape_Leng": 247.675673554, "ID": 43084, "Type": " ", "NSEW_Corr": "EW", "Shape_Length": 247.675673553675}, "id": 42959}, {"type": "Feature", "geometry": {"type": "LineString", "coordinates": [[93.13333573860055, 25.34119683465897], [93.1329069403761, 25.34069342000743]]}, "properties": {"OBJECTID": 42960, "Name": "NH 27", "Road_Type": "National Highway", "Class_Code": 1, "Lane": " ", "Oneway": " ", "T_Elevatio": 1, "F_Elevatio": 0, "SL": 90, "Remarks": " ", "Bridge_Fly": " ", "Shape_Leng": 78.2513757627, "ID": 43085, "Type": " ", "NSEW_Corr": "EW", "Shape_Length": 78.25137576269347}, "id": 42960}, {"type": "Feature", "geometry": {"type": "LineString", "coordinates": [[93.13325389040007, 25.341215700195217], [93.13281143598665, 25.340722121525946]]}, "properties": {"OBJECTID": 42961, "Name": "NH 27", "Road_Type": "National Highway", "Class_Code": 1, "Lane": " ", "Oneway": " ", "T_Elevatio": 0, "F_Elevatio": 1, "SL": 90, "Remarks": " ", "Bridge_Fly": " ", "Shape_Leng": 78.2428560435, "ID": 43086, "Type": " ", "NSEW_Corr": "EW", "Shape_Length": 78.24285604345475}, "id": 42961}, {"type": "Feature", "geometry": {"type": "LineString", "coordinates": [[93.13307700223915, 25.340957019557212], [93.13377759832925, 25.341782203185474], [93.1340008503386, 25.34205216298199], [93.1343902430648, 25.342537053319194], [93.13450452404031, 25.34266848378845], [93.13457963577449, 25.34273492437057], [93.134937374565, 25.34301772570993], [93.1350803603071, 25.343122787193813], [93.13517057451783, 25.34317428358979], [93.13563758976943, 25.343411377812583], [93.1358982000165, 25.34352870858454], [93.13657291833819, 25.343790037686], [93.137451373668, 25.344147401415988], [93.13759239838781, 25.344213402784344], [93.13767155882897, 25.34427456384159], [93.13801641038846, 25.344641210477906], [93.13814062583266, 25.344794431173728], [93.13817611108304, 25.3448820152285], [93.1382862517234, 25.345298765631885], [93.13832381837025, 25.34546162779379], [93.13834014614886, 25.345604990024636], [93.13839827163933, 25.346325160461756], [93.13840566746906, 25.34646904368195], [93.13838561976686, 25.346658526071803], [93.13828024738403, 25.347319895620494], [93.13813379504327, 25.348256020840687], [93.13807586448722, 25.34861746946972], [93.13806276435544, 25.348761076378285], [93.13808051416713, 25.34885358532979], [93.138114083311, 25.348944343920323], [93.13838373959298, 25.34959954900902], [93.13844226034216, 25.34970674310432], [93.13851417766718, 25.349807596812944], [93.13896183691932, 25.350405216145408], [93.1393570642033, 25.350920518299755], [93.13943073414143, 25.35102024339346], [93.13947553761624, 25.35110391895321], [93.1394911754887, 25.351266344664033], [93.13947780676064, 25.352199204309997], [93.13947276721191, 25.35231838476813], [93.13944961313547, 25.352460782571786], [93.1393116489758, 25.353075273322222], [93.13928157427841, 25.35326439872583], [93.13929114942101, 25.353358566785197], [93.13945676552176, 25.354135745155645]]}, "properties": {"OBJECTID": 43024, "Name": "NH 27", "Road_Type": "National Highway", "Class_Code": 1, "Lane": " ", "Oneway": " ", "T_Elevatio": 0, "F_Elevatio": 0, "SL": 90, "Remarks": " ", "Bridge_Fly": " ", "Shape_Leng": 1957.16142908, "ID": 43149, "Type": " ", "NSEW_Corr": "EW", "Shape_Length": 1957.16142908202}, "id": 43024}, {"type": "Feature", "geometry": {"type": "LineString", "coordinates": [[93.14386508069191, 25.366654057668914], [93.14410751352922, 25.36609137664065]]}, "properties": {"OBJECTID": 43079, "Name": "NH 27", "Road_Type": "National Highway", "Class_Code": 1, "Lane": " ", "Oneway": " ", "T_Elevatio": 0, "F_Elevatio": 0, "SL": 90, "Remarks": " ", "Bridge_Fly": " ", "Shape_Leng": 74.388832961, "ID": 43204, "Type": " ", "NSEW_Corr": "EW", "Shape_Length": 74.38883296100028}, "id": 43079}, {"type": "Feature", "geometry": {"type": "LineString", "coordinates": [[94.04360777611981, 25.30717412153454], [94.0434696601449, 25.307755010178468], [94.04346284372852, 25.307846964948506], [94.04348447695718, 25.307937242666437], [94.04352814046986, 25.30804901490858], [94.0437499740394, 25.30858462595811], [94.04379574859298, 25.308720256889945], [94.04381402032588, 25.308886868969115], [94.04384054038971, 25.30939195317042], [94.04383904649139, 25.30965649549574], [94.04380392775367, 25.31028192226785], [94.04376622815614, 25.311122119157712], [94.04375748754842, 25.311265945965157], [94.04373776683302, 25.31140867386477], [94.04359649148321, 25.31221468132376], [94.04357049064564, 25.312380863885696], [94.04349345292347, 25.313119138008346], [94.04350041486694, 25.31320721516829], [94.04352002419128, 25.31324447909379], [94.0435917295139, 25.313305356961035], [94.04423263255335, 25.31369524272895], [94.04442514331535, 25.31382594036842], [94.04550666191683, 25.31457979061497], [94.0456575393587, 25.314679950870985], [94.04586414109427, 25.314790410300688], [94.04644527292965, 25.315087433400755], [94.04655910744248, 25.315149886530147], [94.04668349266827, 25.315237963837603], [94.04709878292583, 25.315569744697235], [94.04716487108296, 25.315640283123706], [94.04720620436579, 25.315724999017153], [94.0473760497349, 25.316277569735778], [94.04740752131255, 25.316393430219424], [94.04743334338539, 25.316536852868456], [94.04754135591682, 25.31725793117164], [94.04755895481156, 25.317353261665883], [94.04762773611793, 25.317534545065048], [94.04824234816395, 25.31879245660652], [94.04829331497994, 25.31890359601029], [94.04834415693006, 25.319089309111696], [94.04852634155787, 25.320061762293655], [94.0485458026602, 25.3202043604627], [94.04853807714875, 25.3203940528764], [94.04848969478587, 25.320987876792987], [94.04848252892484, 25.321130395918555], [94.0484871633334, 25.32124873894252], [94.04853079899834, 25.32184050348384], [94.04853717254528, 25.32205479297819], [94.04851284976063, 25.322584953668574], [94.0484965911523, 25.322875728817422], [94.04849645101511, 25.323016534843646], [94.04851619059517, 25.323075564567002], [94.0485888607084, 25.323128177868277], [94.0494544557566, 25.323456611997297], [94.0495488408452, 25.32350073655177], [94.04973497446703, 25.323634933854436], [94.05027666487153, 25.324062648651275], [94.05037810443005, 25.324139301282973], [94.0504651943002, 25.324186636193378], [94.05053812941645, 25.32420160358644], [94.05069391345639, 25.324208213988204], [94.05114226081808, 25.324211408352497], [94.05124562187297, 25.324215902710847], [94.05133910056144, 25.324237208484277], [94.05139554620233, 25.32427935962242], [94.0514909248276, 25.324393497532764], [94.0517372707263, 25.324712744673707], [94.0518341612162, 25.32485602836451], [94.05187964920722, 25.324991845696378], [94.0520041143831, 25.32550700112552], [94.05204259282, 25.325645045798254], [94.05207299989407, 25.32570793276365], [94.05214031874311, 25.325778587893623], [94.0522412273973, 25.325857698107868], [94.05271644426746, 25.326214902057664], [94.05354777577408, 25.32682312534745], [94.05362362412681, 25.326889631467278], [94.05368502307816, 25.326966610345213], [94.05407798391266, 25.327565644083116], [94.0541422386083, 25.327670397444276], [94.05421107381356, 25.32782347804838], [94.05443391169959, 25.32840470936794], [94.05465290749113, 25.32905189638177], [94.0546891760724, 25.32916777224948], [94.0547058568889, 25.3292618786827], [94.05470111647915, 25.329406781709473], [94.05462566787676, 25.330329198570265], [94.05460858102175, 25.330474025620227], [94.05457399857825, 25.330615511339523], [94.05439228646428, 25.331248567680284], [94.05435321693591, 25.331436425667953], [94.05438371473984, 25.331623933418268], [94.05448613795357, 25.332046259586328], [94.05451833357334, 25.332136270813734], [94.05462985043272, 25.33229989036562], [94.05501497616135, 25.33279672026086], [94.05507371430282, 25.3328775536773], [94.05516234747863, 25.333052286731505], [94.05546550732745, 25.333801797711796], [94.05555712380834, 25.334001681191374], [94.05566324718275, 25.334136441694323], [94.05609452475741, 25.334620616787934], [94.05618387119556, 25.334732209326994], [94.05620239804996, 25.33478733694352], [94.05616614114678, 25.334860571107185], [94.05609942686391, 25.334933021726716], [94.05568305323816, 25.335348084330615], [94.05559550522719, 25.33543922896945], [94.05553702310556, 25.335517336652703], [94.05550337940153, 25.335606585348565], [94.05540216082858, 25.336058307417172], [94.05538660649944, 25.336152401185704], [94.05538925024132, 25.336220294602416], [94.05542910220225, 25.336304089195504], [94.05548687016324, 25.336384554099155], [94.05605218536141, 25.337123216101794], [94.0561096227424, 25.337203605765783], [94.05614697918345, 25.33728684109001], [94.05613955281103, 25.337376573997332], [94.05610423285067, 25.337492428904664], [94.05592265997556, 25.338027974680152], [94.05589490472825, 25.33812067695194], [94.05588588294782, 25.338211322622772], [94.05590735537808, 25.33827561413207], [94.05598271684387, 25.338400638518195], [94.05640284812249, 25.339043096410116], [94.05651981056911, 25.339231817513962], [94.0565994435241, 25.3393848485842], [94.05688641123992, 25.339958555056562], [94.05695682478513, 25.340086545133875], [94.05700333685562, 25.340138534010908], [94.05709197092976, 25.34018012753205], [94.05721957931082, 25.34021429151134], [94.05776527260826, 25.340347209433634], [94.05786919960178, 25.340361050373843], [94.05794546207783, 25.34035601833817], [94.05809850266289, 25.3403283080392], [94.0585577367075, 25.340235537637046], [94.05865584890618, 25.340234046210952], [94.05874768188106, 25.34026860880863], [94.05914726060428, 25.340508667215005], [94.0592298211688, 25.34056335297329], [94.05928015467245, 25.34062376407615], [94.05925859510565, 25.340698258802053], [94.05920431889619, 25.34077864446709], [94.05882486872353, 25.341288173801505], [94.0587451225808, 25.341408597435144], [94.05873335914217, 25.341464236737604], [94.05878219784921, 25.34152700425709], [94.05886284949375, 25.341584609859876], [94.05936073355342, 25.341909322632496], [94.05942858061191, 25.341945419185766], [94.0595776856777, 25.341995861464355], [94.05998936021624, 25.342106127103115], [94.06008985205212, 25.34213628559067], [94.06017784832241, 25.342179541131397], [94.0602375629326, 25.342251082947897], [94.0602848942666, 25.342335585372144], [94.06049745093418, 25.34274947379533], [94.06057924074418, 25.342899210745372], [94.06062197989046, 25.342957768010233], [94.06069720121907, 25.343024131306514], [94.06142060194095, 25.34352707674737], [94.06205550423432, 25.344007897833315], [94.06216801912197, 25.34410229230109], [94.06219651637772, 25.34415244060067], [94.06217020202813, 25.34422636810295], [94.06211197772298, 25.344303686674635], [94.06169570291186, 25.34480966880019], [94.06156318613613, 25.34498903489793], [94.06153325606749, 25.345055026876707], [94.06137183599745, 25.345539877574865], [94.06134465836683, 25.345632004175503], [94.0613355629246, 25.34572228051223], [94.06136592777781, 25.345807129604662], [94.06164560746174, 25.346263598580055], [94.06174848701966, 25.3463949941506], [94.06183546639706, 25.34644480539803], [94.06195743066317, 25.34649373659107], [94.06270453073888, 25.346775136841668], [94.06279856009463, 25.346814772365185], [94.06286112056763, 25.34686556982158], [94.06286020518435, 25.346920409390716], [94.06280364366081, 25.34704949701084], [94.0626907317178, 25.347271252962795], [94.06240616609706, 25.347844624093604], [94.06234324719622, 25.34797777312182], [94.0619576974628, 25.348852985392202], [94.0619382651066, 25.348938588095603], [94.06194813040506, 25.348977323410583], [94.06200703742978, 25.349046661168394], [94.06299526778565, 25.349860396576208], [94.06311984704756, 25.349982177150437], [94.06316407919383, 25.350066730189106], [94.06320628294421, 25.350180009232986], [94.06343849295358, 25.350844849497076], [94.06348133720275, 25.350957232386317], [94.06353050469318, 25.351034884367838], [94.0636588631675, 25.351107006260655], [94.06425145391265, 25.351331094400514], [94.0643479769916, 25.351369845997144], [94.064429366153, 25.35141761187916], [94.06445376978601, 25.35145102176404], [94.06447025387146, 25.35153673628125], [94.0644687042776, 25.3523023533351], [94.06446240888411, 25.352445097796], [94.06443594451582, 25.35258533119567], [94.06431254743681, 25.35309793945388], [94.06428835760285, 25.35321363399351], [94.06428928466421, 25.353301737993746], [94.06433342697895, 25.353380682468025], [94.06441403460603, 25.3534737748117], [94.06475268509509, 25.353842276913838], [94.06489206140638, 25.354013886773558], [94.06493100157734, 25.354103026032625], [94.06517761876722, 25.354900288812377], [94.0652270934815, 25.355089347230717], [94.0654062678548, 25.355922899644504], [94.0655620509964, 25.356600782726545], [94.06558526615831, 25.356717942407737], [94.06559584741404, 25.35686126044769], [94.06560256950732, 25.357390694728455], [94.06561230634667, 25.357582380182762], [94.06564382373843, 25.357725030739715], [94.06586774948424, 25.358552574204797], [94.06589980856008, 25.358644877596593], [94.06596923485682, 25.35877515816012], [94.06646805316443, 25.35960549254364], [94.0665340892193, 25.35971073200224], [94.06665454611236, 25.359869369080347], [94.06737817320972, 25.360762932413035], [94.06747792663043, 25.36090340131142], [94.06755021406133, 25.36110805688064], [94.06775472990881, 25.36180610689533], [94.06781128334752, 25.36196461053414], [94.06786644709247, 25.36204303227656], [94.06793492925988, 25.362114567212792], [94.06856238002791, 25.362726235214044], [94.06916598771173, 25.363269795453252], [94.06922759147899, 25.36334443857496], [94.06926238772152, 25.36343176161778], [94.06929032442852, 25.363548468229844], [94.06942391918263, 25.364160900921004], [94.06947175986141, 25.36434781328129], [94.06967838585149, 25.364898838071927], [94.06973799715541, 25.365032390411457], [94.06979729764227, 25.36511014293418], [94.0698684289414, 25.365181227988995], [94.07020148741782, 25.365494101898744], [94.07028146173263, 25.36560970096894], [94.07029714452088, 25.365796181694076], [94.07030076473146, 25.366443534743357], [94.07030657323808, 25.366585830680204], [94.0703214322712, 25.366653332817233], [94.07036852285673, 25.366734616018924], [94.07091869784912, 25.367403938358052], [94.07099997022948, 25.367497381108514], [94.07115124023511, 25.36763426178266], [94.07204052026412, 25.368376790572796], [94.07210701535809, 25.36844978442899], [94.07214865586477, 25.3685349560475], [94.07218679294184, 25.368649158536034], [94.07243329065578, 25.36943281974542], [94.07246073149278, 25.369525352651763], [94.07263262322408, 25.370178450277592], [94.07267038300874, 25.370264910436767], [94.07273447421099, 25.37033908739241], [94.0731612602092, 25.37070863465587], [94.07326926016424, 25.370815021084752], [94.0733856135531, 25.37100356273608], [94.07363620219489, 25.371457370887775], [94.07369960079603, 25.37156322907119], [94.07380877395084, 25.371699551580445], [94.07434569969114, 25.372300729795633], [94.07440207077182, 25.372380669138614], [94.07447052778636, 25.3725862175822], [94.0746356318474, 25.37322222620969], [94.07466341673911, 25.37331336502985], [94.0747088705942, 25.373387543360536], [94.07479280378443, 25.373423853722436], [94.07489428915702, 25.37344330917607], [94.0755229625322, 25.373540709769212], [94.07562304563463, 25.373565357377746], [94.07571240195428, 25.373611661622675], [94.07579438939361, 25.373672317567483], [94.07643669739817, 25.374182947681987], [94.07668517589734, 25.374365332565432], [94.07717991765018, 25.374693892181636], [94.07726724647222, 25.374748318172216], [94.07736049609028, 25.374790717930384], [94.07754193242148, 25.37482869499778], [94.07825611014033, 25.374944923093143], [94.07849035752875, 25.374993066003693], [94.07858535257341, 25.375032407387298], [94.07952781825715, 25.37551357636586], [94.07959413458634, 25.375572878345018], [94.07961072018145, 25.3756343449488], [94.07960473470672, 25.37577615606234], [94.07956179613443, 25.376213375849503], [94.07955663710977, 25.376308770272146], [94.07957166682277, 25.376396319321326], [94.07963110385356, 25.37646600009559], [94.08051849652213, 25.37711880940663], [94.08062331554275, 25.377192581207225], [94.08080305046481, 25.377295790066373], [94.08160924171989, 25.37772329320464], [94.08174320837652, 25.377799615586483], [94.08179844488502, 25.377846107317875], [94.0818447799874, 25.37792712083362], [94.08187768617455, 25.37801765712291], [94.08208193881566, 25.37864125340363], [94.0821314162249, 25.378777330120162], [94.08216597710883, 25.378839486595364], [94.08231364127691, 25.378970480716294], [94.08288351632349, 25.37939742034532], [94.08298698337957, 25.37947119887037], [94.08312163275585, 25.37954798520442], [94.0838201878736, 25.379901073964156], [94.0839971577812, 25.380004609212694], [94.0840672353565, 25.380075451759577], [94.08458073483081, 25.380725284868976], [94.08469860906743, 25.38088607271573], [94.08476472956391, 25.38101808156109], [94.08511361905059, 25.381806373073342], [94.0854205581118, 25.382445000064486], [94.08549112257401, 25.38257391177468], [94.08574064581384, 25.382997187302742], [94.08583230990543, 25.38314282617271], [94.08592486422748, 25.383259743425366], [94.08624759117981, 25.383641147446337], [94.086318272423, 25.383711457892094], [94.08650984354726, 25.383836283525078], [94.08710800294884, 25.384188359061106], [94.08727142716027, 25.3843033567135], [94.08736137546967, 25.38444777987777], [94.08759069829374, 25.384912316132382], [94.08764248886479, 25.385023751879757], [94.08769369553094, 25.385158639744642], [94.08790818896625, 25.3857719497646], [94.08795229984, 25.38585062549693], [94.08798625076783, 25.38587854692108], [94.08807824543945, 25.38591125744071], [94.08859986029401, 25.386013936195287], [94.08875719841939, 25.386037598442584], [94.08889046259347, 25.38604471026336], [94.08974619863143, 25.38606902014033], [94.08995897538627, 25.38608194120232], [94.09011338320718, 25.38611397968422], [94.09116246005051, 25.386375865975833], [94.09125235086773, 25.386412732417188], [94.09128523549532, 25.386442125901265], [94.09132692540935, 25.386522793602513], [94.0916490468972, 25.387535162705547], [94.09168745975705, 25.38767400169863], [94.09170750925588, 25.38781613790781], [94.09177065992203, 25.388460418885884], [94.09179937277345, 25.388649014148648], [94.09185357801604, 25.388783048264987], [94.09223555694619, 25.38957416034871], [94.09229032273748, 25.38965223467978], [94.09236925590487, 25.389711707445446], [94.09245898682197, 25.389762624835335], [94.09301019128368, 25.390057827761233], [94.09312327210996, 25.39012088898497], [94.09320557306135, 25.390178783062893], [94.09327009635327, 25.390252226324723], [94.0935640942845, 25.390680917951517], [94.09364138802648, 25.39080410599175], [94.09366265564083, 25.39086738269559], [94.09365095059269, 25.390955537961037], [94.09361933258964, 25.391045636800666], [94.09338235881432, 25.39165651557984], [94.09332278254466, 25.391788671710852], [94.09319330836277, 25.391968399824112], [94.09278189613232, 25.392496967741668], [94.0927275866852, 25.392579095396886], [94.09264853134694, 25.39273331274079], [94.09225971713578, 25.393535624739542], [94.09224326718629, 25.393622216686477], [94.0922786042146, 25.39370321556013], [94.0923371204722, 25.393782039501257], [94.092793426009, 25.394350205613954], [94.09286837335148, 25.394448851254015], [94.09290980095741, 25.394531525354875], [94.09291157782503, 25.394621382127998], [94.09276169481822, 25.39537363083358], [94.09265144009181, 25.395994663193243], [94.0926031385773, 25.396232062792134], [94.09249487361924, 25.3967034506573], [94.09249451339481, 25.39679368072707], [94.09253523492498, 25.396876283432608], [94.09261007716455, 25.39697498137847], [94.09296954072046, 25.3974261276031], [94.09312222736928, 25.39762436728195], [94.09365120481594, 25.398322560895387], [94.09372803772217, 25.3984210182687], [94.09379731040698, 25.398491840271465], [94.09397810354444, 25.39859219639176], [94.09495757263132, 25.3990527709102], [94.09511307819353, 25.399142673817636], [94.095234428012, 25.39929595200178], [94.09565948565161, 25.399933317129786], [94.09569985414385, 25.400018925841763], [94.09571228952233, 25.40018510217821], [94.0956934213081, 25.400866304938898], [94.09569773950967, 25.401155741976012], [94.09573798672936, 25.401728166852024], [94.09575142911926, 25.401822393700165], [94.09580985554534, 25.402005183140282], [94.09600808138919, 25.402549856020695], [94.096052884864, 25.402661611430517], [94.09611638587312, 25.402765567782534], [94.09619523909043, 25.40286295689414], [94.09669774857555, 25.40346028620298], [94.09677503063944, 25.403558817283823], [94.09685516395602, 25.403682255090665], [94.09728810431227, 25.404394140145996], [94.09732711185684, 25.404480876853853], [94.09734929665109, 25.404670425689538], [94.09736623708072, 25.405056979655424], [94.09736122897304, 25.405247711483614], [94.09733056138754, 25.405338874004823], [94.09727885256316, 25.405450589504763], [94.09705071551527, 25.405918784043216], [94.09699328082928, 25.406051981860706], [94.09698446027151, 25.40611683612099], [94.09701758115602, 25.406196966483325], [94.09707293175059, 25.406275141227596], [94.09731280888089, 25.406586046425318], [94.09743938869096, 25.406764967843134], [94.09748666073615, 25.40685062201652], [94.09773358335326, 25.407329415708162], [94.09775906226963, 25.40741412091904], [94.09775310194773, 25.407454439247775], [94.09770336133214, 25.407530961107177], [94.09713401629158, 25.408143608107064], [94.09704524477522, 25.40823380609031], [94.0969250861228, 25.40832927014717], [94.09631195809361, 25.408760391053708], [94.0962087542439, 25.408837131979574], [94.09609612976176, 25.408940959674123], [94.0956479827244, 25.40939596893859], [94.09554194558825, 25.409530464427416], [94.09552028002022, 25.40961960409952], [94.09551180172058, 25.409737855635175], [94.0954783233066, 25.410429310983048], [94.0954596985358, 25.41061905981495], [94.09542588145693, 25.4107606683612], [94.09527336908126, 25.411326149918395], [94.09526916137244, 25.411410775239187], [94.09528759390375, 25.411443715768172], [94.09536553712772, 25.411490846909217], [94.0962804128541, 25.411838438302713], [94.09655469995138, 25.411934231368964], [94.09703472999482, 25.41208348255765], [94.09715970631207, 25.412125710168613], [94.09730647485982, 25.412186274547974], [94.09798456455877, 25.41248365314482], [94.09810015797291, 25.4125450490248], [94.09820972638641, 25.412615601466914], [94.09894721448859, 25.41310721254846], [94.09899744468602, 25.413171213488514], [94.09897708167517, 25.41324604565084], [94.09892536925753, 25.413326293796825], [94.09866507072586, 25.413691086191083], [94.09859581241408, 25.413754383348408], [94.09850335511008, 25.413783828592756], [94.0983739806412, 25.41380089693223], [94.09750765346602, 25.413895546007556]]}, "properties": {"OBJECTID": 43253, "Name": "NH 2", "Road_Type": "National Highway", "Class_Code": 1, "Lane": " ", "Oneway": " ", "T_Elevatio": 0, "F_Elevatio": 0, "SL": 90, "Remarks": " ", "Bridge_Fly": " ", "Shape_Leng": 16838.391348, "ID": 43380, "Type": "", "NSEW_Corr": "", "Shape_Length": 16838.39134795325}, "id": 43253}, {"type": "Feature", "geometry": {"type": "LineString", "coordinates": [[93.13945676552176, 25.354135745155645], [93.13977587495845, 25.354544441609818], [93.13983861958607, 25.35461929225367], [93.13991102469629, 25.354679396787887], [93.1400054807518, 25.354707611164294], [93.14013593679232, 25.35472395400356], [93.14055932087055, 25.354767156335555], [93.1407156699508, 25.354791168087456], [93.14084193265558, 25.354823056569792], [93.14134544196558, 25.35496160276291], [93.14144419106982, 25.354991516133904], [93.14153276405852, 25.35503320114964], [93.14158454205315, 25.355082789658148], [93.14167013802502, 25.355202751454513], [93.14186152319797, 25.355492318231732], [93.1422061016696, 25.35600637779735], [93.14228529534842, 25.35613137655113], [93.14234214253625, 25.356239482972597], [93.14266524857763, 25.356897415044838], [93.14272138070648, 25.35705269915202], [93.14271575006629, 25.35714525696058], [93.14269570416072, 25.35723915167892], [93.1425107464336, 25.358015878930548], [93.14234942697487, 25.358837262419915], [93.14233413585211, 25.3589305746069], [93.14233579324383, 25.359020638889053], [93.14237500380767, 25.359103981775135], [93.14300803940186, 25.359959514649702], [93.14351415292786, 25.360678040239367], [93.14355901928472, 25.36076254927006], [93.14356299971976, 25.36089814284249], [93.14345590077494, 25.361437889635322], [93.1434289189771, 25.36155429052381], [93.14338386487233, 25.36169183868336], [93.1430801058472, 25.362534177214165], [93.14304326503907, 25.36264879935621], [93.14302480196504, 25.362742318839082], [93.14295372636145, 25.36338392093311], [93.14295480523809, 25.36354634151066], [93.14299346243973, 25.363632809661894], [93.14351882237071, 25.364421889157367], [93.14399125176854, 25.365141287599478], [93.14405590172288, 25.365244472661733], [93.14409162233187, 25.36532978940085], [93.1440835150364, 25.365491564487627], [93.14395631538882, 25.366224183327102], [93.14393312358312, 25.366341478976405], [93.14390406218536, 25.366432322655722], [93.14385464945484, 25.36654214960766], [93.14348785115467, 25.367305536862304], [93.14323521704898, 25.367861227594094], [93.1431915894689, 25.367948710524036], [93.14310135100366, 25.368097258793433], [93.14273890593935, 25.36866392399913], [93.14265437896272, 25.36878734716099], [93.1425568318043, 25.368902249898543], [93.14206704515857, 25.36944784891044], [93.14199804376496, 25.36952040299817], [93.14192035925583, 25.369577111340845], [93.14184869076418, 25.369595590957772], [93.14174383042105, 25.36960329871124], [93.14115233921379, 25.36961829214096], [93.14105146469558, 25.36960471104175], [93.14096303543734, 25.369558658506705], [93.14085976870554, 25.369482266795245], [93.1404713686177, 25.369181789555938], [93.14034384198335, 25.369093822941196], [93.1402300577762, 25.369031512100914], [93.13972056209313, 25.36876685199464], [93.13958094683001, 25.36869982750044], [93.13950915437081, 25.368680371282974], [93.13940829242901, 25.368687068540304], [93.1393051424782, 25.368709953336186], [93.13842509263876, 25.368929397642972], [93.13829572535636, 25.36895943986264], [93.13819221697777, 25.36897194960562], [93.13808939491203, 25.368959786453622], [93.13796084958814, 25.36893025397456], [93.13729220836932, 25.368764252152122], [93.13718955608516, 25.368741491555078], [93.13708810934014, 25.36873283893941], [93.13691552860101, 25.368782756244055], [93.13615840063181, 25.36908751856321], [93.13605914218279, 25.369122474699402], [93.13588072868252, 25.369167007922417], [93.13521147750764, 25.369315282779212], [93.13508227102372, 25.36934054326099], [93.1349000576498, 25.36935649288927], [93.13440258232353, 25.36937724931842], [93.13416916677505, 25.369396522794418], [93.13401833155402, 25.369440695528123], [93.13342348513919, 25.36965289260608], [93.13333047267636, 25.369696577424236], [93.13325012915399, 25.369755818135797], [93.13280487469181, 25.370161758881874], [93.13265928832699, 25.37029906266961], [93.1322139440333, 25.370735439466927], [93.13214068552357, 25.370802464455334], [93.13205834953789, 25.370857802899266], [93.13188547864294, 25.370919603065616], [93.13119774552942, 25.37112956463129], [93.13101802857366, 25.37117510683655], [93.13080540453244, 25.371183584767504], [93.13010886882742, 25.37118112133812], [93.12992155571764, 25.371177931460817], [93.12978996869818, 25.37116844137239], [93.12907988370377, 25.371104993634876], [93.1282298429847, 25.37106329386982], [93.1280469388063, 25.371068090865442], [93.12794837385673, 25.371097807072008], [93.12725145097782, 25.37139880632171], [93.12705642133974, 25.37148083388079], [93.12692100839551, 25.371546260275238], [93.12687911725887, 25.3715882739902], [93.12688284167403, 25.371665555584183], [93.1269160865261, 25.3717534724381], [93.1270432179017, 25.372046086337974], [93.12726092011926, 25.372561607922123], [93.12733179539852, 25.372716342699768], [93.12738111650089, 25.372799941555044], [93.12769022948513, 25.37326998102181], [93.12777943309112, 25.37343741978251], [93.12778518949546, 25.37360020832629], [93.12774465571322, 25.374147984081695], [93.12773243772703, 25.37426652441942], [93.12770547120054, 25.37440830629595], [93.12754631129177, 25.375138634172526], [93.12750612964909, 25.375302318104243], [93.12742994263154, 25.375480213714102], [93.12697816370547, 25.376398983119064], [93.12692807993344, 25.376482331876307], [93.12682805342486, 25.376595552887977], [93.12610575224089, 25.377318053956092], [93.12597439519014, 25.377468985829818], [93.12593603263593, 25.37755569400021], [93.12590048630015, 25.37767015336478], [93.1256977050995, 25.3783620099633], [93.1256065808954, 25.37863676187919], [93.1252966818853, 25.379478721756502], [93.12525138613374, 25.37956268034801], [93.12512409845121, 25.379682492044747], [93.1245600732338, 25.380128991478276], [93.12437031580812, 25.38026277046664], [93.12383553524475, 25.380587400455973], [93.12358554398263, 25.38072806381979], [93.12298479114482, 25.38104418123259], [93.12273696302591, 25.38118545926205], [93.12176684001125, 25.381775821927384], [93.12168755200933, 25.381837002936987], [93.12157035420408, 25.381995540357412], [93.12126525758751, 25.38247754270195], [93.12117613393154, 25.38267728403568], [93.12097901032054, 25.383199476178525], [93.1207748313413, 25.383771867723073], [93.12073095402957, 25.383885189030853], [93.12066355523045, 25.384015064992532], [93.12040237994306, 25.384459648488342], [93.12035791153984, 25.384546253438106], [93.12030852575877, 25.384681637713577], [93.12009046601179, 25.385369272082237], [93.12004731453878, 25.385530757382988], [93.12003777892205, 25.38562692680594], [93.12000262515004, 25.386865103820842], [93.12000137469514, 25.38698642914979], [93.12001274826497, 25.387155002942325], [93.12005802515193, 25.387611747513674], [93.12008268929638, 25.387827662896658], [93.12015958957626, 25.388377942704835], [93.12018562724477, 25.388466749034112], [93.12028536808907, 25.38856640581266], [93.12069923092363, 25.388829061819727], [93.12078745985757, 25.388881678165784], [93.1208811900743, 25.3889224466071], [93.12106224102824, 25.38895807383921], [93.12172135112189, 25.38905760360985], [93.12187684320935, 25.389089103242277], [93.12207186655925, 25.389164401565154], [93.12253103682345, 25.389359634219137], [93.12262476883683, 25.389402738143296], [93.12270246412575, 25.389457438301758], [93.12273658753013, 25.389516339020354], [93.12277673234185, 25.389654485918022], [93.12288807402976, 25.39010402829731], [93.12292624703942, 25.39029325237456], [93.12292289542512, 25.3904363561068], [93.12287077517233, 25.391011436061007], [93.12286843595932, 25.39120099469303], [93.12292527955388, 25.39135782045774], [93.12331329606106, 25.392197470470734], [93.1233912976755, 25.392350726637567], [93.12386684063407, 25.393267281255067], [93.12397461960356, 25.39346029911696], [93.12447977372885, 25.394216083542943], [93.12455079273859, 25.394316425365464], [93.12469955644458, 25.39448252515671], [93.1252337827474, 25.39503999222771], [93.12578830917904, 25.39562737869859], [93.12589483140543, 25.39573539865374], [93.1260097376084, 25.39583641844527], [93.12648105848513, 25.396230794409433], [93.12662514017187, 25.39636993258432], [93.126698693329, 25.396522149598], [93.12710766034526, 25.397594131753294], [93.12715954703607, 25.39766971041699], [93.12722122356686, 25.397706101118903], [93.12731925222221, 25.39774013522807], [93.12775565378726, 25.39786781742213], [93.127935518965, 25.397906290357874], [93.12803929054999, 25.397899524932367], [93.12816987864285, 25.39787701408599], [93.12882333294345, 25.39775394768533], [93.12905906614536, 25.39771847723347], [93.12924436523227, 25.39772498785963], [93.13004269533033, 25.397791050042724], [93.1301469933281, 25.397796145418187], [93.13023906705143, 25.397780724583026], [93.13028974999978, 25.39773794500279], [93.13036972251793, 25.397616484410754], [93.1304830611607, 25.39742318430267], [93.13088948324977, 25.39674198239239], [93.13094981769748, 25.396670139304298], [93.13098888542919, 25.39664721355086], [93.1310845164811, 25.396626924364977], [93.13179457901765, 25.396577621515473], [93.1319746552995, 25.396580318951138], [93.13207048937065, 25.396612348154697], [93.13218669184252, 25.396667518963373], [93.13281138568101, 25.396977041777568], [93.13289639235802, 25.397030543164284], [93.1329673017733, 25.397099432991507], [93.133524179096, 25.39777105481032], [93.13361338360035, 25.39788730788918], [93.13364071214795, 25.397948514816743], [93.13363743509376, 25.398036797183657], [93.13350227727108, 25.39852303881359], [93.13347166358449, 25.39861237245025], [93.13342074348094, 25.398687775194603], [93.133246245737, 25.39878962753595], [93.13247054959086, 25.399171286798836], [93.13238048450046, 25.399219632659182], [93.13231177505934, 25.399278947340047], [93.1322926481303, 25.399339669917055], [93.13229146415077, 25.39948015400442], [93.13230235981682, 25.399720903846756], [93.13232896701722, 25.400463417937615], [93.13232779381748, 25.40072646921099], [93.132301223448, 25.401276095404597], [93.13227906829815, 25.401464202424236], [93.13219592921861, 25.4016385149919], [93.13189582903163, 25.402173705933198], [93.13186132743651, 25.40226199251204], [93.13185225535045, 25.402355326332845], [93.1318743512115, 25.402883162262533], [93.13189170306953, 25.403049195894656], [93.13195887010335, 25.40323033134728], [93.13225935476925, 25.403924535064338], [93.13232174007078, 25.404057549261115], [93.13269537544858, 25.4048298995556], [93.13304560432333, 25.40557633230673], [93.13310547254545, 25.405708697151923], [93.13316505600163, 25.405868796077463], [93.1333401565151, 25.4063774618546], [93.13338418384551, 25.40654048430761], [93.13337962309882, 25.406732184266087], [93.13331829511436, 25.407455552529377], [93.13330911523046, 25.407719718065202], [93.13331133227261, 25.408294539577394], [93.13331491116067, 25.40841366063508], [93.13333162611316, 25.40850631053574], [93.13339005792916, 25.40863914684762], [93.13375664063366, 25.40936083053324], [93.13382629869572, 25.40949052166682], [93.1339069710015, 25.409615744197392], [93.13462064656214, 25.41066677873773], [93.1346520310032, 25.410751006120062], [93.13464303976555, 25.410816926477047], [93.13458761281417, 25.41095148123677], [93.13427861211939, 25.4116272265709], [93.13418403658797, 25.411799328803426], [93.13411944951567, 25.4118732262728], [93.13373399859692, 25.41226285344873], [93.1336094615558, 25.41241144050844], [93.13358352270198, 25.41247703702225], [93.13355134235357, 25.412616907812946], [93.13342417594363, 25.413254017565173], [93.13338371941651, 25.41339102973977], [93.13333348562583, 25.41347508239359], [93.132925508553, 25.414019099001163], [93.13283164538562, 25.414133986278546], [93.13277574592044, 25.414174622857832], [93.1326819591098, 25.414189644830447], [93.13257802672639, 25.414185664989667], [93.13202068946623, 25.41414315898363], [93.1319159459041, 25.414137514991094], [93.13181941923189, 25.414145821137033], [93.13177990952904, 25.414164802670197], [93.13171838481357, 25.414232391801146], [93.13136543404349, 25.41479382208483], [93.1312466516101, 25.414951065877894], [93.13117360240783, 25.41502170210713], [93.13053233195743, 25.41560820507121], [93.13044919647112, 25.415663661721766], [93.1303513816148, 25.41569266835774], [93.12950690775554, 25.41581662276261], [93.12935115246167, 25.41584565045748], [93.1287572375998, 25.415968826598892], [93.12860791244675, 25.41600616514313], [93.12854791756217, 25.416038424487137], [93.1285009877751, 25.416114306407614], [93.12847113136834, 25.416206041657055], [93.12830309520622, 25.416796487783262], [93.12830429625377, 25.41688180379477], [93.12834211353058, 25.416933239541155], [93.12846030846578, 25.41702302364514], [93.12907067776875, 25.417444161300423], [93.12918289351741, 25.417509054871026], [93.1301042820296, 25.41796511659509], [93.13119965983927, 25.418496154787675], [93.13143386231194, 25.41860819643514], [93.13216743914936, 25.418949921518674], [93.13242728313348, 25.419074680681103], [93.1332519365643, 25.41948634759787], [93.13342074078598, 25.41955619903038], [93.1335246013042, 25.419571160292758], [93.13427509970664, 25.419600183026997], [93.13438082692399, 25.419595192425106], [93.13456039116612, 25.419549612504408], [93.1351705852976, 25.41935382830185], [93.13527176793794, 25.41932480064021], [93.1353698073731, 25.419315335431993], [93.13546019046709, 25.419349256346237], [93.13554744922054, 25.419402613126618], [93.13611144389526, 25.419771323792965], [93.13621741186113, 25.41984429306463], [93.1363321159431, 25.419944133254152], [93.13669460232995, 25.42029694236975], [93.13677127623437, 25.42036306196664], [93.13692301246566, 25.42046178288561], [93.13763907844326, 25.420889212636084], [93.13774841598975, 25.420958808495353], [93.13788568395505, 25.42107117888009], [93.13871071557662, 25.421816819853465], [93.13874997285284, 25.42188662044436], [93.13873260572345, 25.42194189733656], [93.13864367251031, 25.422055564124022], [93.13844390515743, 25.422284153316202], [93.13800232570313, 25.422797544793866], [93.13787857378958, 25.422953321007803], [93.13778681357823, 25.4231280763312], [93.13758291936495, 25.42355190247368], [93.13754306381075, 25.42364111453525], [93.13752097244125, 25.423730685134302], [93.13753847521627, 25.423820769232172], [93.1375737179215, 25.423911216733583], [93.13781505571245, 25.424477014689675], [93.13783784956446, 25.424566501913496], [93.13783427696461, 25.424610166858088], [93.13779731039236, 25.424695346718458], [93.13728703407331, 25.425515568333033], [93.13719257442455, 25.42568728159662], [93.13715161484086, 25.42580018060162], [93.1370018369369, 25.42625818648234], [93.1369749431739, 25.426349517285857], [93.13696464668415, 25.426439623765432], [93.13698216832377, 25.42650612292725], [93.13704645356212, 25.426636995533045], [93.13726866981395, 25.427049500656054], [93.13732420635976, 25.427130842167315], [93.13744487615354, 25.42725923477269], [93.13782116245974, 25.427636399429286], [93.13794295155441, 25.427717007135193], [93.13814718892415, 25.427743422845612], [93.13883363115863, 25.427787196163788], [93.13896459474725, 25.427798021244925], [93.13906472815533, 25.427817957954016], [93.13915534121804, 25.427862069554088], [93.14018095496446, 25.428542410974718], [93.14030386874984, 25.42863247281653], [93.14044556540951, 25.428778202633328], [93.14085464291851, 25.42923083785973], [93.14092056309072, 25.42930753411662], [93.14102646727618, 25.429474870792365], [93.1413280631581, 25.430042346312657], [93.14141418015281, 25.430218991366928], [93.14144300349702, 25.430310428690987], [93.14163886228008, 25.431103075946027], [93.14167891366704, 25.431314570763323], [93.14173888070381, 25.43195815943622], [93.14174414213643, 25.432052980846173], [93.14173379534101, 25.432145580130545], [93.1416792119077, 25.43227920003741], [93.14144267471362, 25.432763521268097], [93.14138823411245, 25.43284273504659], [93.14122527343169, 25.432958630625585], [93.14067258315653, 25.43328765780942], [93.14006159671098, 25.433637805082547], [93.13988644679014, 25.433747699059918], [93.13975867401739, 25.43386821952735], [93.13930614679468, 25.434339012475945], [93.13924569287101, 25.434416111105566], [93.13920255127951, 25.43450337056387], [93.13903266818114, 25.434963524802797], [93.1389905461775, 25.435103017422577], [93.13897490291514, 25.43529276635804], [93.13895143622496, 25.435961915359137], [93.13894714587119, 25.43622545462419], [93.13894782409923, 25.436897825524], [93.13894554776827, 25.437186559537086], [93.1389339056022, 25.437885726324968], [93.13893296237114, 25.438152228024414], [93.13893774859498, 25.438809033051797], [93.13894224556128, 25.438978514370014], [93.13898903431287, 25.43972050846732], [93.13900508630869, 25.439887650591626], [93.13902609430993, 25.440006748542633], [93.13913328757783, 25.440553476512427], [93.13915662850386, 25.440647398830166], [93.13922463007255, 25.440826932449646], [93.13938988415222, 25.441227981052396], [93.13943977478645, 25.44133750549847], [93.1394902403425, 25.441420134474374], [93.13981131619133, 25.441854337210838], [93.13990296770652, 25.441969888284415], [93.14004404542696, 25.442113079147497], [93.14049723650461, 25.442551735271806], [93.14070523601877, 25.44273929117777], [93.14131271364484, 25.44325416109845], [93.1414273287936, 25.443356314058345], [93.14151337661804, 25.443445833498263], [93.14181355495843, 25.44377632542961], [93.14193842796945, 25.443928234375818], [93.14202526002312, 25.444074408876077], [93.14225037334177, 25.444477350505473], [93.1423295571391, 25.444629566815586], [93.14272904423416, 25.445450381158466], [93.14325156728546, 25.446560414917446], [93.1432847465605, 25.446651106543754], [93.14330129352803, 25.446745488092564], [93.14336508559131, 25.447515721115053], [93.14339298007751, 25.447876456438138], [93.1433877887135, 25.447946996308488], [93.14335899770862, 25.448036865188826], [93.1429251581388, 25.44896122078013], [93.14285509313989, 25.449088707588597], [93.1427225637877, 25.44923969080177], [93.14224650070456, 25.449732994593713], [93.14214408288072, 25.449844910669547], [93.14206755989325, 25.4499428482024], [93.14169784206838, 25.45044233649205], [93.1416411673571, 25.450522869724292], [93.14159840754958, 25.450606929736182], [93.14158753254476, 25.45077147246472], [93.14162002460857, 25.45152172342634], [93.14164477858456, 25.45171005621418], [93.14169168501545, 25.451793951548602], [93.14207605256594, 25.452290551842932], [93.14216493816834, 25.452411580176644], [93.14224192468652, 25.45253698522597], [93.14267359302829, 25.453278838191224], [93.14274213897605, 25.45343024442089], [93.14274638531244, 25.45352336909784], [93.14263805837061, 25.45445751812401], [93.14261202699032, 25.454598939700766], [93.14253556329164, 25.454773426062882], [93.1423087800049, 25.455225000817244], [93.14225802968292, 25.455306288424424], [93.14213502247277, 25.45543355681462], [93.14170100862975, 25.455833413921603], [93.14158568381191, 25.45593554728671], [93.14148579474555, 25.456012885154436], [93.14085250043655, 25.45647855379417], [93.14071144786898, 25.456585721914287], [93.14014937738558, 25.457053043784274], [93.14005468147992, 25.457135178562485], [93.1399737477644, 25.45722706183153], [93.13990962062954, 25.457330936243796], [93.13964192357315, 25.457798256031296], [93.13955689353996, 25.457972147282188], [93.13952105884495, 25.45811246813743], [93.13930287602875, 25.459130250342465], [93.13926796031026, 25.45921770358493], [93.1391496962048, 25.45934127661225], [93.13853228949993, 25.45986819383405], [93.13789547379501, 25.460421492959874], [93.13762246769532, 25.46065553679981], [93.13751266122826, 25.460757963735684], [93.13747616716982, 25.460814609721027], [93.13747022122098, 25.460902300193954], [93.13765299155035, 25.461850724251693], [93.13771674678273, 25.462132810175913], [93.13788731080402, 25.46281018499789], [93.13791709354895, 25.462950999822304], [93.13792929446714, 25.463092898051578], [93.13795088996658, 25.463592462350057], [93.13795859571509, 25.463710612253692], [93.13797802896964, 25.463800912198227], [93.13801223322238, 25.4638631813823], [93.13810320291624, 25.463980544302423], [93.13847114567012, 25.46442481185856], [93.13855990011848, 25.46454192848411], [93.13858627106197, 25.464603327844518], [93.13857968371599, 25.464692289707003], [93.13854461169068, 25.464807723967876], [93.13832638485702, 25.465457262657452], [93.13829013783531, 25.465573199028153], [93.13827418555249, 25.46566616751112], [93.13830425575833, 25.465829365228885], [93.13846335997155, 25.46639108385079], [93.13852702357575, 25.466543980481298], [93.13859728350907, 25.466609283936215], [93.13940892214804, 25.467141207435596], [93.13967222644264, 25.467304258789706], [93.14025438684902, 25.467648887877466], [93.14125609103586, 25.468213812078204], [93.14142960422622, 25.468324690705927], [93.1414978456451, 25.468396173972856], [93.14192467386417, 25.468945634273943], [93.14201924310737, 25.469087628431726], [93.14207631936557, 25.46929642965965], [93.1422079809452, 25.469939185165195], [93.14223088259504, 25.470031710707566], [93.14227199668896, 25.470109295793957], [93.14233003055128, 25.470144623288608], [93.14247769022778, 25.470189360890533], [93.14350156932736, 25.47045536854536], [93.14358784262892, 25.470493928605173], [93.14361573801347, 25.47052466813167], [93.14364082256944, 25.470609231593407], [93.1437271767194, 25.471500005554898], [93.14373355116467, 25.47164393254825], [93.14370044375487, 25.47185909241349], [93.14358100285637, 25.472479778493362], [93.14357175020892, 25.472669831842882], [93.14362875011035, 25.47326085028736]]}, "properties": {"OBJECTID": 43473, "Name": "NH 27", "Road_Type": "National Highway", "Class_Code": 1, "Lane": " ", "Oneway": " ", "T_Elevatio": 0, "F_Elevatio": 0, "SL": 90, "Remarks": " ", "Bridge_Fly": " ", "Shape_Leng": 20708.7353982, "ID": 43604, "Type": " ", "NSEW_Corr": "EW", "Shape_Length": 20708.735398167115}, "id": 43473}, {"type": "Feature", "geometry": {"type": "LineString", "coordinates": [[93.14362875011035, 25.47326085028736], [93.14400360001041, 25.474133200216528]]}, "properties": {"OBJECTID": 43474, "Name": "NH 27", "Road_Type": "National Highway", "Class_Code": 1, "Lane": " ", "Oneway": " ", "T_Elevatio": 0, "F_Elevatio": 0, "SL": 90, "Remarks": " ", "Bridge_Fly": " ", "Shape_Leng": 115.377087435, "ID": 43605, "Type": " ", "NSEW_Corr": "EW", "Shape_Length": 115.3770874353101}, "id": 43474}, {"type": "Feature", "geometry": {"type": "LineString", "coordinates": [[94.09750765346602, 25.413895546007556], [94.09722178259317, 25.41454993712253], [94.09717556247514, 25.414662730530544], [94.09715698890835, 25.41475277028735], [94.09717805350343, 25.414842547089787], [94.09759165672486, 25.415738699237746], [94.09764656983987, 25.415848915423638], [94.09776862393753, 25.416005386225788], [94.09851639505474, 25.41679424516511], [94.09864438791476, 25.416915928235202], [94.09884507963406, 25.41703591786315], [94.09944553153628, 25.417361118314922], [94.09953577359477, 25.41741279969973], [94.0996142917405, 25.417473359800965], [94.09966603290421, 25.417552622574494], [94.099715697163, 25.417663067528828], [94.09993383865674, 25.418178763469104], [94.09998535793657, 25.418288853286928], [94.10003683409732, 25.418373131329112], [94.10046566645775, 25.418960657333383], [94.10057583225093, 25.41912616417302], [94.10062984615234, 25.419260780248557], [94.10085157911057, 25.419928019115634], [94.1009020338868, 25.42006445414248], [94.1009550425734, 25.420173666798004], [94.10125062962439, 25.420737437719612], [94.10132298802219, 25.420859985754614], [94.10137037145849, 25.420901076851028], [94.10146081294296, 25.42090928841564], [94.10156427730412, 25.420894072558777], [94.10211935350473, 25.420791300161802], [94.10219646578703, 25.42077193671922], [94.10234386944369, 25.420715090969306], [94.10343063330811, 25.420238541049876], [94.10352207551581, 25.420189641352533], [94.10367811647393, 25.420062454988564], [94.10433390369931, 25.419470824060166], [94.10441395437093, 25.41941768556293], [94.10445904081506, 25.419404872734578], [94.10455944461604, 25.41940707717077], [94.10556085235879, 25.41956471575358], [94.10577227625079, 25.41959251741047], [94.10593281776846, 25.419602013428175], [94.10713896324259, 25.419657027679985], [94.10723546745695, 25.41968028090159], [94.10731142450578, 25.419739312097253], [94.10788220595246, 25.4204164726583], [94.10809448593893, 25.42066153842528], [94.10856885030788, 25.421199092760716], [94.10903351197342, 25.421716216127063], [94.10912699335684, 25.421828466539864], [94.10915766812886, 25.421888398885518], [94.10916157849529, 25.421978847836904], [94.10914669969922, 25.422073746061898], [94.10907121246927, 25.42245697053387], [94.10904899892894, 25.42259964018719], [94.10905148636392, 25.422668809923426], [94.10908633111552, 25.42275607707694], [94.10913671043326, 25.42284087449023], [94.10952189455236, 25.423452328140517], [94.10961951357599, 25.423623989985007], [94.1099634156162, 25.424507053631817], [94.10999307349532, 25.42459484356355], [94.10999199102537, 25.424666012855063], [94.10992194758606, 25.424700762237606], [94.10982083950587, 25.424718714174713], [94.10902011719423, 25.424829158243035], [94.10891531075004, 25.42484562221347], [94.10882152124448, 25.424873827497407], [94.10878671422218, 25.42490040447084], [94.10874094865169, 25.42497815575508], [94.10855777947032, 25.425478311430936], [94.10849326246661, 25.425605402836737], [94.10834167355904, 25.425734517507568], [94.10788357408664, 25.426063420004585], [94.10776455359971, 25.426158207921645], [94.10771180542456, 25.426212390840405], [94.10732014804549, 25.426674572540605], [94.10722888550085, 25.426791402990187], [94.1072010467102, 25.426852957900532], [94.10720505948457, 25.42694127427896], [94.10723619599062, 25.42705629608708], [94.10741037393434, 25.427634583753413], [94.10745035345606, 25.427720283949224], [94.10749665172747, 25.427775694463328], [94.10760824045208, 25.42787635316773], [94.10797417457293, 25.428188310892025], [94.1080782192458, 25.428293792368102], [94.10812750621218, 25.42837821106986], [94.10835683801935, 25.428897271814055], [94.1084070520471, 25.429033888151714], [94.10841473084616, 25.429127433279373], [94.10840437327093, 25.42924654349048], [94.1083219411655, 25.42996405555039], [94.10829714586706, 25.430105554568236], [94.10827303598312, 25.43017425351262], [94.10810082714654, 25.430556767512734], [94.1080472165887, 25.430666592908135], [94.10799022387381, 25.43074011373976], [94.1078556301931, 25.43079700100413], [94.10732021631748, 25.430930994780265], [94.10718804269814, 25.43098868349064], [94.10714765444298, 25.431043415901858], [94.10709412024192, 25.431178249879803], [94.10685846609174, 25.43185158109159], [94.10679008812895, 25.432060747889494], [94.1065242703482, 25.433022062069757], [94.10648462589805, 25.433099929802655], [94.10645126246843, 25.43312335241723], [94.10635726635033, 25.433138959378542], [94.10625077915823, 25.43314007972431], [94.10546476586106, 25.4331326210282], [94.10536045798186, 25.433135668920507], [94.10527808965679, 25.43316012101299], [94.10525014576325, 25.433209795876646], [94.1052318093517, 25.43334577130061], [94.10520324741722, 25.433728082965548], [94.10518583986367, 25.433894164174518], [94.1051627091434, 25.4340376648005], [94.10502618588144, 25.434825820006655], [94.10500642474184, 25.434969453378297], [94.10500295005833, 25.435112601455007], [94.10501155681705, 25.435782398014418], [94.10500189813112, 25.435971754051902], [94.1049732310938, 25.436062434993353], [94.10464464622748, 25.436819951322274], [94.10456246654864, 25.436965363779954], [94.10448600105335, 25.437028675486125], [94.10437623141722, 25.437097521371847], [94.10363620377773, 25.43754171535282], [94.10355045509229, 25.437597274672243], [94.10348695677808, 25.437662154146995], [94.10347324848688, 25.437724514730032], [94.10348440735933, 25.437865398648764], [94.10358089091241, 25.438632364898147], [94.10361073474279, 25.438719068862156], [94.10365748396849, 25.43877272938616], [94.10373678364851, 25.438835963887865], [94.10413723283925, 25.439123761978678], [94.10422489224128, 25.439159427922466], [94.1042938343461, 25.43915323022929], [94.10443731955147, 25.439103489674114], [94.10489502735841, 25.438921742105585], [94.10504180129603, 25.438873687166424], [94.10527560132347, 25.438844763175027], [94.10595941239248, 25.43878836725314], [94.10608928273142, 25.43877468847996], [94.10618430652215, 25.43874886332188], [94.1062617188418, 25.43869024055752], [94.1063304336728, 25.438617032029658], [94.10676635643578, 25.43812360482362], [94.10683712032397, 25.438052225261096], [94.10691956320916, 25.43799620943231], [94.10701355932726, 25.43795537564436], [94.10740662077306, 25.4378108210358], [94.10754599079615, 25.437751836008207], [94.10759618056937, 25.43771104999976], [94.1076195134106, 25.437583143910373], [94.10759234835639, 25.437000771580163], [94.10760654083953, 25.43692494093687], [94.10763114300023, 25.436907375341907], [94.10771492617182, 25.43691245283993], [94.10865795420091, 25.437151895689276], [94.10889080201412, 25.437192613743786], [94.10970070780293, 25.43729920683314], [94.10983027810458, 25.43732058271242], [94.11001045230279, 25.437367243769533], [94.11080455043754, 25.437595839611845], [94.11089721884562, 25.437605353680457], [94.11093384405808, 25.437590666417876], [94.11098780316223, 25.4375226539445], [94.11129667988952, 25.436906895904087], [94.1113291629702, 25.4368170308866], [94.11133796017178, 25.43660339433687], [94.11132020946177, 25.435977195023906], [94.11132135481377, 25.4358826703707], [94.11134280927767, 25.43579802004478], [94.11141019819536, 25.435734602230724], [94.1114980974476, 25.435681158576863], [94.11216076397145, 25.435306159158046], [94.11234143493802, 25.43520063839093], [94.11247112561391, 25.435117000829056], [94.11298479486975, 25.434775655005527], [94.11318537879124, 25.434660462902748], [94.11389978647883, 25.434347518419543], [94.11399486955837, 25.434309495995198], [94.11408876776008, 25.434291670419164], [94.11418124303037, 25.43431890486097], [94.1142725154565, 25.43436658033026], [94.11472733248485, 25.434624684486103], [94.11493649801224, 25.434728640052523], [94.11511670365151, 25.43476472752302], [94.11577579937207, 25.434855796337033], [94.11590786878683, 25.43487020973214], [94.11606599293809, 25.434874555572847], [94.11704331864472, 25.434875557460675], [94.11714706956846, 25.434866662967885], [94.11734778733893, 25.43480591447312], [94.1179182400022, 25.434600315438065], [94.11800410457032, 25.43455173470919], [94.11806379492599, 25.43447862912854], [94.11811194372692, 25.43439429258049], [94.11844666767989, 25.43376863343671], [94.11851516601693, 25.433666727079178], [94.11859513045026, 25.43357091477558], [94.11905551972829, 25.433041465729623], [94.11911309185655, 25.432961824548748], [94.11918197287592, 25.432805613456296], [94.11933235624437, 25.43238975967751], [94.11936884401457, 25.43230034884266], [94.1194209480977, 25.43222672431009], [94.1195072654167, 25.432188424575674], [94.12065376724753, 25.431966306968864], [94.12088800295786, 25.43192616882504], [94.12151241562364, 25.431833714588635], [94.12166681805466, 25.431816219642744], [94.12173959596575, 25.431822067246518], [94.12182749521797, 25.43186396100355], [94.12191026149668, 25.43192278098206], [94.12233952145519, 25.432248346902046], [94.12244425783081, 25.43232205822652], [94.12260264518845, 25.432405828341818], [94.1230698365098, 25.432624163853873], [94.1232621038284, 25.43269539087063], [94.12344624678354, 25.432714884632915], [94.12400638139749, 25.43275059384839], [94.12410221546862, 25.43277147323277], [94.12413967431765, 25.432795252865283], [94.12419373582978, 25.432869414914965], [94.12452861429298, 25.43355130514246], [94.12485482311533, 25.434279605521347], [94.12490306623936, 25.434362721220445], [94.12502321321368, 25.434488622890775], [94.12562392383069, 25.435035990828855], [94.12569388642163, 25.43510504147557], [94.12573543260523, 25.43517718697544], [94.12572352723275, 25.4352362965726], [94.12564988604069, 25.435359942077437], [94.12525074210207, 25.43596244590872], [94.12509056889367, 25.436183408248827], [94.12468310835216, 25.43668510824456], [94.1246347098196, 25.436766990833206], [94.12461343591704, 25.436858713608956], [94.12460293371305, 25.436978650122786], [94.12455961695004, 25.43760602294258], [94.12454000313414, 25.437845233214144], [94.12448082841141, 25.438462965837445], [94.12447231507748, 25.438581045493287], [94.12448162072552, 25.438671477859785], [94.1245260361281, 25.438754599452146], [94.12486962824953, 25.439187200722564], [94.1249838786823, 25.43932093936908], [94.12505732134672, 25.439388600382284], [94.12550321451101, 25.439758732798072], [94.12568252363161, 25.439901230270628], [94.12611381737592, 25.44022886187086], [94.1262647729712, 25.44032306268629], [94.12636249260613, 25.440347092302744], [94.12695946353662, 25.44041177722892], [94.12711311677272, 25.440435907417452], [94.12728805918273, 25.440493241946104], [94.12766039110505, 25.440630936207572], [94.12780326815097, 25.440690153452667], [94.12785902478406, 25.44073095792132], [94.12789723552295, 25.440812157158522], [94.12791733981902, 25.440906307223024], [94.12802572964289, 25.441509006393062], [94.12803694241428, 25.441674269731212], [94.12800470547198, 25.441761131311665], [94.12795780083772, 25.441845836664488], [94.12758631243345, 25.442478262208194], [94.12749173241045, 25.442651146184534], [94.1270551278262, 25.44348493191774], [94.12702059568834, 25.44357505721848], [94.12700833009146, 25.44366897717985], [94.12699864265944, 25.444656022621423], [94.12696827421293, 25.44572531204413], [94.12696165542592, 25.445846514078912], [94.12693381663526, 25.446013263206783], [94.12669130205127, 25.44715034405043], [94.12665927980635, 25.447316581152215], [94.12664503162763, 25.4474364861618], [94.12656940875206, 25.44825447964145], [94.12654945986456, 25.44842247461177], [94.12652749246256, 25.448542007011905], [94.1263890683655, 25.449233996539462], [94.12636506897438, 25.44937760137274], [94.12635440058204, 25.449570030558757], [94.12632632373787, 25.450486172942377], [94.1263202789743, 25.450606530655648], [94.12629839870893, 25.450773983748373], [94.12613206395598, 25.45180043086487], [94.12608433646494, 25.451986200857192], [94.1259966132825, 25.452135016344606], [94.12564242822722, 25.452678746487187], [94.12552937794365, 25.452870342239052], [94.1255051476855, 25.452938178953204], [94.12535484606373, 25.45352640268511], [94.12533353353363, 25.45361872833551], [94.12533222378993, 25.453696664675018], [94.12535297666965, 25.453720214685198], [94.12543723145674, 25.453736530328115], [94.12642156312427, 25.453740199015474], [94.1265216336503, 25.453725205495818], [94.12658950137002, 25.45369318659913], [94.12671599134855, 25.453605380561267], [94.12736179829113, 25.453130583792163], [94.12751360099773, 25.452996254573538], [94.12758977274393, 25.45289693818088], [94.12805850108279, 25.452246202605462], [94.1281762468603, 25.452057395334535], [94.12864972728701, 25.451249663404532], [94.12875174086899, 25.451052087810364], [94.12912591254104, 25.45029845957415], [94.12918059478899, 25.450226263107616], [94.12921816233417, 25.450206409598977], [94.12931349963696, 25.45019880838755], [94.12994983653984, 25.45025369105375], [94.13016043757506, 25.45026073257401], [94.13036592450133, 25.450217195352963], [94.13095340023928, 25.450061315684728], [94.13118649239426, 25.450005326531393], [94.13233519779246, 25.449745949392], [94.13251042945998, 25.4496922458998], [94.13259508669236, 25.449636928203503], [94.13269355821718, 25.449555623789635], [94.13319949387676, 25.449121824383724], [94.13327857077462, 25.449058141038986], [94.13336397720192, 25.449010654704903], [94.13346351951857, 25.44899923614576], [94.1335961467871, 25.44900590704383], [94.13418463762133, 25.44904811928423], [94.13428872900653, 25.449064419337365], [94.13446007276553, 25.44912928533434], [94.13506057946496, 25.449398604413915], [94.13515034002647, 25.449449036681113], [94.1353172380231, 25.449603681766707], [94.13583012664299, 25.450131421936113], [94.13595933492357, 25.450252107705285], [94.13604746144959, 25.45030322584046], [94.13614391086669, 25.450343980005613], [94.13698290320607, 25.450669134366763], [94.13707758653536, 25.450709692112486], [94.13714920022979, 25.450763033383236], [94.13716942310344, 25.450844516243144], [94.13716664820755, 25.450938741199913], [94.13710980640964, 25.45173433744261], [94.13710936982838, 25.451901531027108], [94.13716000336939, 25.452088262862723], [94.1374382053247, 25.452923292401966], [94.13748478207383, 25.45308639952205], [94.13748590856122, 25.453275915721328], [94.13743458152082, 25.453872787557437], [94.13742676438123, 25.453991750009042], [94.13743300946908, 25.454084720139573], [94.1374666127489, 25.454174487915534], [94.13752445347342, 25.45428390974091], [94.13784827187882, 25.454872692240688], [94.13791629141384, 25.455004937246958], [94.13798944751564, 25.455184709014105], [94.13841385297833, 25.45629523782632], [94.13848926474981, 25.456444157485002], [94.1385615144515, 25.456510228043733], [94.1394971511424, 25.457144222274284], [94.13958746776107, 25.457184412034565], [94.13966261632616, 25.457191724055125], [94.13982091834384, 25.457179823670494], [94.14064673419465, 25.457093165442977], [94.14104535172049, 25.457053214925494], [94.14113207867128, 25.45706881959677], [94.1411707700089, 25.457114662717288], [94.14121869243435, 25.457245923024768], [94.14136891410607, 25.457732229167508], [94.1413967582866, 25.45789116644536], [94.14136784690749, 25.457979262971165], [94.14091907913426, 25.458778610175518], [94.14080853964194, 25.458941838323256], [94.14073456786988, 25.4590097283913], [94.14015919962532, 25.459474821735462], [94.14001404175687, 25.459613736050596], [94.13995426695956, 25.45969336041696], [94.1395379220799, 25.460283855396625], [94.13944279498287, 25.460428795050856], [94.13936001073787, 25.460606221207346], [94.13905115826508, 25.461326106164062], [94.13892187272941, 25.46161464777411], [94.13868638476757, 25.46211912107789], [94.13861611135953, 25.462296839157013], [94.13859973866516, 25.46248864426131], [94.13858920681675, 25.462973736965758], [94.13860335168921, 25.463163892116995], [94.13867277888426, 25.46375427679518], [94.13870654925074, 25.463939946420858], [94.13878356002341, 25.464091725297568], [94.1390487894077, 25.464537793774934], [94.13915611562625, 25.464703486173345], [94.13925777167876, 25.464812044396776], [94.1398161734425, 25.465351508781087], [94.14032984449501, 25.465859817218405], [94.1404306004356, 25.46596684154091], [94.14046676750726, 25.46602506983704], [94.14048256348319, 25.466115434549376], [94.1404808180566, 25.466235520346473], [94.14046243313601, 25.466695685513223], [94.14046028346752, 25.466864488482713], [94.14049394513785, 25.467458679798913], [94.14049666074494, 25.467552920945163], [94.14048387053194, 25.467642724091956], [94.14038853233085, 25.467782255087332], [94.14003785429843, 25.468181809201813], [94.13990938173806, 25.468303727463415], [94.13950388401544, 25.46865115494286], [94.13942015025118, 25.468706916447267], [94.13932411495743, 25.46874255659537], [94.13878619029057, 25.468875472478786], [94.13869707651608, 25.46891587242904], [94.13863330511403, 25.468985768998607], [94.13856867671926, 25.469090208269446], [94.13826945867788, 25.46960354864347], [94.13814709376317, 25.46978832361899], [94.13799259072081, 25.469918158134366], [94.13725446840803, 25.47047082793059], [94.13709823970201, 25.470600216467812], [94.13701448258158, 25.470692430076213], [94.13661270657916, 25.47116935617659], [94.1365306059521, 25.471261914834663], [94.13645551667582, 25.47132032547565], [94.1363845452768, 25.471341563932246], [94.13622656844923, 25.47135739301931], [94.13526042856454, 25.47142274171014], [94.13516558982674, 25.471444523517878], [94.13513036778274, 25.471469374140504], [94.13508421952999, 25.47154688206571], [94.13473905895003, 25.472488070884435], [94.13466804443189, 25.472641979991632], [94.13460481201903, 25.472716162101353], [94.13403645602362, 25.473249110445476], [94.1338995509777, 25.47335623199984], [94.13370079602613, 25.473418204283067], [94.13297373466948, 25.473586694510526], [94.13284531151646, 25.47361887274345], [94.1327499876884, 25.47365552840988], [94.13267019752824, 25.473716026981872], [94.13218185537345, 25.474207206234723], [94.13211561719768, 25.47427922449616], [94.13208508705442, 25.474346874780448], [94.13213318465138, 25.47440386471025], [94.13221647015631, 25.474456571835695], [94.13273334190617, 25.47475396133463], [94.13290333459895, 25.4748164713857], [94.13363011568127, 25.47497344867553], [94.13385921392647, 25.475033171292853], [94.13395201798018, 25.47507910245251], [94.1347526917828, 25.475563784315298], [94.13482139673236, 25.475628431663896], [94.13485092435575, 25.475714044176204], [94.13486283691473, 25.47580904197646], [94.13490145009891, 25.476244371167095], [94.13493077739798, 25.476459197604974], [94.13508327180735, 25.477086421427142], [94.13510764130437, 25.477177976428454], [94.13514403295486, 25.477259459242408], [94.1351750140524, 25.477289588009178], [94.13526264650498, 25.477328538382032], [94.13536232716216, 25.47735739635889], [94.1360467338142, 25.47754191126879], [94.13614582068499, 25.477572409761414], [94.13623674186984, 25.47761530129466], [94.13635301620694, 25.477710780112048], [94.13666729809731, 25.47800375321426], [94.13729778247611, 25.478586996811586], [94.1373892121074, 25.478673798503138], [94.13752756523756, 25.47882117723066], [94.13825603694923, 25.47962733249453], [94.138353929959, 25.47974198770305], [94.13846912272453, 25.479931821163266], [94.13888200459877, 25.480690158609733]]}, "properties": {"OBJECTID": 43508, "Name": "NH 2", "Road_Type": "National Highway", "Class_Code": 1, "Lane": " ", "Oneway": " ", "T_Elevatio": 0, "F_Elevatio": 0, "SL": 90, "Remarks": " ", "Bridge_Fly": " ", "Shape_Leng": 17273.8147472, "ID": 43639, "Type": "", "NSEW_Corr": "", "Shape_Length": 17273.81474716168}, "id": 43508}, {"type": "Feature", "geometry": {"type": "LineString", "coordinates": [[94.295093681243, 25.571735611973825], [94.29573638270966, 25.571509874068294], [94.29588099080915, 25.571451615892975], [94.29603595468726, 25.57135980380347], [94.29666198971044, 25.57095108628339], [94.29674905173283, 25.570897902914258], [94.29683980852599, 25.57086222664256], [94.29691372729745, 25.57086196490688], [94.29706803899862, 25.57089212447236], [94.29758701550122, 25.571014481360145], [94.29769003339966, 25.571035241105275], [94.29778938257853, 25.57103847511653], [94.29788028400044, 25.571002973106893], [94.29796753197411, 25.570950017462582], [94.29885546542846, 25.570374505895686], [94.2989420459539, 25.57033776226243], [94.2989853348691, 25.57033797132777], [94.29907190910627, 25.570375744891052], [94.30002306958362, 25.571001604465806]]}, "properties": {"OBJECTID": 43896, "Name": "NH 29", "Road_Type": "National Highway", "Class_Code": 1, "Lane": " ", "Oneway": " ", "T_Elevatio": 0, "F_Elevatio": 0, "SL": 90, "Remarks": " ", "Bridge_Fly": " ", "Shape_Leng": 634.180624492, "ID": 44029, "Type": "", "NSEW_Corr": "", "Shape_Length": 634.1806244924354}, "id": 43896}, {"type": "Feature", "geometry": {"type": "LineString", "coordinates": [[94.295093681243, 25.571735611973825], [94.29437256314029, 25.572429811426098]]}, "properties": {"OBJECTID": 43911, "Name": "NH 29", "Road_Type": "National Highway", "Class_Code": 1, "Lane": " ", "Oneway": " ", "T_Elevatio": 0, "F_Elevatio": 0, "SL": 90, "Remarks": " ", "Bridge_Fly": " ", "Shape_Leng": 117.40241529, "ID": 44044, "Type": "", "NSEW_Corr": "", "Shape_Length": 117.40241528978193}, "id": 43911}, {"type": "Feature", "geometry": {"type": "LineString", "coordinates": [[94.11999266828384, 25.602551770040055], [94.11845334216243, 25.602443158997264]]}, "properties": {"OBJECTID": 44166, "Name": "NH 2", "Road_Type": "National Highway", "Class_Code": 1, "Lane": " ", "Oneway": " ", "T_Elevatio": 0, "F_Elevatio": 0, "SL": 90, "Remarks": " ", "Bridge_Fly": " ", "Shape_Leng": 171.880674937, "ID": 44301, "Type": "", "NSEW_Corr": "", "Shape_Length": 171.88067493721022}, "id": 44166}, {"type": "Feature", "geometry": {"type": "LineString", "coordinates": [[94.11845334216243, 25.602443158997264], [94.11906641269942, 25.602862084909898], [94.11915264108525, 25.602902354688545], [94.11919723076102, 25.602905813859387], [94.11928934490855, 25.602879576005545], [94.11999266828384, 25.602551770040055]]}, "properties": {"OBJECTID": 44169, "Name": "NH 29", "Road_Type": "National Highway", "Class_Code": 1, "Lane": " ", "Oneway": " ", "T_Elevatio": 0, "F_Elevatio": 0, "SL": 90, "Remarks": " ", "Bridge_Fly": " ", "Shape_Leng": 200.415789972, "ID": 44304, "Type": "", "NSEW_Corr": "", "Shape_Length": 200.41578997201626}, "id": 44169}, {"type": "Feature", "geometry": {"type": "LineString", "coordinates": [[94.13888200459877, 25.480690158609733], [94.13801326095549, 25.481138141774956], [94.13775520641539, 25.481263789356166], [94.13679673634661, 25.481708344206513], [94.1366984947905, 25.481736336681394], [94.13652064543221, 25.481719584500873], [94.13595300808903, 25.481606390041847], [94.13585480605882, 25.481576505635935], [94.13576604172896, 25.48152827715845], [94.13532620320964, 25.48122408609059], [94.13523951668304, 25.481171213257365], [94.13504702478564, 25.481102073072645], [94.1344972872728, 25.480949256580224], [94.13426333183682, 25.48091330378493], [94.13320088806209, 25.480821685942093], [94.13304180001856, 25.480814926793997], [94.13285923899663, 25.480834594413654], [94.13199891705911, 25.480959761427876], [94.13189647498073, 25.48097824992505], [94.13180216175738, 25.48101178287306], [94.13164215383898, 25.481131734589788], [94.13112057851028, 25.48157218175458], [94.13104214929778, 25.481633698115505], [94.13095813256419, 25.481676207873882], [94.13088552982461, 25.48167946132419], [94.130730427606, 25.481652333287386], [94.1301808472983, 25.48153623887674], [94.13002746984502, 25.481496063739286], [94.1299317076391, 25.481454274024177], [94.1294679478821, 25.481210930326295], [94.12937322951855, 25.481166674464173], [94.12927410671514, 25.481134786943347], [94.12870737397542, 25.481010704330465], [94.1286084910222, 25.48100325022228], [94.12856304435367, 25.481013785069774], [94.1284801621923, 25.48106346694724], [94.12773272614668, 25.481676031091187], [94.12766396370495, 25.48174660953449], [94.1275723382409, 25.481919161384496], [94.1273126730215, 25.482503972966946], [94.1272234882801, 25.482676854586508], [94.12690345268034, 25.48321590230944], [94.12679240474155, 25.483381540594134], [94.12638156024636, 25.483978186033312], [94.12631290021257, 25.48408161486008], [94.12627103692371, 25.484167660057363], [94.12625735827687, 25.484259976789463], [94.12625647433462, 25.484379470343814], [94.12626563715052, 25.48509996797228], [94.12625029841705, 25.485289271559793], [94.12619037719433, 25.485448100256612], [94.12587159384607, 25.486190884726476], [94.12579497473888, 25.486395393366397], [94.12578178747052, 25.4864892855829], [94.1257327169981, 25.48749205406471], [94.12575372949091, 25.487573589083155], [94.12582466855059, 25.487628985021615], [94.12591801159347, 25.487672201377162], [94.1265749064416, 25.487948964079894], [94.12671599224687, 25.488016752632348], [94.12686115820013, 25.488116355465902], [94.12716547328242, 25.488341969785292], [94.12724254514053, 25.48840353620016], [94.12729926656418, 25.488472499467047], [94.12731142436327, 25.488558776677284], [94.12730301613222, 25.488652560167235], [94.12724030025065, 25.489152954049267], [94.12721240845937, 25.489291450541867], [94.12716579398098, 25.489372660799308], [94.12710228848027, 25.48944727937993], [94.12671492774324, 25.489868159677144], [94.12662888620702, 25.489957659920226], [94.12653167052696, 25.490037085806033], [94.12640373515914, 25.490122109905432], [94.12596949044912, 25.490399870824692], [94.12588692629136, 25.490457149923603], [94.12582655141941, 25.490523032327463], [94.1258147071324, 25.490586310992644], [94.12583021295252, 25.490728057417087], [94.12586160278349, 25.490921215112675], [94.12595186280832, 25.49152277425687], [94.12598906653581, 25.491687177502897], [94.12610186888433, 25.491875578768155], [94.1264646759697, 25.492408005129366], [94.12653124472551, 25.49251141940425], [94.12657146050417, 25.492598417809326], [94.12660049315583, 25.492739347761795], [94.12671742955129, 25.493528171828064], [94.12672085392917, 25.493623061492453], [94.12666958527927, 25.49383072708926], [94.12647992397332, 25.494431183515758], [94.12645367609903, 25.494521896625], [94.12644812720555, 25.494599822678595], [94.12646747152687, 25.494625239348125], [94.1265507219975, 25.494648763506426], [94.12705670257287, 25.494691820034223], [94.12715436202066, 25.49471347032403], [94.12719499371927, 25.494736287411147], [94.12725984220134, 25.494805980044283], [94.12776607340666, 25.495544489517446], [94.12788598322571, 25.495703364662816], [94.1280104430117, 25.49582919729384], [94.12846627064475, 25.496270772791267], [94.12865791183756, 25.49647088174173], [94.12924473629691, 25.49712256997204], [94.12932721780967, 25.497216524349046], [94.1294450731817, 25.497376207296387], [94.12992843238155, 25.49809601402647], [94.13006043981257, 25.498275182190522], [94.13021593639164, 25.49840615919373], [94.13072636901751, 25.498796562038553], [94.13082589696113, 25.498876906409397], [94.13093443680361, 25.49898380890974], [94.13141765227307, 25.4995055773032], [94.1314696063375, 25.499583156341306], [94.13147878891635, 25.499624600023807], [94.13146415446204, 25.499712689490856], [94.13128654225903, 25.500214718922642], [94.13126937186068, 25.500344867602077], [94.13130096021933, 25.500401130077357], [94.13140470036328, 25.50050485692855], [94.13186987586519, 25.500929553846603], [94.13199197038702, 25.50105342292386], [94.13207469983482, 25.501176659450785], [94.13238890985994, 25.501710532402193], [94.13250117142267, 25.501871801774257], [94.13262310963765, 25.50196061687454], [94.13320137674562, 25.502304747707736], [94.13328823215548, 25.50235924903946], [94.13336423861169, 25.50242168878971], [94.13344833529533, 25.502569421899253], [94.13355693801988, 25.50281880649558], [94.13387744523516, 25.503541575642128], [94.13393759822323, 25.50370160368206], [94.13395970127078, 25.50391368114686], [94.13400078661864, 25.5046510806222], [94.13402814660724, 25.504962255571836], [94.1341525291381, 25.50597530930401], [94.13419219065622, 25.506190219618293], [94.1343419182545, 25.506830437184696], [94.13439654929851, 25.506988602582688], [94.13445832284735, 25.50706273998228], [94.13487264382267, 25.50743375870382], [94.13494205484808, 25.50750529330351], [94.13503862194449, 25.507644982339414], [94.13540997919472, 25.508243420669654], [94.13586679138132, 25.50896448622225], [94.13596339261372, 25.509107703543016], [94.13636188078218, 25.509677294103458], [94.13645325561622, 25.509822381761595], [94.13648292068187, 25.50991205117646], [94.13649956915901, 25.510005766110087], [94.13663390951481, 25.510928657938276], [94.13666339312076, 25.511216263282478], [94.13671148173454, 25.512041939934917], [94.13672155005227, 25.512163010281224], [94.13675864957517, 25.51235367215594], [94.13692684473908, 25.51306534517902], [94.13695244672468, 25.51318377236611], [94.13695850136969, 25.513277303956205], [94.136906210437, 25.51343216043934], [94.13662275693059, 25.514045306226038], [94.13657020368983, 25.514123625779128], [94.13649359985396, 25.514184842536004], [94.13638396766007, 25.51425092352143], [94.13578162121091, 25.514600036603248], [94.13552953687419, 25.51473448427345], [94.13477805661317, 25.51510505529034], [94.13469232679233, 25.51515968538921], [94.13456123923619, 25.51530610894591], [94.13407539529624, 25.515930628180698], [94.13362729497126, 25.516536279306624], [94.13350877125269, 25.516700546168483], [94.1334168547345, 25.5168142142465], [94.1333635226544, 25.516847790698403], [94.13327514549843, 25.516838362345386], [94.13317831519562, 25.51680227193277], [94.13288295002855, 25.516678568268507], [94.13231880264023, 25.5164477100885], [94.1322184446533, 25.51641530984358], [94.13206065916691, 25.516392005593588], [94.13160594724144, 25.51635035610603], [94.13125683137933, 25.51631532999056], [94.13115181472935, 25.516308576081997], [94.13105930442477, 25.516322926211824], [94.131009472181, 25.516365255882526], [94.13093137354852, 25.516486376995957], [94.13064783829539, 25.516977005269425], [94.13061770790243, 25.517063844893226], [94.13062520703843, 25.517155923135206], [94.13064976338502, 25.517249805901773], [94.13078908849235, 25.517720255501267], [94.13081711862415, 25.51778768027929], [94.13089845119167, 25.517909964101392], [94.13125066983477, 25.518362529898056], [94.13130851235594, 25.518441920787495], [94.13134850086081, 25.518524711620937], [94.13135151381027, 25.518592007859528], [94.1313263834402, 25.5187325335882], [94.13121834575591, 25.519228456124864], [94.13118187774865, 25.519368264471325], [94.13112575370462, 25.51950124272261], [94.1308632713685, 25.520049198240823], [94.13084641627883, 25.520125308853437], [94.1308619598282, 25.52015250359503], [94.13094169608944, 25.520184845273544], [94.1319095373833, 25.520377543777123], [94.1320139620435, 25.520388324857834], [94.13224773512145, 25.520357195183863], [94.13295093452925, 25.520224581871613], [94.13305343409979, 25.520208984587594], [94.13314663431052, 25.52021475736641], [94.13320277632081, 25.520251551224643], [94.13329875142745, 25.52036260153328], [94.13362345108018, 25.520776341784916], [94.13373657233063, 25.520909731915168], [94.13381041474531, 25.52097970687331], [94.13483889411746, 25.521867579010966], [94.13497627077892, 25.52198327775697], [94.13509841111484, 25.522076588476843], [94.1356978847517, 25.52251902565232], [94.13579925963151, 25.522596516052225], [94.1358686428091, 25.52266558128464], [94.13591285698908, 25.522749731911336], [94.13617092051234, 25.52350881724951], [94.13620896685956, 25.523648038565295], [94.13621865429158, 25.523840451024657], [94.13622035120916, 25.524445801208717], [94.13622474576754, 25.52481020976056], [94.13622221521337, 25.524905634857983], [94.13620007443657, 25.524991797537055], [94.13613553946657, 25.52505630966442], [94.13605164310721, 25.525111669670515], [94.13572119513502, 25.525311499527344], [94.13559416167574, 25.52539471768992], [94.1355411278363, 25.525443395481158], [94.13549437771229, 25.525524402953927], [94.13525372713252, 25.526179592684286], [94.13521487679311, 25.52629256518188], [94.13519881132257, 25.526382955100644], [94.13521510316856, 25.52647498890365], [94.13524611570712, 25.526567037227352], [94.13547360417134, 25.52718822781232], [94.13554031665763, 25.527396668681888], [94.13555584852888, 25.527539923996365], [94.13558907810953, 25.52814308711776], [94.13559312951149, 25.52826290341279], [94.13558015963542, 25.528354100029965], [94.13554739538205, 25.528414614021237], [94.13545500545172, 25.52852793784178], [94.13508013758535, 25.528955988020627], [94.13500839273685, 25.529024946645066], [94.13486418438764, 25.529132300561482], [94.13435762439896, 25.529489372666475], [94.1342675682917, 25.52953547512021], [94.13419362346909, 25.52955206175319], [94.13403716030281, 25.529565048480467], [94.13332383149188, 25.52960361713105], [94.13322053781063, 25.52961275023109], [94.1331296417786, 25.529639099792306], [94.1330648660601, 25.52970499879876], [94.13259949921704, 25.530500697100255], [94.1325307646231, 25.530632263920143], [94.13248521195335, 25.530746268980348], [94.13219253813884, 25.53152922676685], [94.13214603055994, 25.531667138585842], [94.13213778222898, 25.53173545042067], [94.13216135042882, 25.531824044831954], [94.13221284006424, 25.53193384665849], [94.13247408003035, 25.532460613401568], [94.1325454709426, 25.532588653643675], [94.13266983910043, 25.532740780285717], [94.13306241006609, 25.533188151867197], [94.13312935521601, 25.533259889163947], [94.1332050436686, 25.533316249694558], [94.13327641751287, 25.533335719851973], [94.13346166359919, 25.533348228737474], [94.13378497535477, 25.533359243721147], [94.13394436613056, 25.533369824232505], [94.13401943115237, 25.533385995317964], [94.13410863026681, 25.533432610182096], [94.13452521858994, 25.533736266167942], [94.13466207422852, 25.53384949417646], [94.1347217286516, 25.5339257265379], [94.13498226793178, 25.534335768382412], [94.13507864548363, 25.534476466967845], [94.13515702888206, 25.534572473662823], [94.13556134532011, 25.53504531461299], [94.13563905677869, 25.535141204941265], [94.13568782362051, 25.535223672183445], [94.13572886764587, 25.53536154976356], [94.13596008142359, 25.536350024429368], [94.1359961829182, 25.536515226300306], [94.13613056190154, 25.537228068321006], [94.13615849681196, 25.53744162254686], [94.13614534098463, 25.537535987930777], [94.13592646107575, 25.53840641777929], [94.13584397596973, 25.53868467166744], [94.13565629994058, 25.53923320907695], [94.13559788968418, 25.539391934813718], [94.13554660845786, 25.539501937209824], [94.13525953024924, 25.540066838836065], [94.13488906861933, 25.54070535350919], [94.13482997205006, 25.54077790413485], [94.1347911064393, 25.5408020976635], [94.13469468397165, 25.540826249039718], [94.13397861709574, 25.540903397728208], [94.1337439591772, 25.540939855355766], [94.13364678122643, 25.540977558755888], [94.13298880211173, 25.541303731536765], [94.13289267339316, 25.54134425221395], [94.13268397498972, 25.541381357318237], [94.13190529823348, 25.541456425839524], [94.13179966803413, 25.541469527993574], [94.13170419598407, 25.541497917475034], [94.13164905200202, 25.541541612104655], [94.1315561913545, 25.541655233953403], [94.13119683829137, 25.54212913955958], [94.13110177497477, 25.54227085836253], [94.13106699759685, 25.54236021498506], [94.13092409719474, 25.542871789809517], [94.13084834226679, 25.543153358066476], [94.13081952521081, 25.543243044720978], [94.13077298978413, 25.54331194812106], [94.13071030444532, 25.54333238927176], [94.13055359783554, 25.543336515595623], [94.12968856153947, 25.543323415266613], [94.12950108134304, 25.543329199901333], [94.12926902225064, 25.543379465504092], [94.12878109421922, 25.54350536000961], [94.12865333042963, 25.54353488372593], [94.12855482297219, 25.543539748419285], [94.12846420901117, 25.54350444332023], [94.12835557394722, 25.543436868461153], [94.12766380021155, 25.54298007477217], [94.12757772543766, 25.542928121507266], [94.12749433482983, 25.542903811693247], [94.12741702761313, 25.542940741243406], [94.12734240186752, 25.543005271274865], [94.12710157342133, 25.54323269850878], [94.12671184203025, 25.543594295866992], [94.1266216385993, 25.54368228498152], [94.1265222687592, 25.54379370831861], [94.1260067337025, 25.544399239050087], [94.12594747543646, 25.544477743036524], [94.12585316400973, 25.544648397320916], [94.12558930455624, 25.54517080283304], [94.12553938068436, 25.5452539845229], [94.12539756185382, 25.545393616648298], [94.12474552868798, 25.545928923629116], [94.12467200697186, 25.54599441897321], [94.1246294025729, 25.546062851515313], [94.12465544922456, 25.54613800707023], [94.1247124455327, 25.54621617518402], [94.12501092695555, 25.546589300889238], [94.12508427260185, 25.546648127963056], [94.12515364320303, 25.546666317811685], [94.1253095107863, 25.54667315997567], [94.12599897405507, 25.546677839749744], [94.1261826867172, 25.546688120014906], [94.12641367950934, 25.54674632458359], [94.12717874139915, 25.54697046791411], [94.12728065706477, 25.546997706009563], [94.12738190079057, 25.547010280740448], [94.12745570278103, 25.54699772140883], [94.12760214613866, 25.54694733007639], [94.12808936539929, 25.546761771718355], [94.12823765659145, 25.54672108266923], [94.12844697932401, 25.546731840309544], [94.12918715249057, 25.546821026646167], [94.12927862973261, 25.546852004374834], [94.12932832812739, 25.54689917486283], [94.12940632884349, 25.54702131554185], [94.1297762847219, 25.54765779290176], [94.12986604438507, 25.547804097367003], [94.12995386728053, 25.54792574435066], [94.1304817371044, 25.54862790289663], [94.13059970835909, 25.54875293116392], [94.13069169584418, 25.548793559548077], [94.13120586905492, 25.548930519464786], [94.13151597467754, 25.549015606403866], [94.13161685548395, 25.549039056685658], [94.1317051490966, 25.54903719178298], [94.13175212829101, 25.5489974452784], [94.1318354057111, 25.5488517274335], [94.13204855257183, 25.548431190087268], [94.13212083730781, 25.54830623685902], [94.13216874356358, 25.548261730162388], [94.13226024146685, 25.54824397740472], [94.13236525542187, 25.54824684893615], [94.13298269536442, 25.54828523489381], [94.1330618620938, 25.548295082224822], [94.13321651784972, 25.54833319908784], [94.13390849819793, 25.548533433586165], [94.13400818155003, 25.548565426401307], [94.13409134218918, 25.54861150369104], [94.13413746349248, 25.54868862710764], [94.13416712226989, 25.548779783877936], [94.13435241956017, 25.549436478045596], [94.13438169835024, 25.549528364481965], [94.134424943248, 25.549611021204672], [94.1345654765894, 25.549713459020488], [94.13490747330287, 25.549905969875145], [94.13572402123489, 25.550370648129974], [94.1358813961912, 25.550462738087415], [94.1360293720747, 25.550564221258522], [94.13673130395962, 25.551076967848623], [94.13683541510777, 25.551150569848563], [94.1369238290947, 25.55119887977292], [94.13699841621272, 25.551219871502006], [94.13718296071478, 25.55124720912883], [94.1376634228479, 25.551306774676572], [94.13776768670964, 25.551323240781528], [94.13785905076394, 25.551355750735432], [94.13790746097457, 25.551403899295742], [94.1379820103634, 25.55152788484957], [94.1383693405577, 25.55223773294509], [94.13850788323238, 25.552468225620725], [94.13892550731303, 25.5530437737837], [94.13905328008578, 25.55319233525222], [94.13919955905172, 25.553296112916122], [94.13969939874377, 25.553621301528192], [94.13976995512114, 25.55368473495297], [94.13978947910552, 25.553722943302823], [94.1397971183787, 25.55381230759732], [94.13975894357239, 25.55424500129734], [94.1397374199382, 25.554387179072144], [94.13970584954583, 25.55447814753869], [94.13947812212974, 25.554991363643595], [94.13942674119043, 25.555127074893075], [94.13941158481497, 25.55519794081435], [94.13935438369091, 25.555632599666975], [94.13934297329018, 25.55577457967148], [94.13935655312234, 25.555837599448125], [94.13941887015193, 25.55590254152786], [94.13950315368513, 25.555958411641036], [94.13987963402745, 25.556188053506144], [94.14000295654628, 25.556277052891414], [94.14014218912712, 25.556448730150752], [94.14046048738508, 25.556887751829127], [94.14058902462416, 25.557038129547408], [94.14066536076206, 25.55710494061612], [94.14113792490716, 25.55749484291643], [94.14128353193324, 25.55763222565145], [94.14136306068364, 25.557780363256672], [94.14171259605904, 25.558578971817823], [94.14178356925468, 25.558784728342278], [94.14207013452526, 25.559761322248033], [94.14208920575874, 25.559855110884364], [94.14209076074252, 25.559998866335622], [94.14204286167325, 25.56091526478841], [94.14201585112929, 25.56110460845893], [94.14194551843241, 25.561261075844218], [94.14166816089352, 25.561814379560968], [94.14160967158536, 25.561923401879938], [94.14152466041674, 25.562044956733587], [94.14124800176712, 25.562397687643223], [94.14113628997335, 25.562531341853735], [94.14106227687878, 25.562597535588644], [94.14057374338284, 25.562953918067578], [94.14049617475638, 25.563016505376595], [94.14036621728086, 25.563168206855206], [94.1398406534323, 25.563871047562703], [94.1396104924801, 25.56416638009455], [94.13904596600274, 25.564860120997402], [94.13891574801579, 25.56501106649988], [94.1388434848394, 25.56508249058964], [94.13839966588505, 25.565503475973664], [94.13828365026274, 25.56560304205302], [94.13821930214232, 25.565644923216862], [94.13765124348924, 25.565960173276533], [94.13755973839947, 25.56600773818122], [94.13746532815806, 25.566039844643253], [94.13736329211817, 25.566037487306385], [94.1372583149941, 25.56601949083285], [94.1368098140205, 25.56592950113141], [94.13665182641316, 25.565901991816677], [94.13657328580956, 25.565897636937674], [94.13647123898991, 25.565913319039325], [94.13580973668267, 25.566092834873306], [94.13568490679081, 25.566129764570917], [94.13559874128705, 25.566173057195872], [94.13554145572137, 25.56624632820999], [94.13548705464609, 25.56635521845855], [94.13525604837923, 25.56684478049316], [94.13520249800848, 25.56700128738067], [94.13521183958913, 25.567092433460534], [94.13524309826606, 25.567207660702653], [94.13541385362853, 25.567784627477707], [94.13544789798118, 25.567923955400108], [94.13546160986567, 25.56806571419894], [94.1354906694668, 25.568567343349077], [94.13549180583563, 25.56865986257731], [94.13546922937591, 25.568736489315363], [94.13541621350278, 25.56877028622834], [94.13526852777514, 25.56880997674291], [94.13446618490272, 25.568988487465163], [94.1330363301768, 25.56928698633357], [94.1329073213222, 25.56931687240156], [94.13270798426234, 25.56938463849225], [94.13110806318174, 25.569990497744477], [94.13100754888798, 25.570020018176784], [94.13082250851588, 25.57004086966192], [94.12996393559824, 25.570092559969023], [94.12985859914802, 25.570102003582917], [94.12976477730311, 25.5701282859003], [94.12969686287101, 25.570191867788957], [94.12964043968799, 25.570272246190626], [94.12934250174592, 25.570731900832804], [94.12924950275782, 25.570846093836654], [94.12916564053448, 25.570902236542892], [94.12848595183432, 25.571242628484537], [94.12838902900505, 25.57128097061015], [94.12818133401977, 25.57131667106677], [94.12749448664512, 25.57140071218641], [94.12736653690426, 25.571430872426497], [94.12724294129758, 25.571476120875655], [94.12672772963435, 25.57167874604105], [94.12650917491561, 25.57176876059382], [94.12576650263594, 25.572095159917296], [94.1255959718523, 25.572152442966342], [94.12538788879485, 25.572141224106215], [94.12462320419745, 25.572039389706923], [94.12438622323559, 25.572017772817944], [94.1242295363888, 25.572035502605353], [94.12357758317303, 25.57214876979253], [94.12336916684058, 25.57217308339739], [94.12318895131986, 25.572147928681908], [94.12262267043275, 25.572033557839024], [94.12242442841921, 25.57197649919166], [94.1223354952061, 25.57192601140241], [94.12199117814419, 25.571695860034232], [94.12190636191004, 25.57164424415851], [94.12182815188645, 25.571623124735964], [94.12176402834484, 25.571670031030788], [94.12140656264214, 25.572185153899053], [94.12135935437733, 25.572265564996048], [94.12134983942185, 25.572320562058337], [94.12140274749713, 25.572380476098726], [94.12148800210917, 25.5724337827878], [94.12180805387858, 25.57261592237229], [94.12255243655056, 25.573046879719143], [94.12272917109955, 25.573155518259483], [94.12290873713833, 25.573301260024746], [94.12345546080341, 25.573768616356894], [94.12357674953645, 25.573862957998188], [94.12366800309793, 25.573910104886895], [94.12379033118178, 25.573956935737616], [94.12475663006828, 25.574305069552345], [94.12494898721837, 25.57438499871569], [94.12509353602906, 25.574488523031984], [94.12573116201436, 25.57499851916538], [94.12584505671428, 25.575096207180973], [94.12588605762046, 25.57515124102701], [94.1259039269081, 25.575239602392873], [94.12590339869871, 25.575335104840853], [94.12587442982743, 25.576084738191614], [94.12587401390745, 25.5762294222026], [94.12588853966562, 25.576372885742106], [94.12601276409298, 25.577304230990773], [94.1260389077627, 25.57739476556717], [94.12615259135855, 25.577549922510293], [94.12654185023577, 25.57799747119511], [94.12659928671839, 25.578075231208686], [94.12663819724493, 25.578161748654868], [94.12692011193727, 25.579257514754836], [94.12694550461542, 25.5794201861521], [94.12692777726161, 25.57951165741928], [94.1267112239893, 25.580125300683328], [94.12664477021787, 25.580281560096765], [94.12631806732207, 25.58099035379982], [94.12625295832862, 25.581119878440994], [94.12620971073589, 25.581175328420784], [94.12612657075802, 25.581228154762503], [94.12603108074163, 25.581270224922612], [94.12522442685417, 25.581600745223593], [94.12510422777757, 25.581652734384992], [94.12501874768842, 25.58170455580125], [94.1249567711203, 25.581777647967854], [94.124892548764, 25.581881705519105], [94.12449436871769, 25.582559859132516], [94.12438631216881, 25.582721871361944], [94.12430955472105, 25.58278287564994], [94.12421989027926, 25.582832519445315], [94.1232019247892, 25.58335055166707], [94.12306562341115, 25.583424314519203], [94.12290054180801, 25.58354291366247], [94.12222292641951, 25.58407710543348], [94.12203756624717, 25.584209345078772], [94.1218667884268, 25.584275654036855], [94.1210335776446, 25.584545622082075], [94.12070234634146, 25.584650547417823], [94.1206052070182, 25.58468552683055], [94.1205328486204, 25.584734480328084], [94.12051574110411, 25.584814516770074], [94.12052339654697, 25.58490851670022], [94.12056677709035, 25.58524687159885], [94.12065544170721, 25.58599184484757], [94.12067520913506, 25.586135919747836], [94.12080467074051, 25.586976483518736], [94.12083889924779, 25.58714176547626], [94.12088072211249, 25.587226707789323], [94.12093543939476, 25.587306626703462], [94.12128250979298, 25.587779632249394], [94.1213492833647, 25.587849342930678], [94.1214342433293, 25.587902217369678], [94.12155073775365, 25.58795796641576], [94.12228210653211, 25.588294320387103], [94.12239739182411, 25.588352117458427], [94.12256678444227, 25.588469260635122], [94.12326406395233, 25.589001242862096], [94.12339621691044, 25.589118331929797], [94.12344796436237, 25.58919892528984], [94.12376343113058, 25.589852722566018], [94.12384459571314, 25.59005120892304], [94.12385105460001, 25.590266278041007], [94.1238272681096, 25.590966985231137], [94.12383083981119, 25.59118302736097], [94.1238849022216, 25.59136654652155], [94.12420056482257, 25.592254577789888], [94.12423825094537, 25.592368753501137], [94.12425652896646, 25.592461849005787], [94.12425523808739, 25.592606509166828], [94.12420846909873, 25.593382859223617], [94.1242034654826, 25.593503699159218], [94.12421266243449, 25.593597599903052], [94.12425014733466, 25.593685087246154], [94.12431343903633, 25.593790996217596], [94.12470870225292, 25.594423379161768], [94.12475834585045, 25.594508137257968], [94.12479169580537, 25.5945951459368], [94.12477485508875, 25.5947578612971], [94.12458745214742, 25.595562668847474], [94.12454880931885, 25.595752229934135], [94.12453357928153, 25.59587022058124], [94.12445062166168, 25.59660348659329], [94.12443940799199, 25.596768915660565], [94.12445464341921, 25.59691243964217], [94.12459393439052, 25.597796704692268], [94.12460775946275, 25.597963412136245], [94.12462460826421, 25.598676207689106], [94.1246250134044, 25.598794918904957], [94.12460916442785, 25.59898461259197], [94.12452685000174, 25.599695458551636], [94.12451363937717, 25.599907911430613], [94.1245308322334, 25.600000068607805], [94.12475845813987, 25.600777670924412], [94.12491698563468, 25.60135030455874], [94.12493436354387, 25.601442623458475], [94.12493204858536, 25.601635973062614], [94.12489637289218, 25.602267980759535], [94.12488839046257, 25.60236412997957], [94.12486487256842, 25.602454046110605], [94.12480765168145, 25.602528899747515], [94.12473510194249, 25.60259760296481], [94.12428204291714, 25.603002470505267], [94.12412179065697, 25.603160239245966], [94.12401006808342, 25.60334895306945], [94.12372582855109, 25.60389052798439], [94.12366659633621, 25.603996481385206], [94.12360668679158, 25.604068446041524], [94.12354319207068, 25.604103924469946], [94.12339501945614, 25.604153245908257], [94.12266023528296, 25.604372656919914], [94.12256166584179, 25.604382707834144], [94.12246787094634, 25.604353352227815], [94.12235345881682, 25.604293679403796], [94.12151097113265, 25.603828980348762], [94.12143817076371, 25.603764579493635], [94.1213884292498, 25.603681521887125], [94.12111288091789, 25.603073861392534], [94.12106966386787, 25.60298606173417], [94.12101328829559, 25.60291061376258], [94.12095085987492, 25.602872856949435], [94.12080298100948, 25.60281895461632], [94.11999266828384, 25.602551770040055]]}, "properties": {"OBJECTID": 44175, "Name": "NH 2", "Road_Type": "National Highway", "Class_Code": 1, "Lane": " ", "Oneway": " ", "T_Elevatio": 0, "F_Elevatio": 0, "SL": 90, "Remarks": " ", "Bridge_Fly": " ", "Shape_Leng": 23985.3353342, "ID": 44310, "Type": "", "NSEW_Corr": "", "Shape_Length": 23985.335334162763}, "id": 44175}, {"type": "Feature", "geometry": {"type": "LineString", "coordinates": [[94.21164868671595, 25.613215431914185], [94.21155698309849, 25.613474120463845]]}, "properties": {"OBJECTID": 44202, "Name": "NH 29", "Road_Type": "National Highway", "Class_Code": 1, "Lane": " ", "Oneway": " ", "T_Elevatio": 0, "F_Elevatio": 0, "SL": 90, "Remarks": " ", "Bridge_Fly": "Bridge", "Shape_Leng": 33.5272250067, "ID": 44337, "Type": "", "NSEW_Corr": "", "Shape_Length": 33.52722500667852}, "id": 44202}, {"type": "Feature", "geometry": {"type": "LineString", "coordinates": [[94.21155698309849, 25.613474120463845], [94.2114652785827, 25.613732807643487]]}, "properties": {"OBJECTID": 44205, "Name": "NH 29", "Road_Type": "National Highway", "Class_Code": 1, "Lane": " ", "Oneway": " ", "T_Elevatio": 0, "F_Elevatio": 0, "SL": 90, "Remarks": " ", "Bridge_Fly": "Bridge", "Shape_Leng": 33.5271602021, "ID": 44340, "Type": "", "NSEW_Corr": "", "Shape_Length": 33.52716020206442}, "id": 44205}, {"type": "Feature", "geometry": {"type": "LineString", "coordinates": [[94.21155698309849, 25.613474120463845], [94.21114329004554, 25.614507995038867], [94.21112564533672, 25.614597923096742], [94.21114291814301, 25.614687681790627], [94.21118497277303, 25.614799909831728], [94.21146578163928, 25.6154958188613], [94.21152261984392, 25.615674980042446], [94.2114923600936, 25.61580742370774], [94.21118766592225, 25.616443274542657], [94.21105696554, 25.61667925214329], [94.21074265670015, 25.617184323352674], [94.21060196525531, 25.617416835068976], [94.21015388199834, 25.61818143607951], [94.21012199090742, 25.618268773403415], [94.21012461758134, 25.61836143239981], [94.21014811032263, 25.61847994748739], [94.21026994073978, 25.619026768264447], [94.21030590569052, 25.619240854577214], [94.21029277411768, 25.619383467872836], [94.2102105629978, 25.619883332342663], [94.21021294622828, 25.619975333181372], [94.21024947082938, 25.620060606139354], [94.2105615689153, 25.620532848713435], [94.21063288257244, 25.62063318466054], [94.21069894827171, 25.62070755387938], [94.21106216588717, 25.62105770296321], [94.21121733547946, 25.621186486003836], [94.21137926489425, 25.621269980988572], [94.21213809337432, 25.62162963519907]]}, "properties": {"OBJECTID": 44238, "Name": "NH 29", "Road_Type": "National Highway", "Class_Code": 1, "Lane": " ", "Oneway": " ", "T_Elevatio": 0, "F_Elevatio": 0, "SL": 90, "Remarks": " ", "Bridge_Fly": " ", "Shape_Leng": 1162.7127294, "ID": 44373, "Type": "", "NSEW_Corr": "", "Shape_Length": 1162.7127294029438}, "id": 44238}, {"type": "Feature", "geometry": {"type": "LineString", "coordinates": [[94.2121294291234, 25.621376646350086], [94.21213809337432, 25.62162963519907]]}, "properties": {"OBJECTID": 44239, "Name": "NH 29", "Road_Type": "National Highway", "Class_Code": 1, "Lane": " ", "Oneway": " ", "T_Elevatio": 0, "F_Elevatio": 0, "SL": 90, "Remarks": " ", "Bridge_Fly": "Bridge", "Shape_Leng": 31.248688337, "ID": 44374, "Type": "", "NSEW_Corr": "", "Shape_Length": 31.248688337033435}, "id": 44239}, {"type": "Feature", "geometry": {"type": "LineString", "coordinates": [[94.21213809337432, 25.62162963519907], [94.2121467567269, 25.621882623512285]]}, "properties": {"OBJECTID": 44240, "Name": "NH 29", "Road_Type": "National Highway", "Class_Code": 1, "Lane": " ", "Oneway": " ", "T_Elevatio": 0, "F_Elevatio": 0, "SL": 90, "Remarks": " ", "Bridge_Fly": "Bridge", "Shape_Leng": 31.2486852468, "ID": 44375, "Type": "", "NSEW_Corr": "", "Shape_Length": 31.248685246773}, "id": 44240}, {"type": "Feature", "geometry": {"type": "LineString", "coordinates": [[94.22868491807567, 25.628808526322974], [94.2295862211564, 25.628763745836235], [94.22967857605246, 25.628743459393046], [94.22971177149716, 25.628718778237637], [94.22975195313981, 25.628640072750315], [94.22993120386992, 25.628007822217306], [94.2299667798501, 25.627918057331478], [94.23006413566735, 25.627775813028464], [94.23050970813313, 25.62720408435724], [94.2306829087098, 25.626991722922885], [94.23124655753313, 25.626328629624773]]}, "properties": {"OBJECTID": 44269, "Name": "NH 29", "Road_Type": "National Highway", "Class_Code": 1, "Lane": " ", "Oneway": " ", "T_Elevatio": 0, "F_Elevatio": 0, "SL": 90, "Remarks": " ", "Bridge_Fly": " ", "Shape_Leng": 461.673934549, "ID": 44404, "Type": "", "NSEW_Corr": "", "Shape_Length": 461.6739345488633}, "id": 44269}, {"type": "Feature", "geometry": {"type": "LineString", "coordinates": [[94.22725544243877, 25.629428885268336], [94.22694984186731, 25.628334371803316], [94.2269444852133, 25.628249820736926], [94.22696182090164, 25.62821594586574], [94.2270363729854, 25.628164938345627], [94.22777503069403, 25.627836707668216], [94.22796691083876, 25.627756445701436], [94.2285478468414, 25.62752656212566], [94.22866706765265, 25.627476852650876], [94.22875238604507, 25.62742700870472], [94.22881675033518, 25.627355143157867], [94.22929659532568, 25.62660704607652], [94.22938549350451, 25.626437073171108], [94.22939102083845, 25.626272413308197], [94.22932509168311, 25.625358518432805], [94.2292745919911, 25.624712912878227], [94.22924398459273, 25.62442775796783], [94.22915490225927, 25.623887742963422], [94.22913708597224, 25.623700650728164], [94.22915432374424, 25.623607279049192], [94.22938185892085, 25.622865365333716], [94.22942954868266, 25.62270262181066], [94.22946877182292, 25.62253905188918], [94.22962736579306, 25.62183593616145], [94.22965771447663, 25.62171985921088], [94.22973371194965, 25.621540535376806], [94.22996850910707, 25.621054215158143], [94.22999617452284, 25.62096400927333], [94.22998154096689, 25.620778671755662], [94.22989971073268, 25.62031012371812], [94.2298704337393, 25.620076124813227], [94.22989900465686, 25.619888208513615], [94.23008539879014, 25.618996428863102], [94.23011551121678, 25.61880762877267], [94.23011824299356, 25.61868685248087], [94.23010774348451, 25.61737925375029], [94.23010911970353, 25.617234094621274], [94.23013168538345, 25.617018877172615], [94.2302694375407, 25.615992158990267], [94.23026564934514, 25.615902951281274], [94.23024762914056, 25.615864475221677], [94.23017931585646, 25.615799786002274], [94.22962419024851, 25.615421726667442], [94.22948129343966, 25.61531716772803], [94.22943759309604, 25.6152648805288], [94.22941883537457, 25.615179878747544], [94.22941933753282, 25.615086672135444], [94.22944160048053, 25.614635777460503], [94.22944283566403, 25.614495084754004], [94.22943106683549, 25.614428074861213], [94.22938567496419, 25.614344234881774], [94.22932577530104, 25.61426429839394], [94.22890321677453, 25.61373231190091], [94.22858437144254, 25.613348361898847], [94.22850829851102, 25.61325169174678], [94.22846743414875, 25.613170623711405], [94.22846926761022, 25.613081524061794], [94.22849041395203, 25.6129888204693], [94.22872580579413, 25.612101803444737], [94.22874719737601, 25.612008948423288], [94.22875085441753, 25.61191873084986], [94.22872668704144, 25.611854787170465], [94.22864728944505, 25.611731518616814], [94.22844769187374, 25.6114460200449], [94.22809586220114, 25.610935347349436], [94.2280081030861, 25.61081496650961], [94.22792767422376, 25.610721703029625], [94.22755837411552, 25.610321101484498], [94.22743601369234, 25.610169804860753], [94.22736807051413, 25.609991432528158], [94.22721407771488, 25.609485537055978], [94.22719645456564, 25.60939296838567], [94.22720453760657, 25.609250979880485], [94.22728389208383, 25.60870342338214], [94.22729501951524, 25.608514897036375], [94.2272406337113, 25.608358256503216], [94.2269294923312, 25.607672951959763], [94.2268544731235, 25.60749427536203], [94.22681605577205, 25.607378755586982], [94.22659137274647, 25.60665825453848], [94.2265391114582, 25.606522436448724], [94.22644394303866, 25.606378344789228], [94.22614338740584, 25.605977735979266], [94.22608708729206, 25.605897050233562], [94.22605066959044, 25.60581367898323], [94.22605844630583, 25.60572445638649], [94.22609392796292, 25.605609461461057], [94.22624218232417, 25.605170596589], [94.22625696589878, 25.60507836238725], [94.22624133341621, 25.604987130203305], [94.22620408028138, 25.604873182834112], [94.22602865727269, 25.604371935930647], [94.22597587945312, 25.604211864050317], [94.22593862541999, 25.60407387858796], [94.22581136558524, 25.60356560228627], [94.225757776587, 25.60338312986938], [94.22568144044908, 25.603230811019785], [94.22535996934151, 25.60265180999981], [94.22519183077145, 25.602352953647337], [94.2251289082774, 25.602279383121655], [94.22500261682652, 25.60219408127486], [94.22415286446669, 25.601694575426286], [94.22405769874212, 25.601655745631977], [94.22395526295197, 25.601634429786188], [94.2235333655855, 25.601576720954593], [94.22335166604792, 25.601546949068055], [94.22328142587753, 25.60152229226959], [94.2232055164394, 25.601463417621172], [94.22285715606041, 25.601075141043502], [94.22273412549407, 25.60092228862286], [94.22269097851266, 25.600835619128294], [94.22248996429816, 25.600313777244043], [94.22243090455979, 25.600180566232723], [94.22237936731364, 25.60009815180975], [94.22204945024578, 25.59963909846488], [94.22197023321075, 25.599515703086677], [94.22191555545436, 25.59940588947789], [94.22157479661932, 25.598671491060298], [94.22155176022216, 25.59858162555424], [94.22156405456514, 25.59849034142526], [94.22159221135942, 25.598398298124675], [94.22182410875507, 25.59770696734204], [94.22190320092425, 25.59755796934408], [94.2220119491759, 25.597423323732603], [94.22230036048438, 25.597080485875924], [94.22236081530639, 25.597003454385355], [94.22240343767166, 25.596922512247378], [94.2224085526789, 25.596855218673433], [94.22238739915059, 25.596713753219916], [94.22227841284537, 25.596143027986212], [94.2222520958008, 25.596025715709526], [94.22202039783114, 25.595042140724736], [94.22198682599235, 25.594953440748384], [94.22186596845066, 25.59479974684362], [94.2214284251269, 25.594319681699876], [94.22128384487517, 25.59414963775997], [94.22119683405677, 25.594001486009574], [94.22077967440514, 25.593221510379944], [94.22071300863128, 25.593067141803022], [94.22070370298326, 25.59297399734859], [94.22070618233343, 25.59285486959492], [94.22073107554827, 25.59225642581593], [94.22073261885392, 25.592137887161037], [94.22071616081959, 25.592049253896704], [94.22067745061737, 25.591991059190626], [94.22056986658232, 25.59188523612557], [94.2198360606745, 25.591209685838688], [94.21969337676634, 25.59106564864541], [94.21958831160735, 25.590925210959174], [94.21906086668659, 25.59019031810296], [94.21902920915767, 25.590117060123326], [94.21903983353253, 25.590088840962615], [94.21911314414454, 25.59004895576426], [94.21984108225693, 25.589819811481235], [94.21999275919941, 25.589779800612305], [94.22020489635374, 25.58976102100439], [94.22076639640692, 25.5897327709721], [94.22092548714541, 25.58971735854632], [94.22105557308001, 25.589692439234973], [94.22196469869027, 25.58949804136764], [94.22205132862304, 25.589463285356924], [94.22207777861824, 25.589433835345915], [94.22209728283968, 25.589351033533266], [94.22211793061649, 25.58846861489929], [94.22210957718266, 25.58837515574441], [94.22208037744437, 25.588284297288375], [94.22181156917199, 25.587682097183112], [94.2217601019944, 25.587571713662566], [94.22170902378738, 25.587490085372508], [94.22157497718068, 25.5873764243534], [94.22088147418809, 25.586882147351826], [94.22070365986411, 25.58673918497155], [94.22059996283927, 25.586574092049606], [94.22032279304827, 25.586054407960823], [94.22021155107338, 25.585863907039823], [94.22009635201965, 25.585731823165986], [94.21922656094074, 25.58481586337698], [94.21909957419389, 25.584692878080325], [94.21893136555522, 25.58457892109937], [94.2183012252312, 25.584186031320385], [94.21822077570761, 25.58412663039733], [94.21815665036937, 25.58405270268954], [94.21810372253114, 25.583969309730193], [94.21770026578086, 25.583286111427352], [94.21758333297865, 25.583097718406638], [94.21710866497915, 25.582351413726727], [94.21698330777619, 25.582168441432437], [94.21645834310394, 25.581531290994008], [94.21624719948629, 25.58128023159347], [94.21616041683993, 25.581165019515108], [94.2161437225487, 25.581109067170676], [94.21621541439659, 25.58100505027082], [94.21662837442427, 25.580633412442904], [94.2167103951013, 25.58052490627926], [94.21671297775771, 25.580461503274346], [94.21667926757837, 25.58032540182489], [94.21651886350291, 25.579796605079988], [94.21647829378807, 25.57961405751177], [94.21651521364795, 25.57948076349073], [94.21682870861412, 25.57886769707783], [94.2169276742123, 25.578669091696653], [94.21699838330328, 25.578541970110646], [94.2170452214622, 25.578491205545024], [94.21713274971022, 25.578453599838454], [94.21723326220736, 25.578430414603012], [94.21769727349262, 25.578337073201357], [94.2178740709237, 25.578319815118004], [94.21797162976019, 25.57834834739001], [94.2180669976057, 25.578391579688198], [94.21870781800015, 25.578700795298587], [94.21943653854515, 25.579059601992558], [94.21957939133657, 25.579125461672422], [94.2197015029264, 25.579170457649937], [94.22032057331121, 25.57937907632144], [94.22052056614122, 25.579437922945914], [94.2206243089801, 25.579451561396123], [94.22167807143593, 25.579520432628854], [94.22177647918036, 25.5795091301912], [94.22186305701082, 25.579462218865032], [94.22196337547184, 25.57938295184082], [94.2223996836121, 25.579021378227004], [94.22250154717543, 25.57894282557121], [94.22258956500526, 25.578888363090105], [94.22326237889858, 25.578537032293156], [94.22341589918399, 25.578441080265627], [94.22395326599708, 25.578083839606247], [94.22408652388295, 25.578005411928405], [94.22430721120215, 25.577926779198524], [94.22498328867488, 25.577714537661084], [94.22517568265593, 25.577640395319456], [94.22534917338842, 25.577497902396654], [94.22588320026527, 25.577003405522344], [94.22594098619255, 25.576928553739876], [94.22596847913182, 25.57684033623106], [94.22598212184604, 25.57674621652395], [94.22606550077576, 25.57603233822452], [94.22609232626677, 25.575891483421042], [94.22613143352437, 25.57577657568816], [94.22632879249394, 25.575250277253055], [94.2263740047022, 25.57513780466145], [94.22642435617222, 25.57505924702632], [94.22648271163139, 25.575017189268678], [94.22662326922728, 25.574952271327497], [94.22763697310961, 25.57452234425112], [94.22780834291974, 25.574457867656733], [94.2287695510535, 25.57411321616789], [94.22889077959945, 25.574065991569846], [94.22906346274648, 25.57395949711574], [94.22955139257454, 25.57359365705136], [94.22966893712947, 25.573499974789737], [94.22971575911872, 25.573446842791927], [94.22975110333354, 25.573360176082417], [94.22977256857727, 25.57326619706428], [94.2298799028807, 25.57271812092284], [94.2298957033482, 25.572576159380542], [94.22993926175802, 25.571955665870593], [94.22995566769005, 25.571822733638857], [94.22998040639465, 25.571783149464633], [94.23005256626479, 25.57179245356997], [94.23014394020056, 25.57183300850531], [94.23050033331481, 25.57200759196444], [94.23073856203658, 25.57211540330202], [94.23122090434354, 25.572316204171454], [94.23131728818366, 25.572352892906377], [94.2314132237644, 25.572371251450146], [94.2315090964631, 25.572348761909492], [94.23160451820755, 25.572307778490934], [94.23210496516076, 25.572074866289377], [94.23227322949494, 25.572001044582876], [94.23242041216601, 25.5719441487943], [94.23323426335554, 25.5716392169211], [94.23342439987027, 25.57155577722818], [94.23358047047279, 25.571426811895957], [94.23413896476303, 25.570907631699683], [94.2342020992595, 25.570832556507334], [94.23424284684081, 25.570746733077677], [94.2342810207488, 25.57063275633684], [94.23446758646026, 25.570031810951328], [94.23449959253551, 25.56994339388071], [94.23454849322633, 25.569876525956197], [94.23461014280764, 25.569858880123864], [94.23476275309967, 25.569860877597215], [94.2353166444224, 25.569893916530784], [94.23541180655371, 25.569917032920383], [94.2354888352927, 25.569973689813516], [94.23557399647996, 25.57006409703872], [94.23595754207196, 25.57049376947357], [94.2361165645385, 25.57065149194717], [94.23632113428492, 25.570755995126486], [94.23682301045774, 25.570976201544322], [94.23695522539957, 25.571042448955367], [94.23699316484725, 25.571083419031456], [94.2369787486836, 25.57115674052271], [94.23693178296392, 25.57123912301999], [94.23660012675764, 25.57176379332537], [94.2365366482064, 25.57186892353225], [94.2364965105812, 25.571955790659857], [94.23647339513232, 25.57212064444358], [94.23642767986749, 25.572938732130027], [94.23643637915272, 25.57303205181078], [94.23647229379777, 25.573119297320545], [94.23675935044679, 25.573605477024454], [94.23687058703182, 25.57376538404001], [94.23694928753552, 25.573827547580418], [94.23750149002551, 25.574167064989787], [94.23765204407388, 25.574266979589428], [94.237752707488, 25.574347163213535], [94.23846461606244, 25.57493907478831], [94.2385856721318, 25.5750350628451], [94.23869114961754, 25.57510726370455], [94.23925070661475, 25.575472029552973], [94.23933754316, 25.575525503407103], [94.23942862783822, 25.575564219327976], [94.23952989941178, 25.575570274665402], [94.24008985346438, 25.575514782384605], [94.24019348042059, 25.575500857451452], [94.24028032505068, 25.57546899094282], [94.24034617425595, 25.57535577551451], [94.2404906916256, 25.574896650732857], [94.24052755040003, 25.574820142999645], [94.24061190849339, 25.5747977868083], [94.24075341111696, 25.574848540785638], [94.24158140178908, 25.575190038098693], [94.24172748851551, 25.575244993302732], [94.24180157976352, 25.575259897915284], [94.24190266718246, 25.575250718865238], [94.24203058009239, 25.575220614687577], [94.2426707519032, 25.57505473771327], [94.24330706544987, 25.574865284828913], [94.2434086541287, 25.574837715984106], [94.24350908308253, 25.574825986886317], [94.2435820137072, 25.574841055231687], [94.24372586722184, 25.57489861571016], [94.24446750823557, 25.57522148818856], [94.24458533396319, 25.57527592397754], [94.24476243053324, 25.575382913972497], [94.24553981012224, 25.575896912385307], [94.24567077999907, 25.575977876850104], [94.24574008142999, 25.576005262306264], [94.24584111764493, 25.576011404322685], [94.24642706175533, 25.57595284852942], [94.2465810617411, 25.57593087743873], [94.24664244631941, 25.575904022707554], [94.24668813014318, 25.575831421233325], [94.24671592850966, 25.575740611595144], [94.24687551062661, 25.575129239808174], [94.246918161738, 25.57499039024318], [94.2469885725883, 25.574833703376818], [94.24730220589501, 25.574191252587546], [94.24733738661646, 25.57410067507322], [94.24736983556116, 25.573909690820216], [94.2474213943669, 25.573448001534853], [94.24743622645053, 25.573354180596162], [94.24747203060282, 25.573278847638353], [94.24753027556923, 25.573250733088898], [94.24768306911756, 25.573226518560823], [94.24789690049455, 25.57320312811458], [94.24858561367006, 25.573121615623023], [94.24869079830499, 25.573118269844976], [94.24879518164268, 25.57313296971339], [94.24944398446677, 25.573283849687286], [94.2497567257464, 25.57335916481512], [94.24985888036387, 25.573379653510138], [94.24995031448677, 25.57337654840143], [94.25001725065353, 25.573321627183084], [94.25055011241543, 25.57252242571831], [94.25059213650275, 25.572436999744646], [94.25061012346968, 25.572344024795242], [94.25068172728267, 25.571017424464856], [94.25069673723273, 25.570874265673623], [94.2507259809885, 25.57078426584466], [94.25102562842454, 25.57017430222595], [94.25107096909191, 25.570091811221847], [94.251129079311, 25.570034347293106], [94.25121665516973, 25.570032104291812], [94.25131717215844, 25.570055214982432], [94.25198531930383, 25.57023599763852], [94.25221678101659, 25.570284668567634], [94.252321260474, 25.57028040784642], [94.25311077450587, 25.570168587765338], [94.25350857546313, 25.570115193362252], [94.25366017425216, 25.570087690681316], [94.25371686603143, 25.570058319366925], [94.25374836635518, 25.569982458429216], [94.25375784268313, 25.569888594258362], [94.25380165890942, 25.569137264159604], [94.25381220063929, 25.569041423718456], [94.25386547432889, 25.568855128941493], [94.25413219222158, 25.568094407742485], [94.25419185922108, 25.56793412606631], [94.25424279729091, 25.567823251090903], [94.25452162177871, 25.5672486531599], [94.25459030247376, 25.567123456190465], [94.25463654684627, 25.567081007486347], [94.25472441286084, 25.567070929938293], [94.25482576258784, 25.567083665443555], [94.25539747918073, 25.56717716472343], [94.25555108031453, 25.567207285509678], [94.2556995601529, 25.56725503954134], [94.25631083585594, 25.56747940868291], [94.25643317921114, 25.567521392915374], [94.25653134980034, 25.567539419146154], [94.25663199614644, 25.567523926068926], [94.2567329560046, 25.56749320165154], [94.25726303927735, 25.567317314238345], [94.25735320857231, 25.567271996958564], [94.25742153892439, 25.567204010067016], [94.25748059956105, 25.56712551448588], [94.25785401485162, 25.56660310582077], [94.25793545611528, 25.566480525629256], [94.2580212092923, 25.566305502191234], [94.25821038820294, 25.565880024554232], [94.2582528165321, 25.565795511981584], [94.25830847974039, 25.565737624603106], [94.25836961997693, 25.565734323998996], [94.25851478952347, 25.565773808067146], [94.2590631624954, 25.56595225524479], [94.2591880858121, 25.5659882854859], [94.25931792201506, 25.566006833819362], [94.25982890081663, 25.566013455271438], [94.25993419594434, 25.566017970597507], [94.26002671074052, 25.566041084493833], [94.2600760453176, 25.5660858949543], [94.26015270395068, 25.566207503119276], [94.26042970036688, 25.56669756736772], [94.26055388616669, 25.56687948553672], [94.26064245196886, 25.56696966171604], [94.2613727373791, 25.56767722065673], [94.26149871891117, 25.56780262692739], [94.26213925633631, 25.568490731899328], [94.26303701376662, 25.569473313662474], [94.2635688730087, 25.570043431934163], [94.2636390143644, 25.57011404512139], [94.2637174498651, 25.57016808860088], [94.26381256618234, 25.570185321118423], [94.26394207360192, 25.570185752214954], [94.2644149018517, 25.57017705411298], [94.26451793681814, 25.570171284549968], [94.26461406014684, 25.570147455927547], [94.26474183022462, 25.570065630188047], [94.26527361041495, 25.569660262228698], [94.26541018847409, 25.569543046350503], [94.26581469894823, 25.569184737854876], [94.26589502899589, 25.569135481414012], [94.26593823077452, 25.569129429802835], [94.26603066112905, 25.569154213206932], [94.26667658036105, 25.569448687529786], [94.2668964214673, 25.569529559114727], [94.26763828705984, 25.56976859429392], [94.26785464360108, 25.569858553559257], [94.26844914057126, 25.57012690590453], [94.26863293228512, 25.57022061997727], [94.26876698338341, 25.57033396262134], [94.269002963622, 25.570561057614263], [94.26911463948319, 25.570660056310462], [94.26917680918906, 25.570695842036674], [94.26927588887332, 25.57071215070407], [94.26940924287894, 25.570711918139892], [94.26992223929666, 25.57069773334307], [94.27008110006643, 25.57069946987669], [94.27015295810266, 25.570715174038746], [94.27023059230615, 25.570770104555915], [94.27031649101023, 25.57086059707449], [94.27073728344887, 25.571329315364235], [94.27086145128241, 25.571452555057594], [94.27094822764053, 25.571502988754858], [94.27106874921232, 25.571551053858023], [94.27187832082784, 25.571851546209608], [94.27202741421553, 25.571899218167555], [94.27221079629764, 25.571926935977558], [94.27316501643682, 25.572032924979645], [94.27337591840764, 25.5720405379293], [94.2735580266787, 25.572003456093736], [94.2741294728787, 25.57186593101892], [94.27430364273755, 25.57181019230427], [94.2743872291781, 25.57175467316071], [94.2749841174636, 25.57124253043524], [94.2752222365909, 25.571052058611134], [94.27577307992985, 25.570638834612893], [94.27587602596311, 25.570564796473477], [94.27596394048669, 25.5705200695322], [94.27606240751993, 25.57050632877329], [94.27616618808807, 25.570506401702954], [94.27668993644146, 25.57052181579234], [94.27679242433388, 25.570536763940336], [94.27694332872522, 25.57058554171062], [94.27751559149382, 25.570798142706703], [94.27823748843589, 25.571094142881762], [94.27833392347996, 25.571131190154926], [94.27843167006434, 25.57115419529114], [94.27850685815532, 25.57115035759067], [94.27865951695638, 25.571118217654714], [94.27937382672759, 25.57094626646051], [94.27957940258709, 25.57090440659851], [94.27971123843989, 25.5708901148613], [94.28032051000157, 25.570838215833998], [94.28052993514206, 25.570811358339853], [94.28067930880412, 25.57076232864956], [94.28121829168639, 25.570552053235087], [94.28131830651685, 25.570526886834475], [94.28142156785879, 25.57052660565012], [94.28155286023082, 25.570540718347914], [94.28226433491898, 25.570630311574867], [94.28236874071457, 25.57064037585817], [94.28246779794098, 25.570633974260993], [94.28255565137911, 25.57059073835104], [94.28369857881343, 25.569717937834383], [94.2843194997277, 25.569228453992743], [94.28444115048177, 25.569140031466965], [94.28450612832121, 25.569113231126], [94.28460084398985, 25.56911738573432], [94.28470025245748, 25.569141251837287], [94.28515168373553, 25.569267103071105], [94.28525218185965, 25.569292272167505], [94.28538112873048, 25.569309809498076], [94.28551463544967, 25.56930959151722], [94.28666716587436, 25.569277101021214], [94.28680099958032, 25.569276288252244], [94.28701263367812, 25.569295041902265], [94.28817338099272, 25.569436607838536], [94.2883317836217, 25.56944936091965], [94.28854501312745, 25.56943623022156], [94.2890521462413, 25.569389983476515], [94.28920955713023, 25.56936808330152], [94.28930711506838, 25.569333568598136], [94.28940027754986, 25.56928709005681], [94.29029970315169, 25.5688090010922], [94.29043539726862, 25.56873210131541], [94.2905611497303, 25.568644312921105], [94.29121759811575, 25.568157545021], [94.29135858241138, 25.568048711514702], [94.29151667152834, 25.567890231989903], [94.29197166552478, 25.5673982212974], [94.29205886229447, 25.56730965074661], [94.29217490127297, 25.567209139594947], [94.29320622111808, 25.566360130846974], [94.29329154849364, 25.56630437903495], [94.29338824225252, 25.56626732459597], [94.29403191300139, 25.566093455608677], [94.2941171020364, 25.56608682281599], [94.29414226744075, 25.566103952194815], [94.29415818648592, 25.566178578171346], [94.29414426170071, 25.566801702855024], [94.29415904347869, 25.566940330964943], [94.29420220752807, 25.567023815201885], [94.2942734070992, 25.56712358503653], [94.29458439576572, 25.567539315421385], [94.29470387259681, 25.567722237954243], [94.29473092356497, 25.5678133073127], [94.29485300371375, 25.56852488219128], [94.29498725783131, 25.569187978398826], [94.29501352636683, 25.56933038073009], [94.29503393968336, 25.569497288279592], [94.29511041236518, 25.57021402306774], [94.29512293128695, 25.570381618976874], [94.29512236804328, 25.570502442432268], [94.295093681243, 25.571735611973825]]}, "properties": {"OBJECTID": 44275, "Name": "NH 29", "Road_Type": "National Highway", "Class_Code": 1, "Lane": " ", "Oneway": " ", "T_Elevatio": 0, "F_Elevatio": 0, "SL": 90, "Remarks": " ", "Bridge_Fly": " ", "Shape_Leng": 19885.796035, "ID": 44410, "Type": "", "NSEW_Corr": "", "Shape_Length": 19885.79603497118}, "id": 44275}, {"type": "Feature", "geometry": {"type": "LineString", "coordinates": [[94.22868491807567, 25.628808526322974], [94.22801053213061, 25.628584682036728], [94.22791798319848, 25.628571259773373], [94.2278787456852, 25.62858326545833], [94.22781425203769, 25.62864446341233], [94.22725544243877, 25.629428885268336]]}, "properties": {"OBJECTID": 44276, "Name": "NH 29", "Road_Type": "National Highway", "Class_Code": 1, "Lane": " ", "Oneway": " ", "T_Elevatio": 0, "F_Elevatio": 0, "SL": 90, "Remarks": " ", "Bridge_Fly": " ", "Shape_Leng": 220.728252235, "ID": 44411, "Type": "", "NSEW_Corr": "", "Shape_Length": 220.7282522351751}, "id": 44276}, {"type": "Feature", "geometry": {"type": "LineString", "coordinates": [[94.22725544243877, 25.629428885268336], [94.22644607114758, 25.630209539869778], [94.22636412323409, 25.63026607668329], [94.22626776814009, 25.630294132474774], [94.22514262285682, 25.63044170064609]]}, "properties": {"OBJECTID": 44278, "Name": "NH 29", "Road_Type": "National Highway", "Class_Code": 1, "Lane": " ", "Oneway": " ", "T_Elevatio": 0, "F_Elevatio": 0, "SL": 90, "Remarks": " ", "Bridge_Fly": " ", "Shape_Leng": 281.342418458, "ID": 44413, "Type": "", "NSEW_Corr": "", "Shape_Length": 281.34241845790825}, "id": 44278}, {"type": "Feature", "geometry": {"type": "LineString", "coordinates": [[94.21213809337432, 25.62162963519907], [94.21172248511317, 25.62266126118496], [94.21170585909388, 25.622746674781585], [94.21171626877143, 25.62278519236369], [94.2117743852787, 25.622853879888016], [94.21230045577708, 25.623287579433736], [94.21246411534712, 25.623439276584744], [94.2125567909417, 25.623607522850147], [94.21276029438786, 25.62404585915069], [94.21279138507984, 25.62413528838061], [94.21280786018218, 25.624327401718656], [94.21282567557088, 25.62503195099135], [94.21281627290479, 25.625126860480073], [94.2127417657368, 25.62530257947543], [94.21255321385027, 25.62567041182024], [94.21251294866425, 25.625758282289816], [94.2124434370276, 25.625961367084628], [94.21229188674756, 25.626438770827853], [94.21222953109044, 25.62664613828785], [94.21202688733204, 25.627345304761228], [94.2119917389499, 25.627484540636303], [94.21198910239453, 25.627552510278587], [94.21201972416597, 25.627638415252743], [94.21244517436936, 25.628353002803223], [94.21252417221542, 25.628473322237518], [94.21257433773417, 25.628517765089562], [94.21266627311697, 25.628540960053062], [94.21364822963889, 25.628562682547795], [94.21383316850137, 25.62855967120441], [94.21404206273755, 25.628522578542963], [94.21469230915426, 25.62838215245986], [94.21487399342047, 25.628352926669052], [94.21497615342783, 25.628362987715576], [94.21507748518853, 25.62838855906586], [94.21586161112529, 25.628613966086213], [94.21619423032554, 25.628698103017836], [94.2175160931813, 25.628985189953987], [94.21769806939999, 25.629020805153537], [94.21780344088448, 25.629030525161944], [94.2183887400045, 25.62904262637284], [94.2186264602798, 25.629056097989128], [94.2187806552, 25.62909553686004], [94.21944666076178, 25.629301610296693], [94.21958955128244, 25.62935249422184], [94.21963066717299, 25.629387796678596], [94.21961527274397, 25.629456955025326], [94.21956548811093, 25.629537296032364], [94.2193676997466, 25.62982614254421], [94.21903663553012, 25.6303187719985], [94.21857162621656, 25.631022227364703], [94.21849553082714, 25.63114707398586], [94.21847396946372, 25.631211267324147], [94.2184835850305, 25.63130165661111], [94.21851221883018, 25.63139408763078], [94.21872011234312, 25.631997048362845], [94.21899854426712, 25.632746220445735], [94.21908287451275, 25.632947897889068], [94.21937444878934, 25.63349330556808], [94.21942340517568, 25.633578259493056], [94.21948456787013, 25.633650369934948], [94.21954924926554, 25.63368499242364], [94.21964856879997, 25.63371739901211], [94.22057551159558, 25.633973794077377], [94.22075735127034, 25.634013414361416], [94.22151548265774, 25.63415576624042], [94.22172482066165, 25.6341844868544], [94.22180306122794, 25.63418045356123], [94.22266633053789, 25.63405143589148], [94.22279613170657, 25.634029869085904], [94.22289402741124, 25.634001575251762], [94.22306126047951, 25.633885127851098], [94.22361842795809, 25.633425358744624], [94.22373976250516, 25.63333029063], [94.22380536557206, 25.63329149460183], [94.22390399609867, 25.63326022824328], [94.2250339886912, 25.633047607069184], [94.22534260221214, 25.63297534238108], [94.22625396822069, 25.632730476643637], [94.22652958212966, 25.632647120065243], [94.22694977449366, 25.632497791445942], [94.22704621043607, 25.632460394671636], [94.22713006457457, 25.632411425078704], [94.22718665664084, 25.6323358798671], [94.22723054473236, 25.63224863462894], [94.22742846245407, 25.63182421765184], [94.2274773415853, 25.631711922181886], [94.22751835147466, 25.6315737449359], [94.2276314179279, 25.631082569604075], [94.22768308722642, 25.630898260186672], [94.22775087948764, 25.630767100778204], [94.22819417292752, 25.63001766763162], [94.22825462415625, 25.62990948327334], [94.22832186305527, 25.62975406057028], [94.22868491807567, 25.628808526322974]]}, "properties": {"OBJECTID": 44295, "Name": "NH 29", "Road_Type": "National Highway", "Class_Code": 1, "Lane": " ", "Oneway": " ", "T_Elevatio": 0, "F_Elevatio": 0, "SL": 90, "Remarks": " ", "Bridge_Fly": " ", "Shape_Leng": 3718.05120788, "ID": 44430, "Type": "", "NSEW_Corr": "", "Shape_Length": 3718.051207881973}, "id": 44295}, {"type": "Feature", "geometry": {"type": "LineString", "coordinates": [[94.11999266828384, 25.602551770040055], [94.12033889606235, 25.603519950386218], [94.12038040990657, 25.603608046151162], [94.12043740172314, 25.60368682807477], [94.12097735209096, 25.604303215910647], [94.12109348359593, 25.604432513597196], [94.12155739696485, 25.604913242120396], [94.12161538501309, 25.60498959937636], [94.12164523153841, 25.605054192374432], [94.12169505839225, 25.605214570962964], [94.12178623739361, 25.60554133676017], [94.12181594288342, 25.60562960277519], [94.12186254478542, 25.60569299244177], [94.1219226232133, 25.605703145316493], [94.12207210287657, 25.605680248893737], [94.12266645611633, 25.605559742058055], [94.12276673774645, 25.60553122356625], [94.12291269511547, 25.605470767160206], [94.12409138358291, 25.604943087697613], [94.12419026384119, 25.60490795623958], [94.12437053236252, 25.604878532714093], [94.12484375856597, 25.604823739368086], [94.12499708301867, 25.604812541393144], [94.12506281364632, 25.60482551510127], [94.1251258421416, 25.60488613952362], [94.12517624122233, 25.604968246050394], [94.12553559159046, 25.605615292502673], [94.12561194210143, 25.60573798166769], [94.12566129644144, 25.605782782125544], [94.12580354197172, 25.605806539654996], [94.1264411248379, 25.605800293856273], [94.12653478139278, 25.605815303214797], [94.12657007799694, 25.605838002759707], [94.12661717576896, 25.605914335932486], [94.12693973024479, 25.606764232219295], [94.12703521846451, 25.60696208861932], [94.12732690323392, 25.60749875023925], [94.12736098262084, 25.607587119309205], [94.12737111022736, 25.607680434649613], [94.12736970346563, 25.607799867615633], [94.12735029087236, 25.608399909655525], [94.1273498246467, 25.60851874325936], [94.12736721064073, 25.60860740158094], [94.12740650295123, 25.60866496282636], [94.12747730456866, 25.60873510687377], [94.12782037926053, 25.60904572243147], [94.1279344230808, 25.609139967401433], [94.12799254318135, 25.609161892700264], [94.12807246000399, 25.6091327270133], [94.12815366231578, 25.60907473341657], [94.12856035479773, 25.608757639799837], [94.12866311218477, 25.608681008716243], [94.12877281624387, 25.6086153597243], [94.1288907839053, 25.608563063112538], [94.12956167989547, 25.608284739087352], [94.12965150513567, 25.608237372442225], [94.12980297905888, 25.60810807887064], [94.13009124214534, 25.607827945694506], [94.13016407126038, 25.607763538892733], [94.13023997171537, 25.607726400891273], [94.13030154224494, 25.60773937590337], [94.13042999953394, 25.60781290256544], [94.13075361222515, 25.608021289023156], [94.13095176710209, 25.608137660375984], [94.13106953713417, 25.608190366261432], [94.13178663168276, 25.608489996222907], [94.13199802862532, 25.608587183001607], [94.13260510021284, 25.60893567374435], [94.13271896886161, 25.608997711272966], [94.13286353294369, 25.609059842737302], [94.13343257525199, 25.609273701454946], [94.1335766497522, 25.609335402630425], [94.13365979511994, 25.609391165988143], [94.1341099229425, 25.609789180066496], [94.13418093476574, 25.60985682035912], [94.13423160693426, 25.60993032384709], [94.13423757084944, 25.610017946672496], [94.13422290405579, 25.610111517714895], [94.13413839594374, 25.610537698373662], [94.13412454302376, 25.610678908505196], [94.13416044688903, 25.610843051170782], [94.13428639698006, 25.611264803898486], [94.13435376972804, 25.611416091845715], [94.13442685845621, 25.611476184771824], [94.13451357822048, 25.611527093300328], [94.13498333243535, 25.611783962891554], [94.13510216068285, 25.611834113892467], [94.13522983014934, 25.61187194321001], [94.13597777104816, 25.612076385757746], [94.13608203401162, 25.61209635101193], [94.13632109098006, 25.612095391915123], [94.1370957055546, 25.612061027244547], [94.13720118753191, 25.612065298628725], [94.13730415422638, 25.612086692809516], [94.13796529990245, 25.61228237433499], [94.13814003390334, 25.61234059885873], [94.1382305849823, 25.612388805515675], [94.13833689520627, 25.612460382778487], [94.13888273223415, 25.61284467018097], [94.13898863192804, 25.612916693504136], [94.13907811401182, 25.6129644892374], [94.13917825101315, 25.61299135266034], [94.13930939695982, 25.613012611398393], [94.1401802462541, 25.613141782208913], [94.14033761851549, 25.61316848844411], [94.14044014952707, 25.613194237205416], [94.14117208873573, 25.613421280011607], [94.14136869671377, 25.61349262903527], [94.14156208423148, 25.613620963368152], [94.14210512929549, 25.6140202326862], [94.14218919184314, 25.614077446250217], [94.14227570768983, 25.61411121172564], [94.14234437401183, 25.61410079954402], [94.14248600419614, 25.614039027925397], [94.14305492972348, 25.61376144244398], [94.14312123527291, 25.61372158701199], [94.14323735420149, 25.613622032617855], [94.14367574014496, 25.61319293385019], [94.1438311531807, 25.61306365940964], [94.1440003230167, 25.613006787197946], [94.14443314659194, 25.612900917116963], [94.1446121655567, 25.61286404316552], [94.14476923778075, 25.612855258251308], [94.14553361964592, 25.612846199541963], [94.14563610843668, 25.61283415744367], [94.14573472908181, 25.61280113198694], [94.14585468740992, 25.612747726636805], [94.14652378946444, 25.612438939251824], [94.14662140219986, 25.612401995493894], [94.14677627714474, 25.612380712345875], [94.14738965310893, 25.612368014063303], [94.14754545331856, 25.612358567304874], [94.14761226012793, 25.61233794919717], [94.14767633246558, 25.612272895977977], [94.14772756697946, 25.612189452219866], [94.14806892139754, 25.611580834557166], [94.14811901055947, 25.61149565194424], [94.14817792926233, 25.61142197849774], [94.14821688829788, 25.611397656667496], [94.14831372848215, 25.611373943992096], [94.14945901848563, 25.611255550655713], [94.14956552454237, 25.61125264094286], [94.14969894951489, 25.61126280225599], [94.15079308944611, 25.6113793616256], [94.15089319949797, 25.611404064184295], [94.15098065947406, 25.611454969503328], [94.15108250147783, 25.61153371466383], [94.15168784650336, 25.612017748790617], [94.151763896977, 25.612085907062884], [94.15189211621248, 25.612239213418015], [94.15235414132268, 25.612830338090955], [94.15241178801107, 25.61291026905755], [94.15245111805082, 25.61299537289829], [94.15246287070971, 25.613087971990375], [94.15247153855388, 25.613733662232413], [94.15247542376748, 25.61385264444035], [94.15249053163394, 25.6139447665674], [94.15253163315143, 25.614031080673605], [94.15298006315811, 25.614716598252837], [94.1530647680012, 25.61483772444008], [94.15311606360055, 25.614888418499078], [94.15320464916566, 25.614932923107048], [94.15448616508876, 25.61533713730099], [94.15457151851547, 25.615347226984568], [94.15459943366292, 25.615331358575258], [94.1546259159975, 25.615258050385126], [94.15472326462819, 25.61442626038914], [94.15475597857592, 25.614239261882588], [94.15482610645687, 25.614084043171424], [94.1550902461847, 25.61358273363542], [94.15521119894782, 25.613399682749893], [94.155517741852, 25.612989666963102], [94.15569275882218, 25.61278090763663], [94.15606695025713, 25.612373177297275], [94.15615452252261, 25.61228310985742], [94.1563222694272, 25.612165235041957], [94.1569128416579, 25.61182667925557], [94.15707904615515, 25.611748502133352], [94.15773506873914, 25.61147205836594], [94.15788266194032, 25.611419566971286], [94.15798472582799, 25.6114088086627], [94.15811558970361, 25.611414024591518], [94.15887967512471, 25.611461850897623], [94.15903549150401, 25.611475770835153], [94.15910752830496, 25.611494384212776], [94.15919137795188, 25.611546959819957], [94.15968688506936, 25.611989328235264], [94.15980599808276, 25.61211588531731], [94.1598604898879, 25.61224700607], [94.16000260156922, 25.612731278701112], [94.16004271404161, 25.61281645233303], [94.16016446181374, 25.61293870154456], [94.16082866176177, 25.613492863946423], [94.16096147767654, 25.61361013640452], [94.16104746621215, 25.613702188245256], [94.16136535663502, 25.614062683369642], [94.16145617361528, 25.614176489943695], [94.16147615304553, 25.61423341020076], [94.16144403647749, 25.614309003312485], [94.16138284054539, 25.614384601236566], [94.16108347428201, 25.614725050917873], [94.16103025269467, 25.614805584899365], [94.16098648767235, 25.614968039468327], [94.1608840707468, 25.615545158280014], [94.16087664347603, 25.615708652723836], [94.16091772523063, 25.61579274690328], [94.16097593516271, 25.615873369267703], [94.16154043828388, 25.616613891050562], [94.16160875605956, 25.616686952973847], [94.16169079919445, 25.616745637871094], [94.16285603628884, 25.617416691696874], [94.1629875586296, 25.61749735022619], [94.1631419835185, 25.617627288129263], [94.16380463387267, 25.618248034004395], [94.1638979580509, 25.61833185747491], [94.16397992033743, 25.61838500355787], [94.16415500018967, 25.618416409081217], [94.16481425401375, 25.618463588631222], [94.16491381160174, 25.6184542687154], [94.16504391011279, 25.618385000317822], [94.16547669416215, 25.618069425056127], [94.1655588810275, 25.618012542266545], [94.16563858854265, 25.617976272538353], [94.16567599888266, 25.617980001005677], [94.16574586894714, 25.61803168680115], [94.16651708788991, 25.618889236495313], [94.16665798145573, 25.61903202193084], [94.16675849664782, 25.619110720788715], [94.16739915175222, 25.61958293309735], [94.16752148073437, 25.619675956383094], [94.16767472703364, 25.619811940964915], [94.16825442785277, 25.6203556720065], [94.16833340144434, 25.620407624881572], [94.16837651339146, 25.620415681058137], [94.16846981241687, 25.620396727253546], [94.16912824428245, 25.62014377710353], [94.16921904778802, 25.620126655461213], [94.16925810743489, 25.620137234786426], [94.1693235137707, 25.62019672879218], [94.16961654960629, 25.620595746101777], [94.16968333934767, 25.620662409100138], [94.16972449476411, 25.620683482605827], [94.16982235184126, 25.62070108692219], [94.17072256436724, 25.620741588017808], [94.17101088045433, 25.620763686145906], [94.17158124777768, 25.62082786805497], [94.17184090131899, 25.620868400697148], [94.17259495974487, 25.62102008553025], [94.17282955837456, 25.62105787954043], [94.17306593297361, 25.621043966388932], [94.17382950366004, 25.62096865941358], [94.17393409361027, 25.62096505415769], [94.17403804845156, 25.620979458980933], [94.17416684440543, 25.621013083188217], [94.174680712189, 25.621159194320324], [94.1748100058095, 25.62119190562245], [94.17502176117986, 25.621219555312376], [94.17571833191914, 25.621279238315847], [94.17587385904092, 25.62129890071782], [94.1759372468623, 25.621324649347198], [94.17598843466385, 25.621396200198063], [94.1760231150237, 25.621486026683893], [94.17623609749272, 25.62211487742187], [94.17627021730384, 25.622206128121196], [94.17631706624255, 25.622288707117175], [94.17639250316687, 25.62235201262021], [94.17722552799782, 25.62284558817308], [94.17749891318654, 25.622993177696724], [94.17814374635535, 25.623309365251707], [94.17832410560653, 25.623411514822543], [94.17899445092941, 25.623806809309055], [94.17964713717045, 25.62420537231986], [94.17975785093596, 25.62426830017326], [94.17997535462581, 25.624353975049516], [94.18071751127253, 25.6246116634793], [94.18135743604662, 25.624846309569403], [94.18151969514312, 25.624921447248404], [94.18165842017582, 25.625060906258135], [94.18210913549657, 25.625590248832363], [94.18221607903287, 25.625726608171256], [94.18272384995058, 25.626492486749306], [94.18276331563595, 25.626576708600222], [94.18274789156253, 25.6267089393134], [94.18255723761818, 25.627183772540832], [94.18252559086903, 25.62727334926133], [94.18251789140875, 25.627358362687346], [94.18254882309894, 25.62741605502093], [94.18265297377297, 25.627523374188492], [94.18313675338442, 25.62798236903679], [94.18329789767164, 25.628144465514684], [94.18402443351387, 25.628887800273038], [94.18409338999172, 25.62896140463515], [94.18416595949361, 25.6290614014303], [94.18422129122357, 25.62917157899012], [94.18469011478382, 25.630179863397743], [94.1847292400077, 25.63027011739801], [94.18477813081702, 25.630456837307282], [94.18495206262233, 25.631431272540794], [94.18509696716586, 25.63214597670187], [94.1851220544168, 25.632289318898646], [94.18513260243489, 25.6324100725286], [94.18517857551618, 25.633233925782324], [94.18517402465095, 25.63347491672123], [94.18509465939391, 25.63431380404238], [94.18506994584214, 25.634554527156], [94.18498666033717, 25.635304003099833], [94.18498789282576, 25.63539937659131], [94.18501196587874, 25.63549069894008], [94.18526129238755, 25.636123812067485], [94.18529969087434, 25.636210709463352], [94.18535358619813, 25.63627780189392], [94.1854183412554, 25.636298382664773], [94.18557523471469, 25.6363045620786], [94.18579191554778, 25.636303243587726], [94.186464814781, 25.636306173747425], [94.18667747116159, 25.63629624943063], [94.18687632672447, 25.63623354415387], [94.18773579616074, 25.635910931159728], [94.18782854631553, 25.635866621450944], [94.18790998129097, 25.635808358989813], [94.1884799120331, 25.635314942291984], [94.18859077491892, 25.635213701071205], [94.18871030475064, 25.63508324776935], [94.18902739567288, 25.634722525323873], [94.18912954040891, 25.634583886681636], [94.18915876260509, 25.63449414455651], [94.18918121958886, 25.634376415569452], [94.18929480706498, 25.633712389771915], [94.18933592565048, 25.633525747034373], [94.18937977152119, 25.633439824427718], [94.18943684957603, 25.63335829953706], [94.19017058631356, 25.632371878774887], [94.19028681842987, 25.632208999180897], [94.19036115940952, 25.632083360765623], [94.19070408947258, 25.631467455572366], [94.1907905280642, 25.631320901065667], [94.19084939286813, 25.631242812021114], [94.19124335352754, 25.630798156400097], [94.19138316192847, 25.63062727991645], [94.1914289957709, 25.630542381396573], [94.19169136851255, 25.629944771796673], [94.19176543640437, 25.629792224383987], [94.19182919972154, 25.629686966093967], [94.1922542663443, 25.629020603480164], [94.19230397192564, 25.628936118504225], [94.19236733100092, 25.628754848700133], [94.19259063062098, 25.627816391099756], [94.19259544828584, 25.62772449673247], [94.19256644348197, 25.62763622354802], [94.1925104407105, 25.62752803541262], [94.19211110632908, 25.62679453873378], [94.19204561195832, 25.626663630762497], [94.19199048594261, 25.626480613686063], [94.19185037480942, 25.625898930955476], [94.19182473868786, 25.6257593004037], [94.19184612757479, 25.625572777259418], [94.19199241552384, 25.62489613758328], [94.19211628332005, 25.624387284040722], [94.1921355171486, 25.624295363546263], [94.19213704608123, 25.624206446334604], [94.19209894763169, 25.62412277439962], [94.19202806965748, 25.62402213116588], [94.19170195515818, 25.623581664556873], [94.19157443930361, 25.623398074968446], [94.19118583439992, 25.62282092928826], [94.19098661052776, 25.622529957464955], [94.19093660401084, 25.62245026377666], [94.19092245195186, 25.62238842519623], [94.19096608582015, 25.62236916877271], [94.19111578736731, 25.622361704822055], [94.19157449410086, 25.622356247187533], [94.19178449056987, 25.622366380827227], [94.19188264319277, 25.6223988358457], [94.19273924700329, 25.622794658547207], [94.19285674125256, 25.622851641926907], [94.19296639051446, 25.622918821240294], [94.19362300329159, 25.623408436931676], [94.19372281420448, 25.623487455275125], [94.19382906154642, 25.623593111864032], [94.19412988397886, 25.623925975878915], [94.19420997776962, 25.624019879457222], [94.19425926922754, 25.624101034898093], [94.19428714574744, 25.624190662528395], [94.19440152733426, 25.62472531826245], [94.1944334031538, 25.62481325341425], [94.19453833536215, 25.624950432510516], [94.19508170202297, 25.62555059173558], [94.19524855869712, 25.625707341756396], [94.19587172629794, 25.62623950333906], [94.19596570355138, 25.62632522782843], [94.19607670387946, 25.626459186444638], [94.19641505882281, 25.626918689979796], [94.19660956564137, 25.627177994388084], [94.19669124136533, 25.62729819594419], [94.19671194843093, 25.62735960757206], [94.1966931269291, 25.627444357704928], [94.19665126813182, 25.627530608602676], [94.19627109751033, 25.628244024817143], [94.19618147079778, 25.628441268978417], [94.19616538286937, 25.628630727710476], [94.19615467225624, 25.629351568470714], [94.19614511058833, 25.629543065161748], [94.1961278395787, 25.62966117634091], [94.19600039019944, 25.630415805765903], [94.1959749202662, 25.63058158327923], [94.19586801895073, 25.631524638913454], [94.19587119359696, 25.63168819086051], [94.19591644263616, 25.631768617027408], [94.19597824493106, 25.631844774083014], [94.19644917683729, 25.63239077317566], [94.19658435082967, 25.632565143513954], [94.19662402851743, 25.632653166843035], [94.19695734930194, 25.633642691255364], [94.19703348781046, 25.633898492824226], [94.19731404694504, 25.634954129028582], [94.1973437712995, 25.63509562615986], [94.19734858087953, 25.63519143553933], [94.19732913864182, 25.636180625491004], [94.1973071496803, 25.63636972450429], [94.19727088918387, 25.636458323284945], [94.19703006612755, 25.63693752187242], [94.19698909037419, 25.63702492242075], [94.19696267182, 25.637113681880994], [94.19696823598487, 25.63720466681926], [94.19698822709321, 25.637297000133564], [94.19711812887319, 25.63782966888361], [94.19716047904895, 25.637965392265], [94.19727140751179, 25.638153250158204], [94.19764639395576, 25.638727161641615], [94.19774515114484, 25.638894251747057], [94.19779967259441, 25.639053562863744], [94.1979993546073, 25.639749031756804], [94.19804369994134, 25.63991170993792], [94.19807841353884, 25.64007677373975], [94.1982525833977, 25.64097572191484], [94.19830591457948, 25.64118493812494], [94.19834669719508, 25.64127222461418], [94.19861958292053, 25.641787818637727], [94.19869082650906, 25.641915841554816], [94.19931371653044, 25.64295119248405], [94.19937327483377, 25.643028979899416], [94.19955621584307, 25.64316847607007], [94.20030709692783, 25.6436803577227], [94.2004747557975, 25.643801133844278], [94.20057231732895, 25.6438827552623], [94.20112969052168, 25.644365109913917], [94.20128089674697, 25.64445723847179], [94.201451291885, 25.644521191422978], [94.201994168964, 25.644713384529435], [94.2021366606327, 25.64477027727703], [94.20219387433313, 25.64480973039305], [94.20223753335426, 25.6448866711392], [94.20226524727909, 25.644976110675504], [94.2023755379381, 25.64538983740489], [94.2024213942384, 25.645525256605392], [94.20247462750382, 25.645636397235457], [94.2028363296614, 25.646341833046726], [94.20291317065248, 25.646466470911644], [94.2029886192549, 25.646528155305663], [94.2030786618874, 25.646577238150655], [94.20377906663632, 25.64692675827958], [94.2038692368296, 25.64695400682277], [94.20391118635672, 25.646948824838347], [94.20398888793387, 25.646901322089306], [94.2044362579285, 25.646496618696567], [94.20455694299369, 25.64641844240053], [94.20465387929768, 25.64640871085068], [94.20475742450722, 25.646415970844437], [94.20528163459463, 25.64646976766802], [94.20546448397576, 25.64648495250563], [94.20554207506014, 25.646484030936424], [94.2056443716114, 25.64646618585681], [94.20633381242229, 25.646282649268663], [94.20642943718597, 25.646253414902542], [94.20648923354287, 25.646212994532963], [94.20647997550554, 25.646165451000154], [94.20639852795368, 25.6460507055544], [94.20621019884932, 25.64581327243412], [94.20579601351956, 25.64528249785411], [94.20570726446108, 25.645162981697716], [94.20561073329729, 25.6449927218048], [94.20526598055248, 25.64431778753823], [94.20515526409201, 25.644128969169344], [94.2050046175172, 25.64399457039205], [94.2045807187043, 25.6436609897361], [94.20446614308136, 25.643560575145976], [94.20432832714377, 25.64338545881146], [94.20409624828841, 25.643062393009643], [94.20400543220644, 25.642948343471293], [94.20395096645245, 25.642908917274507], [94.20385599745894, 25.642896987535178], [94.20375052176985, 25.642905489225868], [94.20315954709388, 25.642974244541616], [94.20300036742218, 25.642987148508965], [94.20292509578788, 25.642979787886617], [94.20283556160184, 25.642938253689753], [94.20205921687206, 25.64238718624779], [94.20195676221728, 25.642310397760518], [94.2018292715155, 25.64219060166127], [94.20132338885654, 25.64167301472338], [94.20125700515365, 25.641600768213646], [94.20120950313974, 25.641523558099284], [94.20120365690389, 25.641433894886948], [94.20141421931154, 25.64019278263749], [94.20144866431278, 25.640107599370133], [94.20151839064683, 25.64004236447767], [94.20160397314393, 25.639986057433976], [94.20222325642946, 25.639603590446455], [94.2024133722829, 25.639472900602332], [94.20255604630962, 25.639302967876144], [94.20301915388971, 25.63869228388704], [94.20314418320758, 25.638538352245988], [94.20323234925945, 25.638447876112195], [94.20388228306248, 25.637807256442564], [94.203961042855, 25.637744346251395], [94.2040527886933, 25.637697347630247], [94.20483921611384, 25.637386080102615], [94.20501361953465, 25.637332889831967], [94.20511702550533, 25.637332028123005], [94.205248584677, 25.63734535221644], [94.20611964238044, 25.63744839036439], [94.20625076227596, 25.637461043057645], [94.20635073578393, 25.63745496250857], [94.20643954682618, 25.637414634724784], [94.20654449789913, 25.63734412606299], [94.20698103331314, 25.637035284821447], [94.20704730382828, 25.63696778544728], [94.20708134189269, 25.636882639562813], [94.20710066195954, 25.636789614290063], [94.20718665768169, 25.63629345938057], [94.20719485750358, 25.63619868267835], [94.20719074052465, 25.636079167955028], [94.20713463085369, 25.635312712663282], [94.20713731681637, 25.63512423235302], [94.2071720941943, 25.63503601890104], [94.20723147732613, 25.6349287615575], [94.20756485739945, 25.63435207411522], [94.20766567352713, 25.6341567883322], [94.20768515529072, 25.634087946948046], [94.20775868239672, 25.633683006544885], [94.20777490776739, 25.633547968332266], [94.20775966156039, 25.633500975348305], [94.2076844968256, 25.633485633357616], [94.20758228651259, 25.63349401666283], [94.20704657529457, 25.633558642037258], [94.20683442556381, 25.633575960180334], [94.2067305345029, 25.633564890434595], [94.2066020412813, 25.63353660458928], [94.20578074395637, 25.633339606145537], [94.20560377315043, 25.633289479559974], [94.20548155196616, 25.63324056295086], [94.20473173538501, 25.63291771104632], [94.20453598709473, 25.632840098461607], [94.20443510988159, 25.632812979521336], [94.20371196787448, 25.63265890099581], [94.20356526759869, 25.632620670875774], [94.20351401242353, 25.632587603103875], [94.2034964728176, 25.632511061005037], [94.20350435912749, 25.632418461578673], [94.20357929479187, 25.631845244643102], [94.2036083247486, 25.631680014766843], [94.20379317198291, 25.631004486883047], [94.2038741910384, 25.6306988632614], [94.2039178186185, 25.63056555166916], [94.20395515080507, 25.630518159029382], [94.20404086355789, 25.630499480581808], [94.20414439439436, 25.630502960821776], [94.20449268380645, 25.630529813012053], [94.20465116369056, 25.6305364365622], [94.20472681351559, 25.630527929941078], [94.20481974782497, 25.63048937597942], [94.20537450063208, 25.63015273332431], [94.20545971751487, 25.630097191856134], [94.20552509779954, 25.630032364556545], [94.2055441483718, 25.629969004809215], [94.2055473122382, 25.629825906855224], [94.2055394717424, 25.629508967926625], [94.20553001877067, 25.62892604697683], [94.20552393537956, 25.62880495937062], [94.20550314566894, 25.62866125419], [94.20531477344547, 25.62758596092783], [94.20528047486958, 25.62732477671359], [94.20520156775335, 25.62656757398592], [94.20515883220031, 25.62592309432288], [94.20515794825812, 25.625787611579806], [94.20517872808725, 25.625740455980942], [94.20525494295259, 25.62572482950881], [94.20535545185646, 25.62573277112307], [94.20598589311611, 25.62580773248423], [94.20619448731499, 25.625814018545046], [94.2063246334367, 25.62579655591433], [94.20705378966463, 25.625681454759274], [94.20722827303551, 25.625638622664606], [94.20731300482807, 25.625586404778733], [94.2078417118818, 25.625151529418396], [94.20789978526996, 25.625082930690873], [94.20790945563402, 25.62504484150862], [94.20789045985899, 25.624961158011466], [94.20765487128587, 25.624434020612256], [94.20754831222854, 25.624214784123115], [94.20728154313186, 25.62371136743167], [94.2071860531155, 25.623511677448196], [94.2071496848212, 25.623396186925184], [94.20697201422767, 25.622766291583424], [94.20693963984316, 25.62262549910332], [94.2069320014683, 25.62253090594828], [94.20691951398756, 25.621648951680545], [94.20692384117227, 25.6214823218155], [94.20693871368012, 25.621363348824463], [94.20704938612312, 25.62062666585995], [94.20705918764119, 25.6204362491727], [94.20704610637402, 25.62034050733545], [94.20695950428903, 25.619838031732844], [94.20693342529803, 25.619670590965494], [94.20684461245916, 25.618886661499147], [94.20683710074672, 25.618791971423583], [94.20684362071906, 25.61869861372828], [94.20689749089004, 25.61853882104508], [94.20714846580738, 25.61790351758665], [94.20719389181467, 25.617818196108683], [94.20733110228781, 25.61767327484587], [94.20776139980046, 25.61727601927471], [94.2078515448409, 25.61718843984117], [94.20790562072608, 25.61711222403012], [94.20792089657749, 25.61697751052923], [94.2078859206719, 25.616381301630128], [94.20788291940052, 25.616287586452792], [94.2078966321833, 25.61620543747988], [94.20792120559791, 25.616176602379948], [94.2080058340842, 25.61614345553375], [94.20849765990563, 25.616048792445117], [94.20864078937817, 25.61600219434712], [94.20876327376884, 25.615883990280636], [94.20914428072187, 25.615421586533028], [94.20923199402287, 25.61528195750628], [94.20923593313536, 25.6151911624242], [94.2092221520806, 25.615096422438583], [94.20907725472357, 25.61428514135855], [94.20905870361464, 25.61416624301469], [94.2090583478818, 25.614073090694365], [94.20908858607257, 25.613985328275625], [94.20932987804946, 25.613534657876162], [94.20937791276434, 25.613450570208126], [94.2094363796146, 25.613375683717766], [94.20951854941197, 25.613320733878687], [94.21043852846746, 25.612887327032773], [94.21053157865954, 25.61285990546695], [94.21057691842857, 25.612862721175727], [94.21066522012602, 25.612901531939276], [94.21155698309849, 25.613474120463845]]}, "properties": {"OBJECTID": 44337, "Name": "NH 29", "Road_Type": "National Highway", "Class_Code": 1, "Lane": " ", "Oneway": " ", "T_Elevatio": 0, "F_Elevatio": 0, "SL": 90, "Remarks": " ", "Bridge_Fly": " ", "Shape_Leng": 23289.0045094, "ID": 44472, "Type": "", "NSEW_Corr": "", "Shape_Length": 23289.004509389204}, "id": 44337}, {"type": "Feature", "geometry": {"type": "LineString", "coordinates": [[94.11845334216243, 25.602443158997264], [94.11787988193956, 25.601834600269846], [94.11771689880095, 25.60167562108314], [94.11758733478752, 25.601595092837766], [94.11699832203213, 25.60127268361976], [94.1168620682648, 25.60120445194224], [94.11679269676527, 25.601187151790302], [94.11669619344924, 25.60120311443115], [94.11659822138775, 25.601238532140506], [94.11617978343345, 25.601403512470572], [94.11603887639293, 25.60146841444139], [94.11596304600651, 25.601531163889295], [94.11589790826696, 25.60160568352477], [94.11527029580213, 25.602377517111446], [94.1151386566804, 25.602527105347644], [94.11506450524527, 25.602595759959232], [94.1146069420671, 25.602998876048936], [94.11451048456516, 25.603080582867687], [94.11442653700186, 25.603132648566397], [94.11435416782425, 25.603152179475906], [94.11419806757735, 25.60316896735496], [94.1132753720164, 25.603243194330858], [94.11317233525332, 25.60323959502109], [94.11302441147213, 25.603193947857218], [94.11231722264614, 25.602901050410996], [94.11222503214178, 25.602865847873378], [94.11216334393295, 25.602858950592122], [94.11216910033727, 25.60291438725592], [94.1122156097128, 25.60302019084139], [94.11246582555368, 25.603552834208294], [94.11251816679204, 25.6036327859604], [94.11265564226818, 25.60374111967694], [94.11328007649354, 25.604150813982613], [94.11343342250579, 25.604246998953265], [94.11395727686038, 25.60454506801585], [94.11423345131806, 25.604699138243475], [94.1143639989867, 25.604779584198635], [94.11441009423889, 25.604828480867276], [94.11442683703918, 25.604913697394686], [94.1144216259122, 25.605008831057123], [94.1143783091492, 25.605469227983757], [94.11437886161308, 25.605565135652316], [94.11441569074312, 25.60572798838389], [94.11460542211765, 25.606375865923813], [94.11465786576393, 25.606535955969076], [94.11489321179197, 25.607218861899863], [94.11496916973911, 25.607393666727663], [94.1151079881966, 25.607534498216072], [94.11556567354567, 25.60793415158995], [94.1157254254442, 25.608091063243936], [94.11577393267294, 25.608175771959292], [94.11605742031533, 25.60883129463677], [94.1161108790579, 25.60899125826332], [94.11610160215596, 25.609179011863223], [94.11601603043863, 25.60984228134471], [94.1159905380475, 25.61015351534229], [94.11596511662326, 25.610757884233184], [94.11594596184646, 25.610949109387402], [94.11587513238125, 25.611128530121537], [94.11556806935253, 25.611793107546717], [94.11552121861718, 25.611905000515453], [94.11548450447154, 25.612043980588656], [94.11540556501593, 25.612444965181307], [94.11539582458332, 25.612605872533937], [94.11543469648227, 25.612691023573955], [94.11572619350378, 25.613098923747675], [94.11579620011219, 25.61320239593342], [94.1158701224769, 25.613330889345743], [94.11608270789058, 25.613721058867924], [94.11614914998394, 25.61385268899234], [94.11621700602555, 25.614035186740274], [94.11643067750242, 25.614656634130835], [94.11650642075223, 25.61491133178871], [94.11671004816588, 25.6157028853564], [94.1167420228001, 25.615818760786645], [94.11679832560884, 25.615977832137865], [94.11700866703094, 25.616518713973147], [94.11706947578917, 25.61670061471747], [94.11708600838365, 25.616866890794192], [94.1171198416322, 25.617586521104464], [94.11711808901907, 25.617752511635057], [94.11709023316044, 25.617841994986428], [94.11703510983965, 25.617949879230785], [94.11658856629506, 25.618764484792415], [94.11653226438463, 25.618872547214334], [94.11645663791582, 25.619053670014647], [94.11619412593528, 25.619742662014474], [94.1161486244695, 25.619856446169162], [94.11610176295439, 25.619941115765847], [94.11603379282674, 25.620010751808714], [94.11593596000408, 25.620089974087914], [94.11537660602615, 25.620526581814545], [94.11522912960591, 25.620659269579228], [94.11517895869733, 25.620740837967645], [94.11496740634621, 25.62120304779377], [94.11491988546767, 25.621313668374302], [94.11489361154227, 25.621404859746715], [94.11488260807833, 25.621549196534986], [94.11486494091164, 25.622278039694756], [94.11485115356867, 25.62244574491048], [94.11481763473046, 25.622534227664936], [94.11476928201199, 25.622618715549084], [94.11439401978521, 25.623225093308683], [94.11434072273939, 25.623307308732848], [94.1139662591149, 25.623851996638354], [94.11388932200407, 25.62397371618063], [94.11386751899381, 25.624036459483577], [94.11387677343788, 25.624125079564116], [94.11391325402154, 25.624238670012975], [94.11415213042865, 25.62492271240754], [94.11420429020731, 25.625057611340424], [94.11427308768334, 25.625187869864643], [94.11452196054292, 25.625615741400537], [94.11458049117357, 25.625722908294104], [94.11460702740705, 25.62580954030384], [94.1145902495725, 25.625897375033052], [94.11455405465308, 25.625986088497573], [94.11435444630202, 25.626430223417316], [94.11430447302274, 25.626512148293255], [94.11417296415672, 25.62662978945928], [94.11324903071733, 25.62733509054943], [94.11316185011731, 25.62738945240337], [94.1130647233705, 25.62742739909776], [94.11214409303638, 25.62769461877723], [94.11196381283695, 25.62773462181735], [94.11185974570623, 25.62773371387238], [94.11112365807762, 25.627654302276017], [94.11049286557667, 25.62757004716734], [94.11025518033564, 25.62755249812944], [94.10948094485015, 25.627579257029698], [94.10932384477832, 25.62757920924306], [94.10925381661032, 25.627563495537636], [94.10918021045258, 25.627506273852433], [94.10911636628704, 25.627431081913254], [94.10863622485249, 25.626821829939786], [94.10855687666347, 25.626726558130823], [94.10848344747383, 25.626665559251574], [94.10838781372699, 25.626637015828074], [94.10828249883635, 25.62662327989535], [94.10755989851337, 25.626549030992077], [94.10732391378316, 25.626512060818627], [94.10715976103806, 25.626435791019034], [94.10597068804591, 25.625782947047913], [94.1058915410795, 25.625757375949732], [94.10586404364865, 25.62576864890803], [94.10583326197711, 25.62583944302925], [94.10561771751289, 25.6269601139272], [94.10559643103393, 25.627054447631725], [94.10552326505068, 25.627234345539314], [94.10501167539466, 25.628242992145527], [94.10495366578691, 25.62831830911396], [94.10489243392219, 25.628358345152577], [94.10455303423817, 25.628496198094542], [94.1037719356239, 25.628806472328638], [94.10367205464239, 25.628835732835633], [94.10345971177387, 25.62884906597647], [94.10273384966808, 25.628856616184724], [94.10257303506256, 25.628853631576625], [94.10241635270732, 25.62883492695081], [94.10165568537589, 25.62871710896102], [94.10155682577887, 25.628704963980603], [94.10149147424026, 25.6287151221897], [94.1014930741398, 25.628756987738544], [94.10155546932279, 25.628880131006444], [94.101812108118, 25.629336943545848], [94.10192290183355, 25.629500904264013], [94.10230408216145, 25.629935022705325], [94.1024084412446, 25.630043931114596], [94.1025475875872, 25.63015364044092], [94.10324679039026, 25.630665701006354], [94.10333434648605, 25.630716169670368], [94.10355942836367, 25.63077629014597], [94.10430657784671, 25.630930832755162], [94.10443339481199, 25.630960065204413], [94.10452406357027, 25.630996987025632], [94.1045919034422, 25.631062781655213], [94.10464934800966, 25.631141645909835], [94.10489950815503, 25.631507633910502], [94.10495161583144, 25.631589969170562], [94.10499090365035, 25.63167758421128], [94.10502314867749, 25.6317940766902], [94.10512959544539, 25.632242096214455], [94.10512832343095, 25.63233065351288], [94.10509617632022, 25.63238914930534], [94.10499583360466, 25.632497531464946], [94.10474403852547, 25.632745979093173], [94.10464495345128, 25.632856673214032], [94.10456584511243, 25.633029421440124], [94.1044013384311, 25.633506878730064], [94.10437438717591, 25.63359656895358], [94.10437148022768, 25.633680299853616], [94.104422180244, 25.63375172424761], [94.104497166214, 25.633817169912025], [94.10491458278382, 25.634154531145338], [94.10500040602946, 25.634203917120907], [94.10510053584426, 25.63422453388476], [94.10520676252493, 25.634232012482137], [94.10569002470676, 25.63425394208538], [94.10595558556938, 25.634276681582204], [94.10610355875792, 25.634322644881404], [94.10685740607974, 25.634606149897152], [94.10694220704252, 25.634652245082417], [94.10697281983079, 25.634684572848577], [94.10701028586637, 25.634767934483786], [94.10716098634009, 25.635326009445787], [94.10720126320416, 25.635512430699187], [94.10719067206699, 25.635724274851242], [94.1071286838208, 25.636338876851756], [94.10713465761744, 25.63642786196949], [94.10715244246343, 25.63646753975076], [94.10721838329684, 25.63653698231532], [94.10772628896189, 25.63693629976419], [94.10780254514972, 25.637004144164653], [94.10790099421662, 25.637118469071805], [94.10827237122983, 25.63759400032486], [94.10840312640931, 25.637746510234887], [94.10856344334817, 25.637868887810757], [94.10904375366599, 25.638204049324315], [94.10927990727946, 25.638355195443918], [94.10983425853958, 25.638675835474196], [94.10992353401083, 25.638724275274157], [94.11001599221316, 25.638757300043267], [94.11011678678128, 25.63875629418819], [94.11022080630131, 25.638739672472546], [94.11074450704395, 25.638639742902622], [94.11087449236724, 25.638618504112614], [94.11097386400398, 25.63861933017812], [94.11106296610038, 25.638658062925106], [94.11116862863904, 25.63872863317067], [94.11169480603694, 25.639096385287644], [94.11176027705146, 25.639160740374397], [94.11177492767543, 25.639198481671958], [94.11176830349854, 25.639285017250455], [94.11153382434475, 25.640140017982883], [94.11149967039765, 25.64022869414132], [94.11137382900274, 25.640408765757016], [94.11100731726515, 25.64087678061748], [94.11093416565494, 25.64097505945576], [94.1108922269076, 25.641057471601837], [94.11088563147676, 25.64114902933836], [94.11089830850207, 25.641268254728736], [94.11100396205755, 25.642083220360636], [94.11101652859008, 25.642250688014546], [94.11099853623327, 25.642394187336613], [94.11080910399772, 25.643421259217114], [94.11077624542126, 25.643509474571292], [94.11073117784174, 25.643566053676974], [94.11061770714664, 25.643668053107397], [94.11020321459308, 25.644016947658454], [94.1101079356808, 25.64410141305518], [94.11004904302911, 25.644175892373497], [94.11002446422458, 25.64431055738048], [94.11001546939364, 25.644933626438473], [94.11001185457296, 25.64502820184761], [94.10999353972093, 25.64511389584158], [94.10996861955665, 25.645147368295067], [94.10988703905412, 25.645195434569647], [94.10979072258766, 25.645234596008727], [94.10912510060655, 25.64548951189873], [94.10902873293612, 25.645528670811878], [94.10894655595224, 25.64557671668731], [94.10892058655568, 25.645610494313402], [94.10889927402557, 25.645697802670597], [94.10889222045397, 25.645794040843302], [94.10885462595931, 25.646525420562146], [94.10884755891297, 25.64662164834969], [94.10882618529743, 25.646708876605402], [94.10880006767887, 25.646742606132097], [94.10871718192425, 25.646790433679215], [94.10822047555584, 25.64697835299566], [94.10813530628378, 25.64702227715879], [94.10809979767724, 25.647107189873317], [94.10813015534394, 25.647240248959402], [94.10821183466113, 25.64751524622908], [94.1082579397948, 25.647721112144186], [94.10825304307818, 25.647814988101512], [94.10816543038851, 25.64835839485785], [94.10814566026575, 25.648450702538295], [94.10810631405627, 25.64853376222186], [94.10795754136714, 25.648667610082004], [94.10740852340486, 25.649099103918143], [94.10729823813573, 25.649195132039942], [94.10727426299911, 25.649242888151853], [94.107314317081, 25.649305604409896], [94.10738990582057, 25.649368020200964], [94.10782248146081, 25.649694543754645], [94.10796134483407, 25.64980549343961], [94.10801086805735, 25.64985890975252], [94.1080549214389, 25.649944333046417], [94.1083533660308, 25.65082824530529], [94.10836733663008, 25.650917738692865], [94.10835704822513, 25.65095897130213], [94.10830194107403, 25.651034410793102], [94.10761248589009, 25.651717384619367], [94.10740341738078, 25.651936323625527], [94.10643779851893, 25.652987206475768], [94.10637950414521, 25.653065528275643], [94.10629942023593, 25.65326779086105], [94.10607850204967, 25.653938076664186], [94.10603561557973, 25.65401931865725], [94.10600215423369, 25.654049202980225], [94.10591103721612, 25.65408735092917], [94.10511025920891, 25.654297602511253], [94.10495432065872, 25.654331637602127], [94.10474558722099, 25.654344668283603], [94.10421980418351, 25.654361204420443], [94.10411565261118, 25.654362002845087], [94.10401654507913, 25.654349089580872], [94.10392683751823, 25.654305032884768], [94.10384227011737, 25.65424699725033], [94.1034875622426, 25.653987962176107], [94.10336049374904, 25.65390061858684], [94.10329266825016, 25.65386593475152], [94.10319346280174, 25.65384070572077], [94.10251187236813, 25.65375391914229], [94.10227771211629, 25.653717686182585], [94.10210285145294, 25.653664014091692], [94.10111371110372, 25.653322327153038], [94.10094008023404, 25.65326391368828], [94.09948859856763, 25.65283031493163], [94.09940365567098, 25.65282137100288], [94.09937788839537, 25.652837918687638], [94.0993596400187, 25.652912897040533], [94.09935094881831, 25.653588855632957], [94.0993196613953, 25.653802451613757], [94.09921382188853, 25.65427332504206], [94.09917838514718, 25.65446225368158], [94.09917416665863, 25.65462870876881], [94.09918249493961, 25.655296725279854], [94.09916565781624, 25.6558864035781], [94.09916942714716, 25.656123223917177], [94.09920655182292, 25.656600127271485], [94.09923679540358, 25.656811053800574], [94.09932815137304, 25.65698095997622], [94.09965913563947, 25.657500585030103], [94.09973037473645, 25.65762524443759], [94.0997451349549, 25.65768717003283], [94.09971623166062, 25.65776974877953], [94.09950419691421, 25.658077407590817], [94.0990614774978, 25.65871278069997], [94.09898140706328, 25.658836601578784], [94.0989567716649, 25.65890088448033], [94.09895968400308, 25.658991937829597], [94.09915424472055, 25.65979449079579], [94.09917995630062, 25.659886757238812], [94.09922238013823, 25.65996638383107], [94.09927917073217, 25.660006685370202], [94.09942177379195, 25.66006531982622], [94.09974367249762, 25.660182348164394], [94.09991356278246, 25.660250044125796], [94.10009100969548, 25.66035390217744], [94.10095140170155, 25.66091617085497], [94.10101911041944, 25.660982232392236], [94.10104612904826, 25.661045591061168], [94.10106498199114, 25.661139323740425], [94.10118371322054, 25.661958093698797], [94.10118942740408, 25.66205415762302], [94.10118236844258, 25.66217346090924], [94.1011028998793, 25.663009223474774], [94.10108976650983, 25.66320068640698], [94.10109043395806, 25.663321895390805], [94.10110620298458, 25.664000922849997], [94.10112090391421, 25.66412056183142], [94.10114860795757, 25.664238328679737], [94.10133530302645, 25.664967024559775], [94.10137975256502, 25.665105075696403], [94.10142532769262, 25.665190579566904], [94.10214099122499, 25.666309295641316], [94.1022051030885, 25.666381182265486], [94.10236372760136, 25.666464429454834], [94.10304962994833, 25.66674676504467], [94.10316456310075, 25.666807346698043], [94.10327138626276, 25.666878580422846], [94.10411493845052, 25.667465173282096], [94.10421874956135, 25.667540025037326], [94.10431435186716, 25.66762354184774], [94.10489440033433, 25.66822699964863]]}, "properties": {"OBJECTID": 44408, "Name": "NH 2", "Road_Type": "National Highway", "Class_Code": 1, "Lane": " ", "Oneway": " ", "T_Elevatio": 0, "F_Elevatio": 0, "SL": 90, "Remarks": " ", "Bridge_Fly": " ", "Shape_Leng": 13213.260788, "ID": 44543, "Type": "", "NSEW_Corr": "", "Shape_Length": 13213.260788023035}, "id": 44408}, {"type": "Feature", "geometry": {"type": "LineString", "coordinates": [[94.06800244124673, 25.681651934840268], [94.06809662870593, 25.681622970637257]]}, "properties": {"OBJECTID": 44458, "Name": "NH 29", "Road_Type": "National Highway", "Class_Code": 1, "Lane": " ", "Oneway": " ", "T_Elevatio": 0, "F_Elevatio": 0, "SL": 90, "Remarks": " ", "Bridge_Fly": "Bridge", "Shape_Leng": 11.079273939, "ID": 44593, "Type": "", "NSEW_Corr": "", "Shape_Length": 11.079273938978943}, "id": 44458}, {"type": "Feature", "geometry": {"type": "LineString", "coordinates": [[94.06763768212225, 25.681845197468693], [94.0677097207198, 25.6817921306477], [94.06788053177785, 25.681694360661428], [94.06800244124673, 25.681651934840268]]}, "properties": {"OBJECTID": 44459, "Name": "NH 29", "Road_Type": "National Highway", "Class_Code": 1, "Lane": " ", "Oneway": " ", "T_Elevatio": 0, "F_Elevatio": 0, "SL": 90, "Remarks": " ", "Bridge_Fly": "Bridge", "Shape_Leng": 47.4740290718, "ID": 44594, "Type": "", "NSEW_Corr": "", "Shape_Length": 47.47402907176324}, "id": 44459}, {"type": "Feature", "geometry": {"type": "LineString", "coordinates": [[94.06800244124673, 25.681651934840268], [94.06855189758689, 25.68130438175023], [94.0688009842455, 25.681166546102077], [94.06944620458819, 25.680835758840157], [94.06953858733202, 25.68079176860123], [94.06963227263302, 25.68076607570997], [94.06970491669509, 25.68077445245454], [94.06985249282828, 25.680823292903327], [94.07061713789979, 25.681105668963877], [94.07070785067552, 25.681151447447775], [94.07083642744044, 25.681271663447045], [94.07124473868654, 25.681723523193074], [94.07140506460856, 25.681885496469157], [94.07153343386264, 25.681967971021304], [94.07202822412452, 25.68224564561366], [94.0721641922276, 25.682354644710152], [94.0722754108463, 25.682487458029026], [94.07263412341061, 25.68293223187953], [94.07270019988964, 25.68298593856016], [94.07273680983074, 25.6829903733676], [94.07281724318466, 25.68295390561253], [94.07290086196454, 25.682896293563818], [94.07336232023779, 25.682561957092787], [94.07344698375837, 25.682504813595692], [94.07353652243599, 25.682463391120912], [94.07363749936216, 25.682456882174254], [94.0744645000908, 25.68254547425081], [94.07467176657968, 25.682582070852465], [94.07476151815804, 25.68262762128011], [94.07486785263653, 25.682697727535672], [94.07533274966067, 25.68301905631856], [94.07541645647548, 25.683071638472434], [94.07549513182639, 25.68309443585792], [94.07554715955268, 25.683066219235346], [94.07564233336211, 25.68295725236296], [94.0760787798429, 25.682404366943437], [94.07617469296576, 25.682288462246532], [94.07629548493044, 25.6821593047354], [94.07684054132234, 25.68159455612955], [94.07736345783579, 25.681065114681953], [94.07746218717708, 25.68095580757473], [94.07754387008755, 25.68083292368566], [94.07787155035035, 25.680282877339177], [94.07793162069339, 25.68021318417065], [94.07797100822536, 25.680192634453896], [94.07806861107929, 25.68018031822319], [94.07868581117165, 25.68019706531737], [94.07883714226273, 25.68018030850815], [94.0789201654596, 25.680129008272605], [94.07901462061677, 25.680044374898483], [94.07955475244428, 25.67953754409032], [94.0796214254047, 25.679462546856342], [94.0797179700432, 25.679317496424183], [94.0803385801404, 25.67832465339399], [94.08057594198792, 25.677942303660938], [94.08063497208188, 25.67788087677521], [94.08067050404462, 25.677873139412558], [94.08075352095328, 25.6779033108332], [94.08084217479036, 25.67795460878853], [94.08144524079006, 25.678321989005063], [94.08153440037866, 25.678371614959755], [94.08162354918743, 25.678397730977483], [94.08171254348598, 25.678371631961333], [94.08180152880142, 25.678322059440127], [94.08217971594277, 25.6780925995473], [94.08278159975956, 25.677734691783826], [94.08286829077771, 25.677679610459254], [94.0829437456683, 25.677615402450495], [94.08300208675443, 25.677537805178268], [94.08326318478674, 25.677124048279595], [94.0833259788217, 25.67705112535963], [94.08340931283568, 25.676996515720347], [94.0839725376542, 25.67672757996458], [94.0842398726895, 25.676617980657294], [94.08491581092333, 25.676378470201342], [94.08508649352227, 25.6763100782251], [94.08524690478424, 25.676189509086743], [94.08588417862994, 25.675618201817535], [94.08600559222882, 25.675494726260997], [94.08605545411696, 25.675412647180025], [94.08635903437734, 25.674778782327312], [94.08639607820471, 25.67469230083177], [94.08640674120713, 25.674611021916114], [94.08635905863184, 25.67454083884633], [94.08628486228095, 25.67447588672071], [94.08586825060164, 25.674140692708413], [94.08574021192759, 25.67402224421957], [94.08568490804541, 25.673941400427054], [94.0854229781732, 25.673466637463456], [94.08536654870198, 25.673358473064447], [94.08533897581265, 25.673270562345905], [94.08534413214238, 25.673202188827073], [94.08538425000467, 25.673063087255127], [94.0855890506181, 25.67243530000871], [94.08580856922912, 25.671825477048607], [94.08584915511364, 25.671739021747754], [94.08590404487245, 25.67166010578795], [94.08626406179057, 25.671227185197413], [94.08631702556141, 25.67114777015601], [94.08635228263965, 25.671059107263414], [94.08656988334755, 25.670270060641936], [94.08659869770862, 25.670153698833627], [94.08661179694211, 25.669962625175536], [94.08659984665388, 25.669285932721962], [94.0865880877068, 25.669142383160835], [94.08651178211161, 25.668912434371702], [94.08636648769925, 25.66852423538151], [94.08635805162041, 25.668436923489107], [94.08639934268245, 25.668357158432396], [94.08646298832035, 25.668280954236987], [94.0867517616499, 25.667960215638484], [94.08681480631482, 25.667882686570056], [94.08686263082393, 25.667798905179044], [94.08689542921329, 25.667708947561362], [94.08702251657147, 25.667294590581974], [94.08706857768766, 25.667158392086456], [94.08710039421838, 25.6670948925433], [94.08716283880872, 25.667020942486968], [94.08760631191168, 25.666612312399085], [94.08776261427953, 25.666489107662656], [94.08785747727184, 25.66645307613347], [94.08844390108258, 25.666308707003797], [94.08854655606167, 25.6662868051526], [94.08870282519187, 25.66626911201645], [94.08920308349886, 25.66623691506854], [94.08928821144848, 25.66624768463082], [94.08931189283598, 25.666269921696923], [94.08932068285101, 25.666348807218295], [94.08931133588051, 25.666443489531204], [94.0892279991716, 25.667120250747352], [94.0892207533605, 25.66730824734409], [94.08929196460971, 25.667427572902383], [94.09025600782655, 25.668433526131597], [94.09033306351498, 25.668478078791555], [94.09042367478106, 25.668467191219605], [94.09052041974391, 25.66843144286159], [94.09086314858436, 25.668289629816424], [94.09147382421283, 25.668042605096137], [94.09159395232248, 25.667989950727964], [94.09173099570899, 25.66791641982581], [94.09249745447907, 25.667481346485957], [94.09264183979639, 25.66738123533081], [94.09269764224352, 25.667303584434826], [94.09300743255746, 25.66669610191101], [94.09306941182047, 25.666564455553896], [94.09311708990417, 25.666428908825896], [94.09330216531058, 25.665833078858334], [94.09333359646406, 25.66574390272188], [94.0933806592018, 25.66566806526263], [94.09343980248346, 25.66563101409219], [94.09358549934109, 25.665580302713018], [94.09431450195709, 25.665357118463366], [94.09449315081595, 25.665317630848378], [94.09511485326453, 25.665205533689647], [94.09526414158664, 25.665185724678825], [94.09532294440683, 25.665197208480624], [94.09536563504406, 25.665263023930446], [94.09538985542078, 25.665353780934925], [94.09545693172471, 25.66566446054699], [94.09559522556607, 25.666279183631296], [94.09577391934073, 25.667122370475653], [94.09579598016748, 25.667239676893374], [94.09580436324569, 25.667357507863848], [94.09578163227575, 25.66799694626598], [94.09576600697969, 25.66808868007819], [94.09570199303256, 25.668219062481132], [94.09537631152124, 25.6687477416164], [94.09533352566258, 25.66883442417297], [94.09531556205182, 25.66892609904514], [94.09532343488699, 25.669622319247654], [94.09533139306208, 25.669763598763065], [94.09535176325944, 25.66982646049496], [94.09541698364401, 25.669892438559163], [94.09604712037482, 25.670297730539897], [94.096136250319, 25.67033835649665], [94.09618307679979, 25.670343860516436], [94.09628128242328, 25.670325090334387], [94.09728538331527, 25.669985344103292], [94.09755687485539, 25.66988426265404], [94.09841193715688, 25.66954674334604], [94.09966321848245, 25.66904737345899], [94.10050190898788, 25.668718085253317], [94.10072272296958, 25.668629243237124], [94.10127809202093, 25.668389078711602], [94.10142344392547, 25.66833099244432], [94.10149748935939, 25.668314497918068], [94.10159805665378, 25.668321389799743], [94.10170017444034, 25.66834249537516], [94.10231450261874, 25.668485825670412], [94.10254575143075, 25.66853088273216], [94.10270377407237, 25.66853444768755], [94.10365762680061, 25.668511471819443], [94.10378959201081, 25.668505529686165], [94.10391972106456, 25.66848503543696], [94.10404822955752, 25.668452575136488], [94.10489440033433, 25.66822699964863]]}, "properties": {"OBJECTID": 44460, "Name": "NH 29", "Road_Type": "National Highway", "Class_Code": 1, "Lane": " ", "Oneway": " ", "T_Elevatio": 0, "F_Elevatio": 0, "SL": 90, "Remarks": " ", "Bridge_Fly": " ", "Shape_Leng": 6895.8966318, "ID": 44595, "Type": "", "NSEW_Corr": "", "Shape_Length": 6895.896631804484}, "id": 44460}, {"type": "Feature", "geometry": {"type": "LineString", "coordinates": [[94.04161963461448, 25.685733231277357], [94.04170758686729, 25.685581420647427], [94.04176729339268, 25.68551341039394]]}, "properties": {"OBJECTID": 44471, "Name": "NH 29", "Road_Type": "National Highway", "Class_Code": 1, "Lane": " ", "Oneway": " ", "T_Elevatio": 0, "F_Elevatio": 0, "SL": 90, "Remarks": " ", "Bridge_Fly": "Bridge", "Shape_Leng": 31.8800593585, "ID": 44606, "Type": "", "NSEW_Corr": "", "Shape_Length": 31.880059358473876}, "id": 44471}, {"type": "Feature", "geometry": {"type": "LineString", "coordinates": [[94.04161963461448, 25.685733231277357], [94.04160122094777, 25.68576525457267]]}, "properties": {"OBJECTID": 44472, "Name": "NH 29", "Road_Type": "National Highway", "Class_Code": 1, "Lane": " ", "Oneway": " ", "T_Elevatio": 0, "F_Elevatio": 0, "SL": 90, "Remarks": " ", "Bridge_Fly": " ", "Shape_Leng": 6.97649897993, "ID": 44607, "Type": "", "NSEW_Corr": "", "Shape_Length": 6.97649897992971}, "id": 44472}, {"type": "Feature", "geometry": {"type": "LineString", "coordinates": [[94.04160122094777, 25.68576525457267], [94.04161963461448, 25.685733231277357]]}, "properties": {"OBJECTID": 44473, "Name": "NH 29", "Road_Type": "National Highway", "Class_Code": 1, "Lane": " ", "Oneway": " ", "T_Elevatio": 0, "F_Elevatio": 0, "SL": 90, "Remarks": " ", "Bridge_Fly": "Bridge", "Shape_Leng": 4.45524887359, "ID": 44608, "Type": "", "NSEW_Corr": "", "Shape_Length": 4.455248873590471}, "id": 44473}, {"type": "Feature", "geometry": {"type": "LineString", "coordinates": [[94.0416816902343, 25.685478123735013], [94.04162967957598, 25.685542847237617], [94.04145957010219, 25.68583564313308], [94.04142250741022, 25.685940634116978]]}, "properties": {"OBJECTID": 44474, "Name": "NH 29", "Road_Type": "National Highway", "Class_Code": 1, "Lane": " ", "Oneway": " ", "T_Elevatio": 0, "F_Elevatio": 0, "SL": 90, "Remarks": " ", "Bridge_Fly": "Bridge", "Shape_Leng": 64.3930850415, "ID": 44609, "Type": "", "NSEW_Corr": "", "Shape_Length": 64.39308504148897}, "id": 44474}, {"type": "Feature", "geometry": {"type": "LineString", "coordinates": [[94.04150477063234, 25.685988767333008], [94.04153191682194, 25.68588534286534], [94.04160122094777, 25.68576525457267]]}, "properties": {"OBJECTID": 44475, "Name": "NH 29", "Road_Type": "National Highway", "Class_Code": 1, "Lane": " ", "Oneway": " ", "T_Elevatio": 0, "F_Elevatio": 0, "SL": 90, "Remarks": " ", "Bridge_Fly": "Bridge", "Shape_Leng": 29.9408539587, "ID": 44610, "Type": "", "NSEW_Corr": "", "Shape_Length": 29.940853958706658}, "id": 44475}, {"type": "Feature", "geometry": {"type": "LineString", "coordinates": [[94.0532004709156, 25.6891795497021], [94.05252047768651, 25.688611036876722], [94.05237823934277, 25.68850472385635], [94.05226538040036, 25.68844154654598], [94.05157323386383, 25.688079920116422], [94.05140764291593, 25.688008087056605], [94.05130580360712, 25.687991991115304], [94.05117448518396, 25.687984024501908], [94.05032959270976, 25.687945144247475], [94.05023236086005, 25.687927199323543], [94.05019165280461, 25.687905872975676], [94.0500680140788, 25.687759420994716], [94.04972712947965, 25.68727310026598], [94.04966905519315, 25.68719423911777], [94.04960350333022, 25.687128767689067], [94.04956268208709, 25.68711027053666], [94.04946488609538, 25.687101866713252], [94.04861576614947, 25.687152486362653], [94.04848384226179, 25.68716238378106], [94.04835535802333, 25.687187923909267], [94.0482309009323, 25.687232798230692], [94.04773739526131, 25.68742776397609], [94.04764808206077, 25.687476931988268], [94.0475478417532, 25.68758197738356], [94.04717533915097, 25.688069349243328], [94.04710845059489, 25.688138208855584], [94.04702267226504, 25.68818364139583], [94.04692434536899, 25.68821342810677], [94.04629145260692, 25.688378704347627], [94.04611553462654, 25.688407151237556], [94.04601596805537, 25.688388124850885], [94.04539744833784, 25.688172588051078], [94.04520928542182, 25.688091591142868], [94.04513387365034, 25.688026549259707], [94.044563041898, 25.68738755185175], [94.04386765154497, 25.686627956820058], [94.04378054730178, 25.68653758273754], [94.0436821548287, 25.686459029538394], [94.04357450791159, 25.68639005561932], [94.04281124175401, 25.685916792150973], [94.04271953184832, 25.685873330803357], [94.04261892053651, 25.685850267608508], [94.04161963461448, 25.685733231277357]]}, "properties": {"OBJECTID": 44489, "Name": "NH 29", "Road_Type": "National Highway", "Class_Code": 1, "Lane": " ", "Oneway": " ", "T_Elevatio": 0, "F_Elevatio": 0, "SL": 90, "Remarks": " ", "Bridge_Fly": " ", "Shape_Leng": 1571.45730726, "ID": 44624, "Type": "", "NSEW_Corr": "", "Shape_Length": 1571.4573072635446}, "id": 44489}, {"type": "Feature", "geometry": {"type": "LineString", "coordinates": [[94.0532004709156, 25.6891795497021], [94.0543111093053, 25.688677816497826], [94.05440850105516, 25.688645666889524], [94.05451268137361, 25.68863353043849], [94.0554501272715, 25.68861818987191], [94.0556322337459, 25.688631407045147], [94.05572526058178, 25.688671094175273], [94.05581425577866, 25.68872300273578], [94.056520628036, 25.689155704336706], [94.05680781763571, 25.68933376327015], [94.05689624150409, 25.6893839683046], [94.05698496001986, 25.689410812098394], [94.05707387796163, 25.68938600668458], [94.05716308875417, 25.68933794446035], [94.05747551831843, 25.689153653809925], [94.05792217684736, 25.68889534624784], [94.05855525017078, 25.688560785373333], [94.05879908527824, 25.688417641937182], [94.05973553674114, 25.68781778274878], [94.05986356553373, 25.687731374669802], [94.06003334352916, 25.687579505871113], [94.06090471743958, 25.686734863290226], [94.06105692259143, 25.686601393310305], [94.06118675699776, 25.686517574886263], [94.0624711556146, 25.68573802704101], [94.06255755647695, 25.685682377874887], [94.06263378661363, 25.685618320706936], [94.06269450015043, 25.68554197211456], [94.06303836535973, 25.685034147084064], [94.0631639767859, 25.684883321600083], [94.06324153912416, 25.684818811461543], [94.06392348169736, 25.68428711029302], [94.06407030324574, 25.68418870685058], [94.06426968971293, 25.684128031217632], [94.06517263940562, 25.68391381277007], [94.06529968903453, 25.683880848267385], [94.06539015028197, 25.683841232401836], [94.06545662381636, 25.683773305349305], [94.06551230409262, 25.68369259365399], [94.06577970829818, 25.68327633552237], [94.06587629875078, 25.683133373555588], [94.06592448797592, 25.68307786079903], [94.06600402840441, 25.683016707765585], [94.06675409741216, 25.682559503286758], [94.06694407492505, 25.682427720631694], [94.06780966188843, 25.68178315731785], [94.06800244124673, 25.681651934840268]]}, "properties": {"OBJECTID": 44490, "Name": "NH 29", "Road_Type": "National Highway", "Class_Code": 1, "Lane": " ", "Oneway": " ", "T_Elevatio": 0, "F_Elevatio": 0, "SL": 90, "Remarks": " ", "Bridge_Fly": " ", "Shape_Leng": 2051.73670379, "ID": 44625, "Type": "", "NSEW_Corr": "", "Shape_Length": 2051.7367037886675}, "id": 44490}, {"type": "Feature", "geometry": {"type": "LineString", "coordinates": [[94.04160122094777, 25.68576525457267], [94.0417479302067, 25.68648865234333], [94.04179897068452, 25.68669612834559], [94.04183947122912, 25.686784510836734], [94.04222166755157, 25.68747405732454], [94.04226456659796, 25.687561711465786], [94.04231529356376, 25.68774827694271], [94.0425533453174, 25.68893862758751], [94.04257892394682, 25.68905716082041], [94.04261672056239, 25.68917239674061], [94.0426695172466, 25.689283621357404], [94.0430813337189, 25.690100777284695], [94.04313500715882, 25.690182966056156], [94.04330646320723, 25.69033369983065], [94.0438950528561, 25.690795321132], [94.04404464480879, 25.690930718719883], [94.04413351873309, 25.691102264096898], [94.04426666343124, 25.691416556618233], [94.04467890121344, 25.692379691878767], [94.04472894995119, 25.692490726505408], [94.044830906041, 25.69265815008402], [94.04524211435387, 25.693245989765867], [94.04534386832273, 25.693412185086665], [94.04537148522954, 25.693502665663402], [94.04549973680432, 25.694183331999255], [94.04554647075867, 25.694392755181163], [94.0456121061649, 25.69454996520058], [94.04604629607769, 25.6954827632615], [94.04613632613379, 25.695656708667865], [94.04619160845635, 25.69573810921869], [94.04654190290813, 25.696217642725582], [94.04663890928073, 25.696359724467975], [94.04671363204439, 25.696534622964062], [94.04687116510418, 25.696983376341024], [94.04691478100615, 25.69711882436575], [94.04706269760085, 25.697715265277473], [94.04707888434395, 25.697807647258458], [94.0470819314294, 25.69799993660037], [94.0470586812332, 25.69903705974284], [94.04704150724162, 25.699326580593194], [94.04696775555679, 25.70007485945566], [94.04695574597976, 25.700291588887634], [94.04697979298159, 25.70043167452558], [94.0470977184222, 25.70092028486277], [94.04712715351913, 25.701059719777355], [94.04713144117798, 25.701128970933894], [94.04711306434221, 25.701220750468778], [94.0467326529722, 25.702291701824304], [94.04668733027117, 25.702452485590502], [94.04668373611172, 25.702546494095525], [94.04674648073939, 25.703521927614773], [94.04677147546383, 25.704128800670905], [94.04677079274423, 25.70427127849253], [94.04675217785491, 25.704333691404486], [94.04668631697155, 25.704395328048623], [94.0465998702951, 25.704447030637017], [94.04605722408311, 25.704744106398035], [94.04586201388368, 25.704810883446953], [94.0453312523829, 25.70494802719957], [94.04520445428223, 25.704977675353717], [94.04507463784222, 25.7049922472945], [94.04494243008688, 25.704994384965616], [94.0441739438192, 25.704995337649756], [94.04396014478158, 25.704988944871815], [94.04294336416937, 25.704948944269727], [94.0428464763744, 25.704964935932338], [94.04278716331115, 25.70500361151304], [94.04268392263047, 25.705111583676423], [94.04197971171969, 25.705904461159147], [94.04193102662457, 25.70598509952315], [94.04191820317388, 25.706075255684503], [94.04192282500601, 25.706193956403773], [94.04196732395192, 25.70688734201022], [94.04196847289717, 25.70710082547386], [94.04191150623345, 25.707283979466226], [94.0416355419815, 25.708010543185658], [94.04156378725155, 25.708241344884016], [94.0414555025306, 25.708837509913685], [94.04144091389037, 25.708933127300362], [94.0414309479806, 25.709122819956722], [94.04142463192585, 25.70952617191721], [94.04141301311594, 25.709668047569828], [94.04138728536621, 25.70978672932738], [94.041226306369, 25.71042523825972], [94.04120646797426, 25.710520245717095], [94.04119533784788, 25.710713043856614], [94.04119423292009, 25.711514001222845], [94.04118790159397, 25.7116567162523], [94.04116762392306, 25.711719784119634], [94.04110238197894, 25.71178338451974], [94.04101789452812, 25.71183767388501], [94.04042364998455, 25.712192385756165], [94.0403323946264, 25.71222540069573], [94.04023309485488, 25.71222078972547], [94.04010483609358, 25.71219277182488], [94.03940916097461, 25.712023318301377], [94.03928047461524, 25.711994492603328], [94.03917783131422, 25.71198357663382], [94.03907490594226, 25.71199887534014], [94.03789147706503, 25.7123302097742], [94.03781873957814, 25.712365644683373], [94.03781215762208, 25.712389895749293], [94.03785847385979, 25.71245144161886], [94.03850929789326, 25.713031506759357], [94.03870770789173, 25.713189705484425], [94.0391494661108, 25.713484493214786], [94.03930226055748, 25.713606902309635], [94.0393759295973, 25.713754751012992], [94.03960163221078, 25.714363341135254], [94.03964863925295, 25.714499211289304], [94.03967891966455, 25.71461454236764], [94.03976844756238, 25.715010780148404], [94.03979786828624, 25.715125326472222], [94.0398373258868, 25.715206638440097], [94.03989050345666, 25.715253076382037], [94.04002403443039, 25.715328327872278], [94.04037146684969, 25.715507646661088], [94.04045042067831, 25.715563800677582], [94.04047733150931, 25.71559980683074], [94.04050573534026, 25.71568785950536], [94.04059302014484, 25.716240180854093], [94.04059318094329, 25.71633414123818], [94.04054400716464, 25.716466647146227], [94.04028652215644, 25.716965921827466], [94.04022576639879, 25.71709638507965], [94.04021122267436, 25.717162051264754], [94.04022852332842, 25.717251289266663], [94.04027377685917, 25.71736349203239], [94.04049566702255, 25.717880860371203], [94.04057463702087, 25.71803067528771], [94.04072194994768, 25.71816652021089], [94.04134078497387, 25.71866298506761], [94.04145499408415, 25.718763471542687], [94.04155248015708, 25.718878120274475], [94.04221368691859, 25.71972983889257], [94.04225217613526, 25.719812534072354], [94.04225052862502, 25.719879106001343], [94.04221227925855, 25.72001757665976], [94.0420132081, 25.72064637803644], [94.04197131067514, 25.72072714642054], [94.04193791041456, 25.720755456900115], [94.04184633256125, 25.72078805347804], [94.04106326304323, 25.720940442381664], [94.04077409445496, 25.720982243984654], [94.0401106499901, 25.721046961134125], [94.03997947260241, 25.721062452908853], [94.03988327381526, 25.721089359159542], [94.03980557583142, 25.721147592079866], [94.03971941481923, 25.72123857600381], [94.0393138398415, 25.721688093286403], [94.03915387504223, 25.721847995412237], [94.03899802003538, 25.72194007702324], [94.0383456437131, 25.722277901870083], [94.03820306670448, 25.72234416569477], [94.03797631575709, 25.72240889343338], [94.03754028878954, 25.722516749449802], [94.0374147627033, 25.722551326706235], [94.03732837621403, 25.722593235379634], [94.03727181469048, 25.722665744374453], [94.03684278829391, 25.723594384879956]]}, "properties": {"OBJECTID": 44588, "Name": "NH 29", "Road_Type": "National Highway", "Class_Code": 1, "Lane": " ", "Oneway": " ", "T_Elevatio": 0, "F_Elevatio": 0, "SL": 90, "Remarks": " ", "Bridge_Fly": " ", "Shape_Leng": 6166.00853146, "ID": 44725, "Type": "", "NSEW_Corr": "", "Shape_Length": 6166.00853146109}, "id": 44588}, {"type": "Feature", "geometry": {"type": "LineString", "coordinates": [[94.03346080013249, 25.725312122886802], [94.03460590148978, 25.724498380275808], [94.0347807396952, 25.724392346948573], [94.03490026862859, 25.72434134415695], [94.03562699671029, 25.7240495526074], [94.03589731055908, 25.72394535596464], [94.03684278829391, 25.723594384879956]]}, "properties": {"OBJECTID": 44591, "Name": "NH 29", "Road_Type": "National Highway", "Class_Code": 1, "Lane": " ", "Oneway": " ", "T_Elevatio": 0, "F_Elevatio": 0, "SL": 90, "Remarks": " ", "Bridge_Fly": " ", "Shape_Leng": 435.716835971, "ID": 44728, "Type": "", "NSEW_Corr": "", "Shape_Length": 435.716835971078}, "id": 44591}, {"type": "Feature", "geometry": {"type": "LineString", "coordinates": [[94.030817256779, 25.72564815774604], [94.03141287125341, 25.725554643347937], [94.03159526968027, 25.725532975752046], [94.03172859853308, 25.72552906208563], [94.03234312434081, 25.725523270894964], [94.03247503205884, 25.72551103056995], [94.03260500480572, 25.725486916519085], [94.03346080013249, 25.725312122886802]]}, "properties": {"OBJECTID": 44592, "Name": "NH 29", "Road_Type": "National Highway", "Class_Code": 1, "Lane": " ", "Oneway": " ", "T_Elevatio": 0, "F_Elevatio": 0, "SL": 90, "Remarks": " ", "Bridge_Fly": " ", "Shape_Leng": 298.288078025, "ID": 44729, "Type": "", "NSEW_Corr": "", "Shape_Length": 298.28807802482993}, "id": 44592}, {"type": "Feature", "geometry": {"type": "LineString", "coordinates": [[94.03346080013249, 25.725312122886802], [94.03426362450192, 25.725616038355057], [94.03436068118015, 25.725649480913592], [94.03445632930004, 25.72566423079136], [94.03455013228032, 25.72563736037458], [94.0355182394755, 25.7251271741483], [94.03567414927957, 25.725035281948834], [94.0357760954879, 25.724957250243357], [94.03655329451553, 25.724326343236513], [94.03662036722622, 25.7242545692768], [94.0366929645759, 25.724078756558793], [94.03684278829391, 25.723594384879956]]}, "properties": {"OBJECTID": 44593, "Name": "NH 29", "Road_Type": "National Highway", "Class_Code": 1, "Lane": " ", "Oneway": " ", "T_Elevatio": 0, "F_Elevatio": 0, "SL": 90, "Remarks": " ", "Bridge_Fly": " ", "Shape_Leng": 504.357428032, "ID": 44730, "Type": "", "NSEW_Corr": "", "Shape_Length": 504.3574280316234}, "id": 44593}, {"type": "Feature", "geometry": {"type": "LineString", "coordinates": [[93.14400360001041, 25.474133200216528], [93.1444876059973, 25.475067684744904], [93.14460861984585, 25.475306466989604], [93.1448870445833, 25.475869964412848], [93.14500878427063, 25.47613278132331], [93.1452645337337, 25.476757854552368], [93.14532728464954, 25.4769382069047], [93.14534115823082, 25.47710543034571], [93.14535239435838, 25.47758842049379], [93.1453487687579, 25.477732197472427], [93.14532741041371, 25.477823871192538], [93.14514483681535, 25.47829265867531], [93.14510614457944, 25.47838006068385], [93.14505533047705, 25.4784610771971], [93.14499241606785, 25.4785357325564], [93.14467699691032, 25.478882219783273], [93.144553815427, 25.479002356087857], [93.14446902614227, 25.47905708532267], [93.14383324529658, 25.479396277406448], [93.14311362199044, 25.479801821483935], [93.14302566614434, 25.479854699784994], [93.14287105979577, 25.47998292182403], [93.14240468414464, 25.48043815416799], [93.14233940716622, 25.480512154683993], [93.14228638141161, 25.480594211814726], [93.1417401949391, 25.481605921324164], [93.14120458343407, 25.482575764876987], [93.14113456963916, 25.48270564478398], [93.14106089520945, 25.482861626504395], [93.14061661272443, 25.483851355731176], [93.14057904787417, 25.48394178084264], [93.14055484726043, 25.484034355618814], [93.14055274789763, 25.484202832592263], [93.14058839125146, 25.485197331878613], [93.14059481420574, 25.48543900515307], [93.14060527868048, 25.486040232508874], [93.14059855748555, 25.48623129021209], [93.14054338924899, 25.486418115536015], [93.14024985305181, 25.487252732451047], [93.14018558218648, 25.487412393771205], [93.1399041939069, 25.488068817244173], [93.13983982063364, 25.488201206583682], [93.13978048960406, 25.4882797059776], [93.1393542138489, 25.488710663955427], [93.139280815202, 25.4887800478938], [93.13911160494179, 25.488893806457924], [93.13807108814486, 25.48947331908211], [93.1379104442192, 25.489558654146105], [93.13691903203063, 25.49007659236205], [93.13662174177387, 25.490233835153838], [93.13589685883177, 25.490622635516473], [93.13571685711007, 25.490722313222868], [93.13524863182779, 25.490993341748588], [93.13509450248463, 25.491086013262734], [93.13491217951623, 25.49122307229587], [93.13441823636568, 25.49161836284684], [93.13419189954162, 25.491780986120858], [93.13363280248187, 25.49213521860802], [93.13347830213444, 25.492223519524437], [93.13333038823473, 25.49227731268533], [93.13279892065812, 25.49244119108531], [93.13251977277685, 25.49251983204219], [93.1315529501725, 25.49276993240356], [93.13077230700412, 25.49298084532152], [93.1306011321284, 25.493044343244513], [93.1299270776617, 25.49333070216218], [93.12974264455072, 25.493422078567168], [93.12966726422027, 25.49348665144426], [93.12911910864064, 25.49406832958308], [93.1290242267837, 25.49418178556086], [93.12892396491652, 25.494374137401678], [93.12866894219053, 25.49492149567111], [93.12857153427099, 25.495089412498796], [93.12850761015538, 25.495167053579905], [93.12812552342737, 25.49560642441587], [93.12801982315948, 25.495713768488255], [93.12793283030734, 25.495765417861236], [93.12781116877348, 25.495814517137827], [93.12706777065507, 25.496093279250424], [93.12694280421925, 25.496136650674295], [93.12676321931588, 25.496184253003484], [93.12578107324943, 25.496423524396825], [93.12482702109519, 25.496648172017533], [93.12363979953086, 25.496938888648664], [93.12228423727555, 25.497258889134024], [93.1219446893695, 25.497335748800356], [93.12074002701395, 25.497590764883572], [93.11987924693565, 25.49777492602724], [93.11977429676102, 25.497789219992875], [93.11961796295212, 25.49778445398648], [93.11919884676979, 25.49774821270984], [93.11902008651981, 25.49772026369453], [93.11892599967193, 25.497680740191882], [93.11840730793527, 25.497393581628913], [93.11815026040661, 25.497266584670612], [93.11723598924642, 25.4968584546015], [93.11713797496408, 25.496819657316912], [93.11698579406675, 25.496775476933333], [93.11629189312049, 25.496597838188848], [93.1161626893315, 25.496567860210966], [93.11597837479813, 25.496537565191208], [93.11537013450238, 25.49644874040554], [93.11508005053084, 25.496402176854936], [93.11421242888335, 25.49624707867593], [93.11402915549739, 25.496227908185578], [93.11392731978187, 25.496243833728272], [93.11294024376114, 25.49651310975941], [93.11276850204848, 25.4965707824398], [93.11267941881673, 25.49662300470041], [93.1118569411055, 25.497211587235867], [93.1117114499621, 25.497319179607906], [93.1111196919552, 25.497774854674983], [93.11089925706257, 25.497949434887747], [93.11005057459622, 25.498637448549896], [93.10980299171739, 25.49885181253244], [93.10910066008219, 25.49949751542414], [93.10822304916873, 25.500315805956934], [93.10758283873035, 25.500919043447265], [93.10745857747204, 25.50104248524424], [93.1073631359647, 25.50115880891598], [93.10685569742363, 25.501813025715915], [93.1067689444217, 25.501932983427007], [93.10674132392164, 25.5019959601436], [93.10674105173212, 25.502086652946563], [93.10676402165393, 25.502204456111965], [93.10693180449111, 25.50296187871793], [93.10712098430008, 25.503660501123637], [93.10714318706064, 25.503753157191646], [93.10714747382116, 25.50384321625919], [93.10712372506, 25.503906725467274], [93.10704503353942, 25.504029226122483], [93.106735167767, 25.5044755907296], [93.10666171342453, 25.504574510218717], [93.10655687104773, 25.504681046042805], [93.10616151979625, 25.505033274371115], [93.10609880391469, 25.505106892462425], [93.10606020510356, 25.50519236317203], [93.10587799442457, 25.505836150188873], [93.10583608801657, 25.505973309955493], [93.10578396147558, 25.50611070306575], [93.1055550419951, 25.506679916244742], [93.1052371021649, 25.507496611733423], [93.10518941419974, 25.507632602116853], [93.1051802316209, 25.507700194711386], [93.10520226280323, 25.50779038945787], [93.10559698253908, 25.508642074950128], [93.10565706366192, 25.50877729706975], [93.10571712412349, 25.508934660508015], [93.10598970532006, 25.5096800757552], [93.10631786797816, 25.510567734746267], [93.10670431872184, 25.51163590229641], [93.10679259167323, 25.511911508016784], [93.10698808214704, 25.51260764213967], [93.10702357188896, 25.512795614150846], [93.10702526880655, 25.512892161918504], [93.10701609790583, 25.513449443270474], [93.10702610873133, 25.513640934894834], [93.10709659593842, 25.513818675713676], [93.10740899585826, 25.514476588474768], [93.10745880744075, 25.514559296918904], [93.10760031725084, 25.51470374146172], [93.10799807329235, 25.515066995966244], [93.10810522164448, 25.515174865006262], [93.10818303820598, 25.51527024588015], [93.1085160787161, 25.515697694791175], [93.10862121843525, 25.515858194671345], [93.10865010286491, 25.516021533401265], [93.10867932236614, 25.516406685666425], [93.10872286730124, 25.516935667290532], [93.10873030984337, 25.517055672317554], [93.1087252397519, 25.51715084497092], [93.1086843619149, 25.517315161254462], [93.10844001476774, 25.51815735092924], [93.10824946412964, 25.518790472039672], [93.10819488518794, 25.518952904494544], [93.10813227261265, 25.51908446452078], [93.10778028753148, 25.519755615891324], [93.1077268620266, 25.51986398414515], [93.10770335401392, 25.5199512132345], [93.10772084421251, 25.52003950586061], [93.10776673015722, 25.5201505393414], [93.10813984181722, 25.52099501221794], [93.10824220574217, 25.52124083702507], [93.10845674499157, 25.5218047253987], [93.10848149896756, 25.521896262537073], [93.10848621602109, 25.522088538372326], [93.1084694238135, 25.52259745235709], [93.1084477528556, 25.522788349770646], [93.10841501734829, 25.522903621226227], [93.10817888439611, 25.52366203518638], [93.10790070310208, 25.524548782575195], [93.10768213850187, 25.525213066482962], [93.10761511160526, 25.525393427159514], [93.10756181186449, 25.525502316423605], [93.10731573815535, 25.525977470188252], [93.10718202751858, 25.52621266797905], [93.10676894891327, 25.526867447017388], [93.10664315333247, 25.52707907014071], [93.10641074479541, 25.527502697880333], [93.10634599872131, 25.52763042240903], [93.10632604534221, 25.527695859655353], [93.10632810877242, 25.52778911972763], [93.10634475814788, 25.527884229557355], [93.10646540009391, 25.5284806409667], [93.10648689588035, 25.528624111420484], [93.10648484682321, 25.52879154095559], [93.10644926185985, 25.529414783018836], [93.10642559664198, 25.529580635631646], [93.10633246560154, 25.530123936845985], [93.10629749328923, 25.530287658217386], [93.10622683450391, 25.530466783205636], [93.10600449248795, 25.530977132076995], [93.10593420291023, 25.531131353721452], [93.10587601902925, 25.53123980005637], [93.10536502046475, 25.532141715923107], [93.1053262339057, 25.53223020303665], [93.10529307529194, 25.53244120713847], [93.10522087948918, 25.53315459619918], [93.10521989942721, 25.53324910032342], [93.10525985379611, 25.533437982708566], [93.10539803085649, 25.53395563034168], [93.1054345015587, 25.534167976963314], [93.10549589601848, 25.534688203927892], [93.10549283276336, 25.534780643129388], [93.10542028122777, 25.534955309757404], [93.10515205596202, 25.53547180470071], [93.1050931336659, 25.535577761916382], [93.105011572028, 25.53569954289008], [93.10458524327225, 25.536299278459328], [93.10451779326915, 25.536400878993007], [93.10442297788755, 25.536600626821038], [93.10417332978189, 25.537190435070794], [93.10405489319986, 25.537434955746104], [93.1037270692066, 25.53804725020223], [93.10367762772998, 25.538133152172122], [93.10355251666543, 25.5382852028849], [93.10320436828886, 25.538640669610682], [93.10312942992954, 25.53870590956193], [93.10304437833678, 25.538759873185224], [93.102568960244, 25.539011555047054], [93.10237003730748, 25.539125074733395], [93.10225098268458, 25.539222096557282], [93.10186912951856, 25.539563432813267], [93.1017400173577, 25.539685929497377], [93.10162630860903, 25.539846847137433], [93.10135553572117, 25.54028763823349], [93.1013072557662, 25.54037264376949], [93.10124671650257, 25.540554100186764], [93.10112046637424, 25.54111667469221], [93.1010881503802, 25.54130448289544], [93.1010973257725, 25.541448650462172], [93.10118451176243, 25.542123343519687], [93.10120306915957, 25.542243093975596], [93.10127576173066, 25.5424490422718], [93.10167376480887, 25.543346435468838], [93.10210090833655, 25.544289079045626], [93.10216646828432, 25.544447443898225], [93.10220232903046, 25.544658527816775], [93.10227867055826, 25.545394444978804], [93.10227622444573, 25.545512836203095], [93.10225754128446, 25.545631019823], [93.10208235363437, 25.546575677338183], [93.10204156652723, 25.546813738721198], [93.10193317400842, 25.547485836399108], [93.10191900667806, 25.547675917758472], [93.10197422252533, 25.54783154356715], [93.10233263864558, 25.548600357190054], [93.1024121620061, 25.548750697489872], [93.10248417275592, 25.548853000691484], [93.10305788989695, 25.549617668687524], [93.1031705925325, 25.54978220228075], [93.10324383307591, 25.54996192221001], [93.10350484486993, 25.55069483727393], [93.10352846876526, 25.550787573731782], [93.1035327663056, 25.550976950426524], [93.1035081461786, 25.55171609980048], [93.10349692711901, 25.551810081139138], [93.10343489395707, 25.551994898220087], [93.10312160470512, 25.552796471063367], [93.10304276945408, 25.552976016278382], [93.10254668831317, 25.553987155592992], [93.10240835135266, 25.554246884759078], [93.10186841715452, 25.55518441144167], [93.10181282221824, 25.555265374511094], [93.10167078240214, 25.555407295789227], [93.10125618744064, 25.555782789320062], [93.1011655501234, 25.555869349616113], [93.10111234111248, 25.555944823192963], [93.10110047436758, 25.55603391352678], [93.10110982223641, 25.55615307387209], [93.10120433758074, 25.55704279595005], [93.10120181690804, 25.55720654377737], [93.10116204489715, 25.557289792483015], [93.10086498011754, 25.5577084793591], [93.10075273921606, 25.557832582383405], [93.10066315113109, 25.55787455703052], [93.0999085653941, 25.558092352649343], [93.09899009820323, 25.558406799207727], [93.0988677764076, 25.558451850784987], [93.09877769155428, 25.55849872333859], [93.09866110280682, 25.558595118432258], [93.09800742482571, 25.55919445662713], [93.09789987043507, 25.559300082489944], [93.09778927165392, 25.55946195357731], [93.09724069566272, 25.560391293332806], [93.09718084271199, 25.560467567165137], [93.09703545307818, 25.5605695272909], [93.09616181541323, 25.561085297596577], [93.09604899958995, 25.56115005206229], [93.0958868491896, 25.56123098192634], [93.09508891255365, 25.56160554308574], [93.09497306940784, 25.561662821427554], [93.09481949702015, 25.56175546187499], [93.09423816845373, 25.562131164039148], [93.09415491169487, 25.562188334348317], [93.09408760452388, 25.562254084181543], [93.09405513671459, 25.56234029295736], [93.09403886283486, 25.56243521573333], [93.09394937805618, 25.563087117034367], [93.09392139553508, 25.563173798472185], [93.09389341031904, 25.563207546711418], [93.09380961726595, 25.563255969279506], [93.09255878060645, 25.563749559392168], [93.09241674707859, 25.563813894264182], [93.09233569209049, 25.56387340818373], [93.09226275966921, 25.56394292776251], [93.09183307390923, 25.5643729090304], [93.09174699913534, 25.5644631665133], [93.0916991467785, 25.56454058604721], [93.09169633325502, 25.564629105161412], [93.09171375607995, 25.564722677669955], [93.09180277642966, 25.565125027521656], [93.09185386811144, 25.565283283803385], [93.09191299612176, 25.565359932150585], [93.09229213907058, 25.565730918858137], [93.09242176955932, 25.565851485259117], [93.09254448571535, 25.565945971709642], [93.09308962654887, 25.566342479634365], [93.09323489131685, 25.566450532696635], [93.09393879230888, 25.567006238639593], [93.09405322420133, 25.5671058537115], [93.09411270345292, 25.567183609454027], [93.09417401975927, 25.567289715293356], [93.09449257224048, 25.56787138006784], [93.09452568144691, 25.567959913737553], [93.0945314297664, 25.568052736504566], [93.09447567492998, 25.568696367674548], [93.09444841465437, 25.568859754366787], [93.09440836955565, 25.568945739596224], [93.09409014855277, 25.569464777576123], [93.09399436568562, 25.56960659937784], [93.09391365475227, 25.569702661398473], [93.09354603539191, 25.570117807494164], [93.09341746042362, 25.57027178511215], [93.09332598587655, 25.570416655230844], [93.09304309651212, 25.570902858063697], [93.09296461699392, 25.57105475375521], [93.09262548231294, 25.571731277565007], [93.092551935444, 25.57185755635689], [93.09239947966218, 25.572022890795232], [93.09193406071687, 25.57248591611523], [93.0918464237727, 25.57257589683827], [93.09178619622446, 25.572652745527655], [93.09172433014915, 25.572809852560024], [93.09153894572228, 25.573417557384065], [93.0915027121753, 25.573556205385593], [93.09150362216869, 25.57362158839056], [93.091548316049, 25.573698721637214], [93.09161458207257, 25.573771388419058], [93.09229849195626, 25.57447118336346], [93.09243155850096, 25.574586811087197], [93.09290069467497, 25.574971588867204], [93.0931543438769, 25.575184398424906], [93.09412889558592, 25.5760168981049], [93.0950244934663, 25.57677229886247], [93.09554118016322, 25.57721213249732], [93.09568919916583, 25.577346835696467], [93.09580618586698, 25.577477034383982], [93.09616671392646, 25.57789210490642], [93.09632700571252, 25.578084091602793], [93.09675280715717, 25.578608853452387], [93.09686117901475, 25.57874612769941], [93.09694800567854, 25.578868773930694], [93.09757024621796, 25.579776980417446], [93.09762298990157, 25.57986131296589], [93.09770892274163, 25.58003573076714], [93.09813636091674, 25.580962403923483], [93.0982015103344, 25.581092917919865], [93.09826699482369, 25.58119844992445], [93.09864058708237, 25.581759511255523], [93.09872886542362, 25.58188003639865], [93.09880166309765, 25.581948700429948], [93.09890362817059, 25.582025603871376], [93.09992159186405, 25.582764350171576], [93.10081466008859, 25.583405329732738], [93.10088758442504, 25.583472053169878], [93.10097555194923, 25.583618304169985], [93.10137916949797, 25.58443456803423], [93.10143769473873, 25.584568761570022], [93.10147745686815, 25.584731790353402], [93.10163163472035, 25.585509913244092], [93.10165407553448, 25.58567500925472], [93.10163125922458, 25.585862940440578], [93.10151425096387, 25.586521000694653], [93.1014760438182, 25.586710585020978], [93.10137716625488, 25.587162953459938], [93.10131439377946, 25.5874203517959], [93.10113659832011, 25.588089035879214], [93.10106053616836, 25.588342843807755], [93.10089408193947, 25.58885080076663], [93.10085324722161, 25.58896518875918], [93.10076734043268, 25.589139909271314], [93.10037006319322, 25.58987079809701], [93.10031361934897, 25.589978679226064], [93.10027982742292, 25.59006718682349], [93.10027028551798, 25.590160900678768], [93.10027262293436, 25.59028080971328], [93.10030337406316, 25.591146762455992], [93.10030402174849, 25.591314850817845], [93.10029122973884, 25.591435448975915], [93.10018471469897, 25.592182646533512], [93.10014389345584, 25.592344441568255], [93.10001974089366, 25.592494070710078], [93.09947243242536, 25.593046514697303], [93.09933775160806, 25.593193650859476], [93.0992785095117, 25.593273643564643], [93.09898077548719, 25.593702462208963], [93.09892975746726, 25.593786870821667], [93.09886520453094, 25.593919433525986], [93.09856741930248, 25.59456681764972], [93.09846571384263, 25.594815845634574], [93.09811264629155, 25.595828708892526], [93.09809506805809, 25.595921230543283], [93.09810540048048, 25.59601373834986], [93.09843380748036, 25.59724558293268], [93.09863337540726, 25.59801765772837], [93.09866187266303, 25.59818150992306], [93.09865112342231, 25.598274799388328], [93.09845324792146, 25.59909170047968], [93.09838251008438, 25.599345317366094], [93.09820562641504, 25.599864695817917], [93.09818444953054, 25.59995604613867], [93.09818498582476, 25.600120826515937], [93.09821988178031, 25.600618917167697], [93.09824316701076, 25.600807071155312], [93.09829867570882, 25.600990887447203], [93.09851155038, 25.601631944341463], [93.09853875585839, 25.60172329007173], [93.09854883046431, 25.601813245570288], [93.09852089645223, 25.601900559209465], [93.09847575880416, 25.601986476144088], [93.09805418662782, 25.602736009768552], [93.09769597532343, 25.60335629264095], [93.09761862588589, 25.603509353387924], [93.0975794638311, 25.60362489877464], [93.09738198897882, 25.604279640355205], [93.09715585158077, 25.60507976304241], [93.09709876544107, 25.60523952754508], [93.09689335936318, 25.60575707146213], [93.09681236995209, 25.60593216114866], [93.09675270115598, 25.606010136312197], [93.09626181317573, 25.606545762865657], [93.09611332165925, 25.60668032205729], [93.09600439464285, 25.60674815933934], [93.09497967382185, 25.607349414487658], [93.09385065320646, 25.60800108573613], [93.09301799488813, 25.608489407300244], [93.09290731346199, 25.608557393418995], [93.09280699859418, 25.608634874346773], [93.09224017153139, 25.60916911931546], [93.09216937620216, 25.609239121305265], [93.09211131359378, 25.609314698944214], [93.09208094963886, 25.609404286631467], [93.09182492618962, 25.61098986733566], [93.09182426952114, 25.611084151275495], [93.09188202580403, 25.61123963147982], [93.0922031923827, 25.611897042591117], [93.0922599677053, 25.61197161408892], [93.09234476417654, 25.61202146934337], [93.09368298625195, 25.61251569267315], [93.09384885388094, 25.612589659491697], [93.0939281499677, 25.61265142294895], [93.09463869669618, 25.613336833416245], [93.0947375401235, 25.61344689425199], [93.0947748902764, 25.613531966119098], [93.09479529191483, 25.6136242189094], [93.09490331163278, 25.614234977615574], [93.09492229932296, 25.61440009391658], [93.0949172831304, 25.614520808118534], [93.0948478945629, 25.61539135151964], [93.09484288825185, 25.61558392848125], [93.09486114651, 25.615677375282555], [93.09535654852456, 25.617372082712308], [93.09542997052766, 25.617629544818467], [93.09569767027897, 25.618595885025012], [93.0957279354192, 25.61871404428874], [93.09575317089217, 25.61895426019284], [93.09580384395905, 25.619969652689324], [93.09581328525267, 25.62009012069678], [93.09584614472746, 25.620255853411685], [93.09603803026202, 25.621032344690228], [93.0960698494877, 25.621149229865452], [93.09614989476941, 25.621352205048083], [93.09644241497202, 25.622022185697233], [93.09649475441374, 25.622155960413693], [93.09650434213275, 25.62222216166326], [93.09647905455749, 25.622308371782964], [93.09642295027645, 25.622415121265064], [93.09606690750515, 25.623055304314786], [93.095977162215, 25.62320012185274], [93.095910453322, 25.623275181999922], [93.09549038492548, 25.623684029346734], [93.09542382335619, 25.62375915479734], [93.09532227060994, 25.623927488898723], [93.0950761789345, 25.624382017650394], [93.09501523542897, 25.624489006648794], [93.09491839344808, 25.624631001347602], [93.0945846127262, 25.6250886311888], [93.09446345335054, 25.625244040523963], [93.09431642698634, 25.625383170314144], [93.09338472940794, 25.626212369940713], [93.09332916950592, 25.626287360969098], [93.09331443803356, 25.626352893339185], [93.09331582413404, 25.626494919030307], [93.09333224713407, 25.62680740800217], [93.09336649540428, 25.62755062959047], [93.09336737305831, 25.62774210406093], [93.09335035447528, 25.62788508869008], [93.0931670559365, 25.629170783636674], [93.09317030334624, 25.62926306970798], [93.0932053421339, 25.629348872210407], [93.09326781097874, 25.629452840579436], [93.09364642841314, 25.6300528168157], [93.09370727939215, 25.630157625274578], [93.09374828478992, 25.63026902237971], [93.09377299205349, 25.63038579646634], [93.09388366180157, 25.630973749613368], [93.09390935272037, 25.631090473605845], [93.09396411222346, 25.63124865882023], [93.09415137412927, 25.63171744013255], [93.09419908634898, 25.631827722960544], [93.09431062207295, 25.632015779220527], [93.0946821616812, 25.632590662130287], [93.09474511561632, 25.63269473863445], [93.09480643910919, 25.63282840906846], [93.09499733110707, 25.633308926980103], [93.09504179861196, 25.633469653161328], [93.09502968123708, 25.633560926772073], [93.09499626121355, 25.633675581366617], [93.09475960544185, 25.63443290019653], [93.09471377249773, 25.634569598504232], [93.094647232488, 25.634726709239132], [93.09432482623423, 25.635440535192743], [93.09427804107592, 25.635551856909213], [93.09426203309755, 25.635639510347215], [93.0943164027318, 25.635766235129267], [93.09469668474442, 25.636349334068363], [93.09476324272043, 25.636417646914786], [93.0948535368812, 25.636456766690227], [93.09495472041988, 25.636482931571035], [93.09572834235603, 25.636660531409667], [93.09591356239119, 25.6366899770747], [93.09665984140676, 25.636790642838356], [93.09769455329034, 25.63693244473747], [93.09790599604698, 25.636965348520352], [93.09803676739614, 25.636992911141157], [93.09913237068297, 25.637237498448005], [93.09923349044125, 25.637267720643074], [93.09937423488668, 25.63733589366521], [93.10006012286064, 25.637715594908663], [93.10017299527777, 25.637780524940293], [93.10027822303184, 25.63785464699914], [93.10080831528772, 25.638300619917004], [93.10154833394404, 25.638938123004536], [93.10167825728362, 25.639060961791866], [93.10215354691728, 25.63952362550948], [93.10226014011056, 25.63963250330674], [93.10239295692365, 25.639811241982322], [93.10303386894627, 25.64074880517715], [93.10307768337593, 25.64083385598088], [93.10310901840965, 25.641019522760082], [93.10316957024969, 25.64168397276827], [93.10318654930687, 25.64189739650618], [93.10322536101873, 25.64251388038164], [93.1032465531746, 25.64260352091698], [93.10329665042136, 25.64268334935717], [93.10376907981919, 25.64322585059721], [93.10390957273634, 25.643362863580766], [93.1040747845952, 25.643432922468186], [93.10485112213847, 25.64368734010948], [93.10508375255938, 25.643741969861924], [93.10571543079921, 25.643857528169875], [93.10592651961959, 25.643872591055146], [93.10650861714393, 25.643849789409384], [93.10664044940344, 25.643841450562316], [93.10685081148681, 25.64380618882161], [93.10792520375314, 25.64358721951143], [93.10821109438893, 25.643525453423706], [93.10921774380138, 25.643297261991822], [93.10937194051819, 25.643260220069394], [93.10952423999315, 25.64321347547924], [93.11055597935147, 25.642862609050166], [93.11108162853998, 25.64267605188367], [93.11120787866831, 25.642635214044276], [93.11131095855056, 25.6426123036434], [93.11196760456536, 25.642511447617117], [93.11209824565881, 25.642494230380766], [93.11219855244175, 25.64249678867113], [93.11226775415966, 25.642522617763518], [93.11239906180305, 25.642601843736045], [93.1131138081555, 25.643065259026248], [93.11321370530665, 25.64314306985257], [93.11330427704688, 25.643229363669548], [93.11383684865295, 25.643758086354865], [93.11398600582105, 25.6439256804221], [93.11463863097664, 25.644712131727392], [93.11474932497921, 25.644872983465966], [93.11480133114594, 25.645034811636208], [93.11504257012224, 25.645931798341056], [93.11508180224564, 25.64601221653205], [93.11511467789009, 25.64603853075434], [93.11520655667904, 25.646063776011538], [93.1157087939746, 25.64611792526438], [93.1159188470375, 25.64612971782266], [93.11607215262555, 25.64610137421817], [93.11658003762933, 25.645968366500437], [93.116681469103, 25.64594454812313], [93.11678206244854, 25.64593443915921], [93.11687990066108, 25.64595421087626], [93.11738857977551, 25.646140695703767], [93.11752950118908, 25.646202211824306], [93.1176403856345, 25.646267618270397], [93.11824897267994, 25.64665457294631], [93.1183589776747, 25.646720763853438], [93.11845273753582, 25.64676120591598], [93.11860738790189, 25.64679185975935], [93.11939756219546, 25.646908204680773], [93.1195822037156, 25.646930392714744], [93.11968767042151, 25.64693271039592], [93.12029606343084, 25.646920760003685], [93.12040166847731, 25.646925937940257], [93.12056072148661, 25.64694917305737], [93.12114482494894, 25.64704602486744], [93.12124849053275, 25.647066321967532], [93.12133769234214, 25.647102521315468], [93.12139404725318, 25.64717339672561], [93.1214361198495, 25.64726003260725], [93.12164448677461, 25.647730198981176], [93.1216678375821, 25.647817896923698], [93.12166345110857, 25.647860219792477], [93.12162280324027, 25.647941846532422], [93.12115112483406, 25.648604286948164], [93.1210260676684, 25.648755994855236], [93.12090719720011, 25.64884999875643], [93.12014244522906, 25.649404720113715], [93.12006228136975, 25.64946606530458], [93.11999600815966, 25.649534871906635], [93.11994389778832, 25.649688434676225], [93.11982697307096, 25.650250087980442], [93.11980317939404, 25.65038904610879], [93.11980678163833, 25.65045544872838], [93.11984818319313, 25.650538480293473], [93.12056366077421, 25.651445857228833], [93.12069535379486, 25.651626308711926], [93.12120941112293, 25.652402718268114], [93.12123625008867, 25.65248469496203], [93.12122106766206, 25.65254641835314], [93.12114972166555, 25.652670239154627], [93.1207677319556, 25.65326904681234], [93.12064668397109, 25.653479513615203], [93.1204404747993, 25.653863359699848], [93.12035434073661, 25.65403633178988], [93.12031859766977, 25.654126769383886], [93.12009387421998, 25.654743712376053], [93.12001248505858, 25.65491729860537], [93.1199425664851, 25.654985331984694], [93.1198411350114, 25.655061623222853], [93.11928257155091, 25.65546672106587], [93.1191413959141, 25.655575091178033], [93.11905007857222, 25.65565924635553], [93.11866174316309, 25.656042293491147], [93.11860108801679, 25.656117127314165], [93.11853269118939, 25.656271875990324], [93.11830564469625, 25.65691525493928], [93.11826859368236, 25.657030857981283], [93.11823155344825, 25.657194918315962], [93.1180949475413, 25.65787849251753], [93.11804009012185, 25.658162361831316], [93.1180073950388, 25.65830130993381], [93.11797810906222, 25.658363447328437], [93.11790826145561, 25.65843006089857], [93.11782342815344, 25.658488175471184], [93.11727534354068, 25.65884105914747], [93.11716803528844, 25.65891317780804], [93.11709330174503, 25.658978562710793], [93.11704274815409, 25.65906011463624], [93.11683040259057, 25.65955538865026], [93.11678216126322, 25.659714006590015], [93.11679182983062, 25.659804690893925], [93.11693455775621, 25.660308093033926], [93.11695629429114, 25.66040028944368], [93.11697536103304, 25.660543863294844], [93.11702979534599, 25.66107406390876], [93.11703882970282, 25.661193372224044], [93.11702610596514, 25.66128199629955], [93.11697106978094, 25.661355302953744], [93.11617973666065, 25.662028777289127], [93.11603728002623, 25.662169241519358], [93.11596296330109, 25.662268272042272], [93.11548590398631, 25.66293265473377], [93.1154168190494, 25.66303428376757], [93.11537645774368, 25.66312043283589], [93.11535172083572, 25.66326158645515], [93.11527739153414, 25.663933517269687], [93.11527051403233, 25.664124929326455], [93.11528448822489, 25.664243877514313], [93.11538869369615, 25.664981143920997], [93.11543060729069, 25.665315480319894], [93.11553494122104, 25.66629995112188], [93.11555205053396, 25.666492156103928], [93.11562418974285, 25.667477899711216], [93.11562318632468, 25.667669025122287], [93.11558130057792, 25.66783333720358], [93.11540106529425, 25.6684414495205], [93.11532230819668, 25.668747415321985], [93.11514115213986, 25.6695519073459], [93.11511210870839, 25.669718485491224], [93.1149594543989, 25.670745071945497], [93.11494505350657, 25.67086442321126], [93.11495777724424, 25.671055501091484], [93.11506493457955, 25.67172443764187], [93.11508604498873, 25.67184343978076], [93.11514988645936, 25.672050630381467], [93.11538371343624, 25.672686364620777], [93.11561386989685, 25.673274974035557], [93.11566333383136, 25.67341174442982], [93.11569454849084, 25.67352746992616], [93.11588745900315, 25.67434404573874], [93.11590591489066, 25.674437828685296], [93.11592397372284, 25.67460465665361], [93.11597470787511, 25.67520257127117], [93.11597687730654, 25.67536865251027], [93.11595460357907, 25.675460417892094], [93.11576661583452, 25.67598156221415], [93.11569823787173, 25.676211655240902], [93.1155927424197, 25.676655517417377], [93.1155664640027, 25.67681914513629], [93.11559911686496, 25.67702970881769], [93.11573272509379, 25.677638927094037], [93.11575476436097, 25.67775536579362], [93.11575315098672, 25.67784444065004], [93.11570990429232, 25.677925759459775], [93.1156315577248, 25.678022263084436], [93.11520545085293, 25.67851985149889], [93.1151260325953, 25.67861638702632], [93.1150743058046, 25.678697956284086], [93.11503345851031, 25.678880416423183], [93.11497535098617, 25.679304003765957], [93.1149665421065, 25.679467144522658], [93.11498947429907, 25.679560070939278], [93.1150319700019, 25.679674916918522], [93.11529808063347, 25.68036285138389], [93.11533898631822, 25.680478259250243], [93.11538176768534, 25.680667522824944], [93.11557916618081, 25.681741596154804], [93.11561191606113, 25.68182987626734], [93.11572783107212, 25.6819535079841], [93.11601455085291, 25.682200267478862], [93.11718119650565, 25.683211313677937], [93.11782258283874, 25.68378453072933], [93.1179587611476, 25.683898733893347], [93.11806438236377, 25.68397389834271], [93.11900852879536, 25.6846202251605], [93.11909985601875, 25.68466550846514], [93.11928016226929, 25.684690169142012], [93.12024016216903, 25.684737818749387], [93.12039957630104, 25.684739456479154], [93.12047868374158, 25.684731462932888], [93.12105623219733, 25.684636139407367], [93.12116088323296, 25.68462906065216], [93.12133989501122, 25.684657629061274], [93.12179839962381, 25.684763458163097], [93.12188572754751, 25.68480272885172], [93.12194608445316, 25.684873351132435], [93.12199372301097, 25.68495793331274], [93.12225336217925, 25.685459098499642], [93.12229494429542, 25.68557139518884], [93.12231991476538, 25.68568760917769], [93.12245824633598, 25.686437377491206], [93.12256670622844, 25.687115020101178], [93.12258633082412, 25.687207456449002], [93.12264821217077, 25.687388575916046], [93.12289304800149, 25.688040740366265], [93.12299083501004, 25.68828849511864], [93.1233530950214, 25.68916778406784], [93.12338531309906, 25.68925915915539], [93.12342183859852, 25.689422811660823], [93.12355834569078, 25.69015365340589], [93.12356414880753, 25.690247356719183], [93.12351274900361, 25.690454916030784], [93.12332251277589, 25.691052454019108], [93.12327917624994, 25.691213976665665], [93.12327446817955, 25.69130786695114], [93.12332965168746, 25.691878101676405], [93.12335213292575, 25.69201966403698], [93.12338537148959, 25.692136749237683], [93.12365023256459, 25.692975548594628], [93.12369437577762, 25.69305935437912], [93.1237663667645, 25.69312424294731], [93.12387285036336, 25.693194856246745], [93.12441642543334, 25.693540951553192], [93.12460029979222, 25.693679057015803], [93.1251516973917, 25.694133057752726], [93.12531558154053, 25.69425342497791], [93.12553430604089, 25.694337957594396], [93.12633419561426, 25.694605670935257], [93.1265337321001, 25.69466877859784], [93.12720751168236, 25.694871721799295], [93.12740268684749, 25.694939640094255], [93.12753731735911, 25.6950179157132], [93.12840591906858, 25.69559012156904], [93.12856063950322, 25.69568624095182], [93.12867729472605, 25.69574419003404], [93.12915470528208, 25.695960393093337], [93.12931666074805, 25.69604197556913], [93.12939496778966, 25.696103891728747], [93.12972418057834, 25.696448066599498], [93.12978910182395, 25.696521590418744], [93.1298322928228, 25.696599203657204], [93.12982748144614, 25.696685794719244], [93.1298009344329, 25.696776504317928], [93.12956346029591, 25.69748509155319], [93.12950952275132, 25.6976914313348], [93.12952546335606, 25.697857206004684], [93.12966276096577, 25.698618582272246], [93.12969978143691, 25.69878106196034], [93.12982655258814, 25.699289101972493], [93.12984666946062, 25.699381167854092], [93.12985163534749, 25.699471619611554], [93.12979047983958, 25.69962426165313], [93.12941763138598, 25.700312372305454], [93.12935620728177, 25.700417932520566], [93.12926466266613, 25.700536646166487], [93.12889718523958, 25.70095557746913], [93.12877198434349, 25.70111225754161], [93.12870639744631, 25.701243503908213], [93.12856030173668, 25.70158220748333], [93.12850851296226, 25.70171711361767], [93.12850025834311, 25.701783319281805], [93.12852975272882, 25.701867700853413], [93.12857927235886, 25.701950682037452], [93.12894008338768, 25.702508667622368], [93.12900386377284, 25.702612530126803], [93.12904082585354, 25.702698441748268], [93.12904347229035, 25.702860349265897], [93.12898753599426, 25.703451768862912], [93.12894822751403, 25.7037130421536], [93.12884259192482, 25.704237516677622], [93.12880862752226, 25.704428679442223], [93.12879776060227, 25.704573747049416], [93.12877154596563, 25.70513147994181], [93.12876861296625, 25.705276759568697], [93.12879656045305, 25.705490337385015], [93.12898643555802, 25.706577873919436], [93.12901890246901, 25.706664593703564], [93.12908211961052, 25.706736339424584], [93.12989500151784, 25.707390738696994], [93.13004147002829, 25.707528333550368], [93.13010312769443, 25.70760680728918], [93.13043058248012, 25.708047783526023], [93.13052797512827, 25.708191121900164], [93.13060615011759, 25.708367901853006], [93.13085575959568, 25.70899754505506], [93.13096665392256, 25.709215062773136], [93.13130704714328, 25.709813808099078], [93.13180669818915, 25.710669473390276], [93.13192500451544, 25.710858667939828], [93.1319860225811, 25.71093791729377], [93.13274524452325, 25.711873711112517], [93.13292668893929, 25.71211080868343], [93.13330384930627, 25.712630757459358], [93.13340218249056, 25.71279535959799], [93.13341608481787, 25.71288763679821], [93.13341080541895, 25.713441435278675], [93.13339255524562, 25.713605573342598], [93.13329518325875, 25.713771767757763], [93.13289620550844, 25.71433793552375], [93.1328086350396, 25.714457973145837], [93.13227467463808, 25.715145477626827], [93.13174262315655, 25.715810506708337], [93.13163857578877, 25.71595028757276], [93.13156804636087, 25.716079512026997], [93.13126287338751, 25.71669559362734], [93.13120717514495, 25.716829067908947], [93.13119639715816, 25.716921401062198], [93.13120334023701, 25.71703967415453], [93.1312779902371, 25.717871408209888], [93.13129414913243, 25.717965578540436], [93.13133508535992, 25.718106036708303], [93.13170100241281, 25.719248097598534], [93.13177017089305, 25.719430498031226], [93.1318302771687, 25.7195359822084], [93.13231785216223, 25.720326149496127], [93.13237663162622, 25.720403784439824], [93.13250841358008, 25.72051711079387], [93.13309112734868, 25.720959129321052], [93.13317691466169, 25.7210135140441], [93.13331838045433, 25.72108168206535], [93.13379879228172, 25.721296942386648], [93.13401981736752, 25.721381432326506], [93.13460676399774, 25.721540953682094], [93.13488139335314, 25.721631961584247], [93.13561521992222, 25.721916401699385], [93.13575713397417, 25.72198000150413], [93.1363917173656, 25.72227400832902], [93.13657726977743, 25.722365462403367], [93.13717808729396, 25.722726651248525], [93.13733180161549, 25.722822857970403], [93.13745628385934, 25.722911517934957], [93.13798834791729, 25.72330469484955], [93.138148789722, 25.723429473966817], [93.13865582402119, 25.72389888742597], [93.13884783531991, 25.72409779261721], [93.13925747786924, 25.72456356085039], [93.13936992358661, 25.724695432824262], [93.13945937872091, 25.72481401704376], [93.13998267252673, 25.72553426412195], [93.14003317491368, 25.72561739389405], [93.14008401416888, 25.725752428159527], [93.1402462975199, 25.72628361313499], [93.14028295597001, 25.72642275207844], [93.14029147020227, 25.72661176214787], [93.14027496186232, 25.727230477576434], [93.14026337359516, 25.727323993893698], [93.1402337426655, 25.72741573056422], [93.13990355700136, 25.728181521586997], [93.13985253359152, 25.72829308524726], [93.13976666722675, 25.72844264669847], [93.13917696995513, 25.72938756064571], [93.13913341963018, 25.72947437467042], [93.13908813196345, 25.729660961042274], [93.13899693679244, 25.730159434210414], [93.13899361212755, 25.730253008917447], [93.13905486914508, 25.730435271084836], [93.13924129471938, 25.730864287892942], [93.13930858392405, 25.731047004725397], [93.13933164637236, 25.731163687372224], [93.1394331362365, 25.731799187733873], [93.13943929239115, 25.731893128542644], [93.13941402817211, 25.732059928606475], [93.13915952557063, 25.733249808560434], [93.13898661065824, 25.733996890874703], [93.13893669397285, 25.734181392074987], [93.13876021813864, 25.73475158158708]]}, "properties": {"OBJECTID": 44621, "Name": "NH 27", "Road_Type": "National Highway", "Class_Code": 1, "Lane": " ", "Oneway": " ", "T_Elevatio": 0, "F_Elevatio": 0, "SL": 90, "Remarks": " ", "Bridge_Fly": " ", "Shape_Leng": 42217.5760869, "ID": 44758, "Type": " ", "NSEW_Corr": "EW", "Shape_Length": 42217.5760868643}, "id": 44621}, {"type": "Feature", "geometry": {"type": "LineString", "coordinates": [[93.986321887058, 25.737853326298012], [93.98746065798748, 25.737451770522117], [93.98755486071808, 25.737409692299416], [93.98770037881096, 25.737307748032773], [93.98838067746716, 25.736772839007372], [93.98855385558599, 25.736625140299562], [93.98863737734781, 25.736530471711063], [93.98920085010137, 25.7358501074919], [93.98933112468218, 25.7356960375491], [93.98977934717803, 25.735185256017065], [93.98984716279548, 25.73511143968663], [93.98992287819749, 25.73504810909043], [93.99001547923193, 25.735008344366197], [93.99085433323077, 25.734779720411034], [93.99108182708488, 25.734715527824047], [93.99168467389565, 25.734539200537494], [93.99180889742472, 25.734499854817205], [93.99199521430285, 25.734409910364295], [93.99280364595629, 25.733943004095607], [93.99291688578435, 25.733880109856106], [93.99303602574724, 25.733830369473033], [93.99316221029855, 25.73379665650796], [93.99367327893168, 25.733674775574684], [93.99387784328817, 25.73362883521452], [93.99444127561753, 25.733512304693548], [93.99457054318692, 25.73350176375081], [93.99470111241514, 25.733508519147062], [93.99525068643462, 25.733552104714814], [93.9955155528995, 25.733575975981577], [93.99705959337953, 25.733724359843016], [93.99759205089956, 25.73377636447211], [93.99772506713863, 25.733786293619136], [93.9978573323861, 25.733780901776818], [93.99798902450847, 25.733763005034128], [93.9988841372986, 25.733629037520153]]}, "properties": {"OBJECTID": 44638, "Name": "NH 29", "Road_Type": "National Highway", "Class_Code": 1, "Lane": " ", "Oneway": " ", "T_Elevatio": 0, "F_Elevatio": 0, "SL": 90, "Remarks": " ", "Bridge_Fly": " ", "Shape_Leng": 1583.1315744, "ID": 44775, "Type": "", "NSEW_Corr": "", "Shape_Length": 1583.1315744049223}, "id": 44638}, {"type": "Feature", "geometry": {"type": "LineString", "coordinates": [[93.9988841372986, 25.733629037520153], [93.99962285249944, 25.733820327038746], [93.99995187754025, 25.733912608966694], [94.00055578615967, 25.73409402959998], [94.00070828595894, 25.734132367167653], [94.00094701144906, 25.734153228023608], [94.0014809619691, 25.73418360447895], [94.0015853560866, 25.734198348442664], [94.0017797012084, 25.734266873053684], [94.00228249456113, 25.73447326314938], [94.00252201236532, 25.73457806395201], [94.00347994613992, 25.735016246331696], [94.0036866493851, 25.735125547494437], [94.00378965740211, 25.735199809691782], [94.00421500250265, 25.73552134712962], [94.00435923061475, 25.735661808838014], [94.00470559403885, 25.736062584922365], [94.00477603633018, 25.73613497241455], [94.0049175605133, 25.73624622677784], [94.00542045178238, 25.736612045790853], [94.00549416034808, 25.736680050312078], [94.00553543973201, 25.73673913415962], [94.0056030056178, 25.736867713748918], [94.00584047436483, 25.737346282817267], [94.005895761179, 25.73742376665738], [94.00597421105276, 25.73748371759359], [94.00669700002192, 25.737888365998995], [94.00688915684775, 25.73801453942459], [94.00734332978404, 25.738340579675302], [94.00744929056336, 25.738411006731344], [94.00756379432106, 25.738473274688292], [94.00810497358418, 25.738747462567158], [94.00824172591652, 25.73880921084967], [94.00829816886244, 25.73881326568667], [94.00834582358993, 25.738756066658897], [94.00837970624582, 25.738668010835237], [94.0084881778164, 25.73833880107479], [94.0085584063087, 25.73818512843426], [94.00862745082141, 25.738115780706384], [94.00901564788997, 25.7378223131357], [94.00916408640586, 25.737722333138297], [94.00938209225394, 25.737636664483755], [94.00990528365183, 25.737457446225864], [94.01002691823625, 25.737412228321954], [94.01010861462146, 25.737362997592708], [94.0101733759669, 25.737244230872896], [94.01030657186902, 25.73683677153908], [94.01037196652678, 25.736719619459503], [94.01043306274586, 25.73668339312426], [94.01058274991998, 25.73663542202067], [94.01115058129929, 25.736476899242128], [94.01137609975808, 25.736401568075532], [94.01154749741598, 25.736287527767047], [94.01233358527335, 25.73569935773111], [94.01248260230426, 25.735598625811118], [94.01257865825926, 25.735561988865104], [94.01268114794834, 25.735537401846774], [94.01351341549953, 25.735363211286373], [94.01443344845394, 25.735190356479432], [94.01456364128808, 25.735162195903943], [94.01478629591776, 25.735083122914432], [94.01537137225559, 25.73484945041602], [94.01554322625763, 25.734785342025024], [94.01636180348386, 25.734516756921963], [94.01648631088057, 25.73447827543765], [94.0166149119, 25.734454109797156], [94.01674885789538, 25.734447635252902], [94.01779960830008, 25.73442268547487], [94.01798554069929, 25.734430086573962], [94.0181847987074, 25.73449584757681], [94.01906924490181, 25.734848120067934], [94.01926844272283, 25.734912734183666], [94.01937188013454, 25.734917744834995], [94.02016464157614, 25.734870740029553], [94.02096822861525, 25.73484707537241], [94.02110093044394, 25.734840727087008], [94.0211995807335, 25.73482051696007], [94.02128165171618, 25.73476810494356], [94.02137489235108, 25.734683758845165], [94.02190749360159, 25.734178621310093], [94.02208085587499, 25.734033105081185], [94.02217447739561, 25.733990042445903], [94.02280137569976, 25.73377808892306], [94.02299887390826, 25.73370472650153], [94.02318134150539, 25.73360497366905], [94.02385404580421, 25.733210315943577], [94.02411776961206, 25.733045709688316], [94.02556790290723, 25.732098211802324], [94.02564831380325, 25.732036124201663], [94.02571714182199, 25.73196296139508], [94.02645359865824, 25.731038396029447], [94.02652961499588, 25.730938750207123], [94.02663442862661, 25.73077021193703], [94.02737727428114, 25.72948238058782], [94.02742933883839, 25.72939813513256], [94.02756098334999, 25.729247395802652], [94.02801728170024, 25.728805159640167], [94.02814223106809, 25.728679741995695], [94.02864177521441, 25.728128705250576], [94.0287581061454, 25.727973715691306], [94.02879342790237, 25.727885286094086], [94.02895930181958, 25.72735936445076], [94.02899907383048, 25.727273392136727], [94.02911227323436, 25.727143542951183], [94.02954343582465, 25.7267197058], [94.02967372837176, 25.726601057929972], [94.02979997311023, 25.726517044312477], [94.03025855407964, 25.726240520177473], [94.03034017590464, 25.726182276802497], [94.03041100447156, 25.726113488564103], [94.030817256779, 25.72564815774604]]}, "properties": {"OBJECTID": 44643, "Name": "NH 29", "Road_Type": "National Highway", "Class_Code": 1, "Lane": " ", "Oneway": " ", "T_Elevatio": 0, "F_Elevatio": 0, "SL": 90, "Remarks": " ", "Bridge_Fly": " ", "Shape_Leng": 4527.4209069, "ID": 44780, "Type": "", "NSEW_Corr": "", "Shape_Length": 4527.420906895457}, "id": 44643}, {"type": "Feature", "geometry": {"type": "LineString", "coordinates": [[93.986321887058, 25.737853326298012], [93.98459495407772, 25.73840512715727], [93.98441800842463, 25.7384638112168], [93.98424664759767, 25.73852932884961], [93.98297984338397, 25.739030051588923]]}, "properties": {"OBJECTID": 44645, "Name": "NH 29", "Road_Type": "National Highway", "Class_Code": 1, "Lane": " ", "Oneway": " ", "T_Elevatio": 0, "F_Elevatio": 0, "SL": 90, "Remarks": " ", "Bridge_Fly": " ", "Shape_Leng": 399.691245557, "ID": 44782, "Type": "", "NSEW_Corr": "", "Shape_Length": 399.691245557015}, "id": 44645}, {"type": "Feature", "geometry": {"type": "LineString", "coordinates": [[93.98297984338397, 25.739030051588923], [93.98392082594917, 25.73948301831602], [93.98401710199141, 25.739510067669503], [93.98411704675328, 25.739502129589553], [93.98490947402162, 25.739301251485706], [93.98507939754414, 25.73924273938676], [93.98523122540357, 25.739115158473783], [93.98571192109863, 25.738638925372218], [93.98583946480099, 25.738486119761607], [93.986321887058, 25.737853326298012]]}, "properties": {"OBJECTID": 44647, "Name": "NH 29", "Road_Type": "National Highway", "Class_Code": 1, "Lane": " ", "Oneway": " ", "T_Elevatio": 0, "F_Elevatio": 0, "SL": 90, "Remarks": " ", "Bridge_Fly": " ", "Shape_Leng": 474.431779354, "ID": 44784, "Type": "", "NSEW_Corr": "", "Shape_Length": 474.4317793542263}, "id": 44647}, {"type": "Feature", "geometry": {"type": "LineString", "coordinates": [[93.86404887625815, 25.760867725425143], [93.86267808396552, 25.76027410278389], [93.86253258383894, 25.760214491009968], [93.86230824037652, 25.760150031427475], [93.86165309095497, 25.75998437513981]]}, "properties": {"OBJECTID": 44746, "Name": "NH 29", "Road_Type": "National Highway", "Class_Code": 1, "Lane": " ", "Oneway": " ", "T_Elevatio": 0, "F_Elevatio": 0, "SL": 90, "Remarks": " ", "Bridge_Fly": " ", "Shape_Leng": 289.094625139, "ID": 44883, "Type": "", "NSEW_Corr": "", "Shape_Length": 289.0946251392576}, "id": 44746}, {"type": "Feature", "geometry": {"type": "LineString", "coordinates": [[93.86165309095497, 25.75998437513981], [93.8623928868291, 25.76068872020065], [93.86272527156908, 25.761007163671472], [93.86280450387544, 25.761062627930855], [93.86284919865409, 25.761075380758783], [93.86294866551223, 25.761071155166068], [93.86404887625815, 25.760867725425143]]}, "properties": {"OBJECTID": 44748, "Name": "NH 29", "Road_Type": "National Highway", "Class_Code": 1, "Lane": " ", "Oneway": " ", "T_Elevatio": 0, "F_Elevatio": 0, "SL": 90, "Remarks": " ", "Bridge_Fly": " ", "Shape_Leng": 326.461664776, "ID": 44885, "Type": "", "NSEW_Corr": "", "Shape_Length": 326.46166477619096}, "id": 44748}, {"type": "Feature", "geometry": {"type": "LineString", "coordinates": [[93.16200920518985, 25.771722923361295], [93.16147706297849, 25.77112895941926], [93.16127947493848, 25.770901991370142], [93.16044597849199, 25.769924326178202], [93.16022930933704, 25.7696785139456], [93.1591958119757, 25.768538659200587], [93.1589701641595, 25.76830429610833], [93.15850958713354, 25.76785024603056], [93.15828708072587, 25.767647678964643], [93.15749272387632, 25.766979619804474], [93.15726103938138, 25.76678079124431], [93.15625989574335, 25.76590546657675], [93.15614862053079, 25.765801195800783], [93.15603618289825, 25.76566710180432], [93.15557294685904, 25.765078008528], [93.15542326327818, 25.764880395151092], [93.1549243802919, 25.764181256695437], [93.15403857494643, 25.762894983210433], [93.15393988333437, 25.76269931271244], [93.15370905493391, 25.762137037753583], [93.1536354927936, 25.76193220859951], [93.15360877510042, 25.761789073360447], [93.15350712443784, 25.761140711169663], [93.1534692200244, 25.76082825574169], [93.15337606652609, 25.759793716728502], [93.1533604340435, 25.759506432849964], [93.1533458049791, 25.75874405157634], [93.15335820262834, 25.758554685657728], [93.15337987538288, 25.758461000552522], [93.15358886573878, 25.75766709811384], [93.15364406541636, 25.75740904125936], [93.15376393930283, 25.756725945451013], [93.15378146902727, 25.756608338060747], [93.15378140255194, 25.75651475174418], [93.15374728902903, 25.75637514074525], [93.15345626541969, 25.75542426167329], [93.15340790371805, 25.755312678174114], [93.15334519502301, 25.755205751608933], [93.1529525036831, 25.75457022350487], [93.15283352451867, 25.754381316152067], [93.15241905172803, 25.7537361239643], [93.15233200318036, 25.753614456854127], [93.15186064098111, 25.75299620483813], [93.15176281085341, 25.752882073656263], [93.15160425101924, 25.75275756171215], [93.1509015932956, 25.75225250019848], [93.15072436826644, 25.75214660166694], [93.15010903666985, 25.751845090711893], [93.14982434708159, 25.75171250206052], [93.14927732966741, 25.751471033402023], [93.14899355725905, 25.751336084182913], [93.14819295442335, 25.75093536123021], [93.14793328201745, 25.750811511520926], [93.14656216363633, 25.75017102352462], [93.1462513160053, 25.75003038316162], [93.14494742664176, 25.749456779675004], [93.14477938778472, 25.749381415471973], [93.14378344718881, 25.748918441274977], [93.14369920497808, 25.748864341181662], [93.14358165054166, 25.748710398961453], [93.14325335852615, 25.748192577356896], [93.14321336373307, 25.748106701023836], [93.14319299533231, 25.747918332787172], [93.14318186251103, 25.747485758308528], [93.14316593627935, 25.747295074977167], [93.14304989370756, 25.746733379243572], [93.14302023043857, 25.746643506352775], [93.14297071979168, 25.746559763396565], [93.14250921660268, 25.745939159716286], [93.14240108639193, 25.745802123914974], [93.14224969421541, 25.745667775111233], [93.14150775585932, 25.74507957220435], [93.1407358631801, 25.744463198304075], [93.14063957006982, 25.74438220410944], [93.14057173379113, 25.744310632408702], [93.14049839533135, 25.74421272848595], [93.14008827128502, 25.743633160144533], [93.13992356338105, 25.743389427228177], [93.13945467424378, 25.742669648404654], [93.13902819457104, 25.742003668262587], [93.13895386976108, 25.74187646819437], [93.13888986030551, 25.741721210114477], [93.13868929974021, 25.741181051631713], [93.1386505365374, 25.74106800714486], [93.13862700067698, 25.740951395717588], [93.13858156748313, 25.740376838883], [93.1385737072244, 25.740089074321467], [93.13859324827679, 25.739224569962154], [93.13862033248263, 25.738279741489002], [93.13863666205786, 25.737662460005183], [93.13863939473292, 25.73737663256227], [93.13862628741461, 25.735675929527844], [93.13863866440262, 25.73543680411844], [93.13876021813864, 25.73475158158708]]}, "properties": {"OBJECTID": 44811, "Name": "NH 27", "Road_Type": "National Highway", "Class_Code": 1, "Lane": " ", "Oneway": " ", "T_Elevatio": 0, "F_Elevatio": 0, "SL": 90, "Remarks": " ", "Bridge_Fly": " ", "Shape_Leng": 5679.9191015, "ID": 44948, "Type": " ", "NSEW_Corr": "EW", "Shape_Length": 5679.919101503476}, "id": 44811}, {"type": "Feature", "geometry": {"type": "LineString", "coordinates": [[93.16262452780327, 25.77258833018649], [93.16200920518985, 25.771722923361295]]}, "properties": {"OBJECTID": 44816, "Name": "NH 27", "Road_Type": "National Highway", "Class_Code": 1, "Lane": " ", "Oneway": " ", "T_Elevatio": 0, "F_Elevatio": 0, "SL": 90, "Remarks": " ", "Bridge_Fly": " ", "Shape_Leng": 127.028036684, "ID": 44953, "Type": " ", "NSEW_Corr": "EW", "Shape_Length": 127.02803668435067}, "id": 44816}, {"type": "Feature", "geometry": {"type": "LineString", "coordinates": [[93.16394225481548, 25.776513641276146], [93.1640170754955, 25.77571590549658], [93.16402358558635, 25.775547980832226], [93.16400135677463, 25.775456105788805], [93.16396411172465, 25.775366471432918], [93.16355888529324, 25.774474698729307], [93.16318219025355, 25.773673304923054], [93.16309492700854, 25.773498149392143], [93.16262452780327, 25.77258833018649]]}, "properties": {"OBJECTID": 44823, "Name": "NH 27", "Road_Type": "National Highway", "Class_Code": 1, "Lane": " ", "Oneway": " ", "T_Elevatio": 0, "F_Elevatio": 0, "SL": 90, "Remarks": " ", "Bridge_Fly": " ", "Shape_Leng": 517.724890887, "ID": 44960, "Type": " ", "NSEW_Corr": "EW", "Shape_Length": 517.7248908874733}, "id": 44823}, {"type": "Feature", "geometry": {"type": "LineString", "coordinates": [[93.86404887625815, 25.760867725425143], [93.8649966285273, 25.761184067352495], [93.86532236303921, 25.761284589883765], [93.86617799846587, 25.7615294996292], [93.86635160687769, 25.761585216062606], [93.86646840672924, 25.761638271564603], [93.86699430834432, 25.761906885967175], [93.86718121811057, 25.76198312810898], [93.86728498879724, 25.761987767892226], [93.8673916799069, 25.76197974555721], [93.86838342087889, 25.761884332639234], [93.86859440190145, 25.761880080377352], [93.8687618460738, 25.761940864407983], [93.86962923146436, 25.762345973174757], [93.87050808025627, 25.762768272320507], [93.87060470125161, 25.762794052676618], [93.87070355815366, 25.762781175443624], [93.87170783601377, 25.76245312550075], [93.87180926209756, 25.76242431850309], [93.87204676138731, 25.762393120824957], [93.87300755719437, 25.762309499810222], [93.87332600277607, 25.76229193582992], [93.87424969546696, 25.762271557240787], [93.87445994346427, 25.762281189520486], [93.87506188297661, 25.762350818436644], [93.87527153269592, 25.76236450393404], [93.87545661798382, 25.76234839701925], [93.87680514373548, 25.76219804009018], [93.87693748623808, 25.762184944355003], [93.87715031150195, 25.76217501677226], [93.87840276962054, 25.76213948263707], [93.87853546605935, 25.762132101062733], [93.8787432652492, 25.762095252243267], [93.87985262264131, 25.761850819374637], [93.87995522551813, 25.761841617464174], [93.88015814326272, 25.761886632711576], [93.8807141608977, 25.762054439170956], [93.88099512696913, 25.762122959042163], [93.88156206721965, 25.76223508628052], [93.88166521178059, 25.762245368212316], [93.88176923579218, 25.762236251280296], [93.8825500334708, 25.762091626986088], [93.8827318399079, 25.762055623589216], [93.88350878022074, 25.76187212033033], [93.8836130979814, 25.761856326443468], [93.88382258959726, 25.761866043705005], [93.884558902703, 25.761936622665495], [93.88471656691685, 25.761945036573763], [93.88487321333947, 25.76193296989648], [93.88560377183754, 25.761846440093795], [93.88578678381373, 25.7618269901951], [93.88678853471295, 25.761752387858728], [93.88699805237991, 25.761752243042206], [93.88717892546742, 25.761793913790882], [93.88797642462386, 25.762008392474964], [93.88818325992138, 25.76205955142428], [93.88899722519695, 25.762205520361828], [93.88909879411287, 25.76223226601014], [93.88930895587191, 25.762337147500173], [93.88988196154723, 25.76265895694676], [93.88997301298781, 25.762705620676094], [93.89006002650116, 25.762725472515925], [93.89011886525398, 25.762699658974885], [93.89022950715425, 25.762601360033845], [93.89057496327992, 25.762258681569204], [93.89064873293103, 25.76219191332181], [93.89072754482588, 25.76215023866768], [93.89079303739997, 25.762156703611975], [93.89093267781594, 25.762212600973267], [93.89152130519406, 25.762480098429577], [93.8916045376984, 25.76253260015815], [93.89166831359199, 25.762605977140247], [93.89173576898501, 25.76270937454937], [93.89204982270326, 25.763217088864618], [93.89210435403427, 25.76329713094291], [93.89216988074438, 25.763352683933714], [93.89223487295685, 25.76335726055987], [93.892383828004, 25.76332414817608], [93.89304470688043, 25.763144636162732], [93.893171575948, 25.76311263936051], [93.89327360929292, 25.76309733347876], [93.89345445363436, 25.763115903762834], [93.89394849649788, 25.763201403565493], [93.894117660944, 25.76325037279065], [93.89419043526179, 25.763313293551352], [93.89425375750616, 25.763389445797795], [93.89463904313489, 25.76388013145507], [93.8950796982228, 25.76443739441518], [93.89517323620007, 25.76454555692741], [93.89521743241373, 25.764567849248003], [93.89527025245414, 25.764523564746092], [93.89532011973218, 25.764442932915536], [93.89556589789561, 25.764006530496268], [93.89566124867312, 25.763862063689835], [93.89577209808422, 25.763760126751766], [93.89619149274428, 25.763421034779547], [93.89631071894541, 25.763333608858098], [93.89636932503456, 25.76331545201746], [93.89644517967547, 25.763350428385845], [93.8965198898627, 25.763414706628403], [93.89707809669204, 25.76393578125499], [93.89721371624881, 25.76405007332406], [93.897414877787, 25.76416263237406], [93.89801197268498, 25.76446919346135], [93.8981253140227, 25.764530030370135], [93.89823168353551, 25.764599318182466], [93.89871103355425, 25.764969964616274], [93.89880091987992, 25.7650566191566], [93.89888019800037, 25.765153806915013], [93.89935771096438, 25.765767881847772], [93.89939994435915, 25.765851260152548], [93.89939574473519, 25.76601332113956], [93.8992747057338, 25.76677667749625], [93.89924343987032, 25.766917226025313], [93.89917184144724, 25.767070546796703], [93.89894164276579, 25.767502185934127], [93.89886514133788, 25.76762595917902], [93.89879454992624, 25.767692852999506], [93.89871205583705, 25.76775052348715], [93.89824136467934, 25.76805550587172], [93.89817398025322, 25.76811766363713], [93.8981571745709, 25.76815531957447], [93.89815807737774, 25.768244053312156], [93.89833554944362, 25.769148747763662], [93.8984355310364, 25.769759596055362], [93.89846572431144, 25.76984145149061], [93.89853705952815, 25.76989204967999], [93.89863575922503, 25.76992127553255], [93.89902911172501, 25.77001329562289], [93.89918556141657, 25.770041160750587], [93.89928738545403, 25.770034650124163], [93.89938837136334, 25.770013330408794], [93.89996803535156, 25.76986819380051], [93.90014154674532, 25.76981213258615], [93.90080914951163, 25.769583629815198], [93.9008893385238, 25.769572012087952], [93.9009117434053, 25.769587461941786], [93.90092060438728, 25.76966155697942], [93.90083186880348, 25.770527187551277], [93.9008215121266, 25.770718969371327], [93.90082876692081, 25.7708149584549], [93.90088539042813, 25.77134389852604], [93.90090583877893, 25.77148572709141], [93.90092983098353, 25.771550075353176], [93.9009942635456, 25.771621025532713], [93.90186201275385, 25.772274931713365], [93.90195014916135, 25.772327535892156], [93.90217391590537, 25.77239138052534], [93.90263489447823, 25.772495385027305], [93.90273540248381, 25.772522267497763], [93.90282979386059, 25.77256117430343], [93.9029180722019, 25.772612099769773], [93.9033716881827, 25.7728988034598], [93.90354925636827, 25.772998868718727], [93.90364880137987, 25.773032031794546], [93.90471032707637, 25.77329741291776], [93.90480430073656, 25.773304255035587], [93.90484185750195, 25.773288931862204], [93.90489811270001, 25.773220792981792], [93.90544490194208, 25.77219504372881], [93.90554099921962, 25.772055650173982], [93.90562243688998, 25.77200333062896], [93.90609217313859, 25.771798112400862], [93.90625283772546, 25.77171936635106], [93.90636229384957, 25.771649863465974], [93.90677096172685, 25.771371093518002], [93.90685688109217, 25.771317305398377], [93.90694190034563, 25.77129004891268], [93.90700394518565, 25.771309805476807], [93.90712645922073, 25.771395385936614], [93.90728938037562, 25.77152231089133], [93.90779924526626, 25.771910979598406], [93.90791679880434, 25.772008097027427], [93.90801810990376, 25.772117712004974], [93.90846703128891, 25.772650735545476], [93.90853284995144, 25.772724289905774], [93.90860766793654, 25.772783761919797], [93.90867838511234, 25.772807377762373], [93.90883572503432, 25.772829722731245], [93.90950324964724, 25.77290444511152], [93.90966332493929, 25.77291535386807], [93.90979682986186, 25.772911506478774], [93.91073224736387, 25.77286127441555], [93.91099840470783, 25.77285840019766], [93.91112959736685, 25.772872051316412], [93.91199488968282, 25.772976236602872], [93.91219973431367, 25.773022655207814], [93.91299972270173, 25.773293091494832], [93.91312346653044, 25.773337559592658], [93.91324099132243, 25.773393403151495], [93.91386705419339, 25.773764304446125], [93.91412763569438, 25.773931645147574], [93.9148662826233, 25.77444248899324], [93.91504426044061, 25.774550971627725], [93.91608061174963, 25.77516168128752], [93.91624310800135, 25.77524293761747], [93.91634519883846, 25.775265753739035], [93.91740814027986, 25.775391563882188], [93.91767091816173, 25.77542997953081], [93.91826062261987, 25.77555223826701], [93.91841414739687, 25.775580181369886], [93.9184901502598, 25.775583747162703], [93.9185920183147, 25.775564038228502], [93.91909613398754, 25.775393917082692], [93.9192476420467, 25.775346740621274], [93.91932415694934, 25.775333872030632], [93.9194254500825, 25.77534122608899], [93.92003908925305, 25.775469187925665], [93.92027090669868, 25.77550909603824], [93.92087237369714, 25.77557268899814], [93.92100122624485, 25.775589253594365], [93.92109387309338, 25.77561788428446], [93.92116528197195, 25.775680058312332], [93.9212264940737, 25.775757250195564], [93.92147800618358, 25.776097721747306], [93.92161885842687, 25.776271986851413], [93.92172910237349, 25.776377360708373], [93.92221931931225, 25.776824744949806], [93.92228767302053, 25.7768981179497], [93.92237841094904, 25.777043098735206], [93.92280169980589, 25.777817709045983], [93.92287639023019, 25.777941858195927], [93.92292483188187, 25.777990420923693], [93.92301522665396, 25.77802400405172], [93.92311836133342, 25.7780420745145], [93.92388273062217, 25.778152265530753], [93.92411577067486, 25.778196405813183], [93.92421092472131, 25.77823451720917], [93.92492478084333, 25.7785907814032], [93.92506483178938, 25.778656056064925], [93.92521183928898, 25.778709967048652], [93.9258819223038, 25.7789361516947], [93.92625443299089, 25.779064684791233], [93.92640259392734, 25.779109441934512], [93.92647453550684, 25.779115118883077], [93.92656539470795, 25.779084278278322], [93.92696313278314, 25.77884715820141], [93.92709895266422, 25.77874264560591], [93.9271548691974, 25.77861658258986], [93.92727901187807, 25.778156907917587], [93.92733677265254, 25.778033722416364], [93.92741325701245, 25.777978117246167], [93.92752844169314, 25.77792268515897], [93.92797732624736, 25.777720077044005], [93.92877610280809, 25.777352909976948], [93.92893283367235, 25.77726854153911], [93.92900755104608, 25.777203460256104], [93.92945020758044, 25.776731728687594], [93.92964413139241, 25.776535078736387], [93.93024281810509, 25.77595270016877], [93.93032132636935, 25.7758893031747], [93.93050415149595, 25.77579754973586], [93.9314302678415, 25.775390880329613], [93.93249848958015, 25.774927939598385], [93.93258130796113, 25.774873751047068], [93.93266700903587, 25.774733459477012], [93.93285693624314, 25.77431410458881], [93.9329035785693, 25.7742042432937], [93.93292089539305, 25.774117121389388], [93.93289489455546, 25.774029854619535], [93.93283693166008, 25.773921718547307], [93.93257677865545, 25.77346840183811], [93.93253027107659, 25.773381665263454], [93.93249788950553, 25.773292843955428], [93.93249694627447, 25.773200385528728], [93.93251386514453, 25.773082139206604], [93.93261151471089, 25.772489090527205], [93.93263500026568, 25.772298941620264], [93.9326367995912, 25.77215515634356], [93.93262416119344, 25.770881807602677], [93.93264122559059, 25.770799227239543], [93.93266716983429, 25.770771204540818], [93.93275361471407, 25.770741485426054], [93.93345948571154, 25.77063304865616], [93.93356220626764, 25.770630110475647], [93.93363701077797, 25.770645175930824], [93.93378423297496, 25.770695467986904], [93.93415107169932, 25.77083141369546], [93.93424973726022, 25.77085714780707], [93.93435099356242, 25.77085594001656], [93.93445382191638, 25.770836769879427], [93.93512448973445, 25.770686074227203], [93.93527727429965, 25.77064675099604], [93.93545042277401, 25.770580445344223], [93.93705334692261, 25.76991317849896], [93.93722380134946, 25.769860366152216], [93.93742991889307, 25.769878009101234], [93.93795123191371, 25.76996640501741], [93.93813355218715, 25.769993995913676], [93.9383142213571, 25.769988020017003], [93.93892913523706, 25.769868397662346], [93.93910958521806, 25.769839841628748], [93.93924073835123, 25.769830446183377], [93.93987234742077, 25.769798849199567], [93.94007996784586, 25.769768495603902], [93.94066737171856, 25.76959792444772], [93.94074147644129, 25.7695598135136], [93.94075137497741, 25.76953284462041], [93.94071734769275, 25.76946321749007], [93.94028371114217, 25.76891779978058], [93.94020397667758, 25.768822633516034], [93.94009930947223, 25.76871507516692], [93.9395584536026, 25.768188979912825], [93.93947147242861, 25.76810028658339], [93.93942012921853, 25.768023629314467], [93.93940768934846, 25.767934803996233], [93.93941490371851, 25.76781663656246], [93.93945622262835, 25.767363816715026], [93.93947393740574, 25.767270261528136], [93.93952913977824, 25.767110299170795], [93.93970797099512, 25.766631368658512], [93.93976362522024, 25.7664987657753], [93.93980420751151, 25.766443816961022], [93.93988665488831, 25.766397294658013], [93.93998356424282, 25.766363643519526], [93.94058153050666, 25.766176671452566], [93.94072793344009, 25.766124553184135], [93.94086867698722, 25.766055820428175], [93.9415836021044, 25.765676050199968], [93.94190336731124, 25.765502775938614], [93.94195584599184, 25.76545571446902], [93.94199250623859, 25.76537242164104], [93.94201273180721, 25.76527895630242], [93.94211515951251, 25.764706734639184], [93.9421562053345, 25.764570233405543], [93.94221144543624, 25.764491792411928], [93.94270578743878, 25.763962159220277], [93.94276828592804, 25.76388579456993], [93.94284323237221, 25.763761025569917], [93.94312650711389, 25.763223213962043], [93.94317425796113, 25.763139815203882], [93.94323459240888, 25.763070452109666], [93.94329869349261, 25.763039519960596], [93.9434488432991, 25.763002042003322], [93.94396390853693, 25.76289200438719], [93.9440625121141, 25.762884345364657], [93.94410791386687, 25.762894458963423], [93.94419094694521, 25.76294250198409], [93.94462544228517, 25.763287633852052], [93.94481099829027, 25.763453712692947], [93.94510515073175, 25.76375354216022], [93.94519387463741, 25.763838858665885], [93.94527387051178, 25.763895596612095], [93.94541566778274, 25.763953337710934], [93.94588298486826, 25.76411630738564], [93.94602867184443, 25.764160565341992], [93.94609741542155, 25.764163743150963], [93.94618117433862, 25.764123573147472], [93.9462601640999, 25.764061293556306], [93.94672919067939, 25.76366405591509], [93.94706568161853, 25.76338589986406], [93.94717572703746, 25.763285980214206], [93.94720800709888, 25.76323143361413], [93.94719809688466, 25.76314744832123], [93.94716196844057, 25.763058174392008], [93.94683556648037, 25.762337024528087], [93.9467876781909, 25.762224343202003], [93.94676485649111, 25.762133367192074], [93.94679353251163, 25.76197277738695], [93.94708453096811, 25.76100299470888], [93.94713340470946, 25.760817392798376], [93.94715296282983, 25.760628450077483], [93.94721126439009, 25.759797800783925], [93.94722537063501, 25.759655891102273], [93.94725776298581, 25.759489893516715], [93.94743484069126, 25.758685909890467], [93.94746686473282, 25.758595886660142], [93.94758130560845, 25.75844082114206], [93.94782052337536, 25.75815974591779], [93.9479546490338, 25.758016424902227], [93.94808094317958, 25.757928897914212], [93.94872367429065, 25.75753438813073], [93.94885747296233, 25.7574582822906], [93.9489270618541, 25.757435990253203], [93.9490258954, 25.757442818722254], [93.95007548518134, 25.75772537055696], [93.95022732292225, 25.757770797557416], [93.9504173103166, 25.757848603836184], [93.9507934780452, 25.75801506326033], [93.9508876915556, 25.75805317709178], [93.95098255634453, 25.758074499764277], [93.95107951241145, 25.758058960224883], [93.95117712424853, 25.75802654296092], [93.95169085458986, 25.757840283488292], [93.95188076742406, 25.75776187121955], [93.9520661913768, 25.757626861187546], [93.95254452450266, 25.7572421465196], [93.9526453496135, 25.757165004083515], [93.95273203973338, 25.75711959141442], [93.95288413349415, 25.757110945772308], [93.95355145778272, 25.75716410845167], [93.95365710415173, 25.7571705404959], [93.95375475461638, 25.75716303644425], [93.95379487068203, 25.75714438675006], [93.95385780395588, 25.757077497503552], [93.95423880641734, 25.75650152350431], [93.9543040672261, 25.75639850985053], [93.95433916620085, 25.756313449327344], [93.95432432333742, 25.756150287710796], [93.95411313839728, 25.75519834694944], [93.9540701818587, 25.75498475080343], [93.9539285579626, 25.754157972327143], [93.95392844297825, 25.75406851040439], [93.95394382213591, 25.75402866223708], [93.95400538458064, 25.75395871208896], [93.95441372457282, 25.753618274932673], [93.95456240024393, 25.753482878300687], [93.95464752639688, 25.753391381822446], [93.95528545241947, 25.752688460362688], [93.95537613285585, 25.752602079978427], [93.95591109308228, 25.75217697109541], [93.95611357155067, 25.752026030873388], [93.95646657801628, 25.751782345921427], [93.95657131798515, 25.75171403773106], [93.95665959363149, 25.75167619857717], [93.95673254940898, 25.75167197831369], [93.95691188817399, 25.75169632007282], [93.95732528747783, 25.75176516146963], [93.95742820027341, 25.751774840720223], [93.95753168978743, 25.75176585324927], [93.9576350975547, 25.751744333642083], [93.95859076218488, 25.75152042738806], [93.95876929066952, 25.751472833651682], [93.9589145159116, 25.75141400147885], [93.95989147780054, 25.750974904593882], [93.96008434788865, 25.75089354912323], [93.96023444020297, 25.75084189342733], [93.96108998040819, 25.75055963024912], [93.96118446880303, 25.750517636769803], [93.96136354975157, 25.750375081657545], [93.96195473732824, 25.7498461784295], [93.96203224217432, 25.749781130658153], [93.96211630921356, 25.749733993373624], [93.96221385188039, 25.749726737249762], [93.9633696458845, 25.74987408065501], [93.96355212515974, 25.749884463177843], [93.9637546009332, 25.749835151850085], [93.96463410549526, 25.74956100573871], [93.96476034484381, 25.749524276812796], [93.96488819307505, 25.749498912697035], [93.96553635090875, 25.74942447657555], [93.96566677730488, 25.749420908378717], [93.96579825023827, 25.749429510079327], [93.9666141127557, 25.74949684136416], [93.96681939486612, 25.74953067124244], [93.96696266447583, 25.749593788605527], [93.96752637977451, 25.749874393781294], [93.96771078413941, 25.749972265528626], [93.96779542789706, 25.750030648549963], [93.96826438979785, 25.750389514532998], [93.96852053721462, 25.750600736932416], [93.96905906375272, 25.7510686805606], [93.96915626775464, 25.751150577201333], [93.96924007338416, 25.751206306595535], [93.96933730972545, 25.751241148174255], [93.97037709978534, 25.751480325117253], [93.9706883193189, 25.75155697203095], [93.97133545397148, 25.75172495976227], [93.97154378137071, 25.751771179547625], [93.97170151116154, 25.75178036686564], [93.97228491214135, 25.7517892264979], [93.97241663211148, 25.751789003186612], [93.97251730001715, 25.75177557376383], [93.97260817898118, 25.751733735252333], [93.97271586452585, 25.75166479189078], [93.97314294696815, 25.751378850064906], [93.97323189724924, 25.7513296696229], [93.97332885690945, 25.75130112450315], [93.9734573573176, 25.751282946404153], [93.97395140826596, 25.75122685052242], [93.97405404348211, 25.751210557621476], [93.97425427436568, 25.751147332697656], [93.9752178657299, 25.750786715672184], [93.97534005008328, 25.75073835865491], [93.97545550515687, 25.75067824611198], [93.97556537720097, 25.75060852782254], [93.97630699306185, 25.750125493287555], [93.9763864176077, 25.750062171502012], [93.97650625466324, 25.74990642246959], [93.97697574387513, 25.74921126084917], [93.9771088840817, 25.749034443708723], [93.97729144510363, 25.748895907326474], [93.97803740521722, 25.748385490806164], [93.97811968910062, 25.74832566188369], [93.97818517628487, 25.748257577450776], [93.978213073466, 25.748172464977195], [93.97822439134025, 25.748079201327], [93.97829097536744, 25.747321323132592], [93.97828719256177, 25.74722847551605], [93.97825958912973, 25.74713828096587], [93.97821110525722, 25.747027472921484], [93.97794791145539, 25.746452778785397], [93.97791718098782, 25.746363276266525], [93.97791192314847, 25.746270322713503], [93.97792367580733, 25.746175275041143], [93.97803728753793, 25.74548302472608], [93.97804291817815, 25.74538872892626], [93.97802237191097, 25.74529871503656], [93.97798464536397, 25.74521112446379], [93.97780684361642, 25.74484089456363], [93.977736007863, 25.744714043847576], [93.97766175851152, 25.744614059129415], [93.9772543159363, 25.744104374295926], [93.97719445130745, 25.744025235241523], [93.97715019221172, 25.743942199257198], [93.97714075451132, 25.74387540371996], [93.97714857973578, 25.743735136206123], [93.97719107364198, 25.74326286787732], [93.97721729816007, 25.74310089155204], [93.97725644045194, 25.74301202574341], [93.97763969319317, 25.74234330931223], [93.97773737689552, 25.74216921935327], [93.9778151233884, 25.7420443215372], [93.97786499695465, 25.741995774853322], [93.97795639604324, 25.741963625894208], [93.9792529156282, 25.74179376165769], [93.9794096159497, 25.741766304194673], [93.97960587358479, 25.74169991525471], [93.98021533648762, 25.741472771194992], [93.98030955359124, 25.741434194862546], [93.98038590230557, 25.741382987379534], [93.98042355069911, 25.741301976520212], [93.98048661782194, 25.74094295361936], [93.98061744845991, 25.74017474930001], [93.98064059445153, 25.74005626374749], [93.98067555508577, 25.739970810398678], [93.98072500015564, 25.739921299134764], [93.98085117572381, 25.73983776587354], [93.98152859258461, 25.73941989962758], [93.98168557767207, 25.739334324443625], [93.98178548021315, 25.739302743620723], [93.98297984338397, 25.739030051588923]]}, "properties": {"OBJECTID": 44829, "Name": "NH 29", "Road_Type": "National Highway", "Class_Code": 1, "Lane": " ", "Oneway": " ", "T_Elevatio": 0, "F_Elevatio": 0, "SL": 90, "Remarks": " ", "Bridge_Fly": " ", "Shape_Leng": 19398.1852272, "ID": 44966, "Type": "", "NSEW_Corr": "", "Shape_Length": 19398.185227199865}, "id": 44829}, {"type": "Feature", "geometry": {"type": "LineString", "coordinates": [[93.14552726939473, 25.793245976497772], [93.14544613535489, 25.793325269575778], [93.1451776064586, 25.793555236672525], [93.14506521374182, 25.79363426425284]]}, "properties": {"OBJECTID": 44882, "Name": "NH 27", "Road_Type": "National Highway", "Class_Code": 1, "Lane": " ", "Oneway": " ", "T_Elevatio": 0, "F_Elevatio": 0, "SL": 90, "Remarks": " ", "Bridge_Fly": " ", "Shape_Leng": 70.4827368591, "ID": 45019, "Type": " ", "NSEW_Corr": "EW", "Shape_Length": 70.48273685910534}, "id": 44882}, {"type": "Feature", "geometry": {"type": "LineString", "coordinates": [[93.14506521374182, 25.79363426425284], [93.14518177913308, 25.793578385738194], [93.14528245602193, 25.79350270256839], [93.14598706668303, 25.792808410172672], [93.14615997261228, 25.792624882488017], [93.14659610468273, 25.792138163279034], [93.14670830605833, 25.792004060224983], [93.14678736588819, 25.791878795864875], [93.14708388628873, 25.791365904741834], [93.14716260116552, 25.791213822949974], [93.14720392546519, 25.79107597072763], [93.14741749992402, 25.7901871963948], [93.14744384661299, 25.79007000636155], [93.14747614464069, 25.789856402604958], [93.14756199124251, 25.78918949168192], [93.1475996225681, 25.78897752829513], [93.14777939971094, 25.78838410450483], [93.14781314222965, 25.788197549723808], [93.14789169361305, 25.787657471646458], [93.14801787367279, 25.786825532944444], [93.14805441354528, 25.78656262889], [93.14811445334561, 25.786081502365075], [93.14812665336547, 25.785961120533933], [93.14812730464406, 25.785794426099287], [93.14810826844487, 25.78524716724762], [93.14808600370058, 25.78505905045323], [93.14805277771313, 25.784944216451944], [93.14774241786733, 25.783960125560203], [93.14757920386167, 25.78338761542184], [93.14756454425454, 25.7832956016595], [93.14757147475697, 25.783202326774514], [93.1476681721091, 25.782710726886958], [93.14769788837869, 25.782621398918813], [93.14774948760859, 25.782539557153335], [93.14823647420559, 25.781938694113], [93.14831845086516, 25.78184442726588], [93.14842626037739, 25.781741288387497], [93.14896469708393, 25.781256156055317], [93.149778920176, 25.78050486703387], [93.15034416261065, 25.779973138244813], [93.15049436451943, 25.77984056402121], [93.1506442385431, 25.77974269667382], [93.15117275874724, 25.77942266300029], [93.15128392167038, 25.7793578013049], [93.15140093352434, 25.77930236824452], [93.15206212501451, 25.779051192931924], [93.15228996202507, 25.778991735384118], [93.15305937625244, 25.778824705971175], [93.15427691685592, 25.778583323196067], [93.15458577561691, 25.778519311213174], [93.15519770080193, 25.77838431912819], [93.15593763681326, 25.77823449941296], [93.15624854373308, 25.778174898277168], [93.15706385378664, 25.778025439884747], [93.15724670226948, 25.777989849826017], [93.15824963265663, 25.77777271278348], [93.15933160311069, 25.777533101836898], [93.15951312388351, 25.777497018996], [93.16024892584792, 25.77738159039476], [93.16040699610025, 25.777359713841456], [93.16056608683874, 25.77734670633411], [93.16162899863573, 25.777277641946856], [93.16279270410254, 25.777189338840905], [93.1629715973032, 25.777160667274792], [93.16306284906806, 25.777114779326414], [93.16394225481548, 25.776513641276146]]}, "properties": {"OBJECTID": 44883, "Name": "NH 27", "Road_Type": "National Highway", "Class_Code": 1, "Lane": " ", "Oneway": " ", "T_Elevatio": 0, "F_Elevatio": 0, "SL": 90, "Remarks": " ", "Bridge_Fly": " ", "Shape_Leng": 3504.61052425, "ID": 45020, "Type": " ", "NSEW_Corr": "EW", "Shape_Length": 3504.610524253353}, "id": 44883}, {"type": "Feature", "geometry": {"type": "LineString", "coordinates": [[93.14506521374182, 25.79363426425284], [93.14499699298422, 25.79367725592031]]}, "properties": {"OBJECTID": 44884, "Name": "NH 27", "Road_Type": "National Highway", "Class_Code": 1, "Lane": " ", "Oneway": " ", "T_Elevatio": 0, "F_Elevatio": 0, "SL": 90, "Remarks": " ", "Bridge_Fly": " ", "Shape_Leng": 9.26967473155, "ID": 45021, "Type": " ", "NSEW_Corr": "EW", "Shape_Length": 9.269674731547878}, "id": 44884}, {"type": "Feature", "geometry": {"type": "LineString", "coordinates": [[93.14506515265639, 25.7937739834754], [93.14517330352838, 25.793684219802216], [93.1456124144123, 25.793298312555766]]}, "properties": {"OBJECTID": 44886, "Name": "NH 27", "Road_Type": "National Highway", "Class_Code": 1, "Lane": " ", "Oneway": " ", "T_Elevatio": 0, "F_Elevatio": 0, "SL": 90, "Remarks": " ", "Bridge_Fly": " ", "Shape_Leng": 84.6909087079, "ID": 45023, "Type": " ", "NSEW_Corr": "EW", "Shape_Length": 84.69090870791489}, "id": 44886}, {"type": "Feature", "geometry": {"type": "LineString", "coordinates": [[93.80071885067356, 25.796192898884335], [93.80155740463512, 25.796666046079107]]}, "properties": {"OBJECTID": 44897, "Name": "NH 29", "Road_Type": "National Highway", "Class_Code": 1, "Lane": " ", "Oneway": " ", "T_Elevatio": 0, "F_Elevatio": 0, "SL": 90, "Remarks": " ", "Bridge_Fly": "Patkai Bridge", "Shape_Leng": 110.163615532, "ID": 45034, "Type": "", "NSEW_Corr": "", "Shape_Length": 110.16361553153439}, "id": 44897}, {"type": "Feature", "geometry": {"type": "LineString", "coordinates": [[93.80155740463512, 25.796666046079107], [93.80217068178462, 25.79649683274215], [93.8022984671338, 25.7964638064427], [93.80240080321097, 25.796449854741223], [93.8025039675348, 25.796462660381255], [93.80263305723777, 25.796494192838484], [93.80320111678914, 25.796643856844874], [93.80335606988747, 25.796680545307854], [93.80343363402235, 25.79668892844454], [93.80353761491483, 25.796676866109514], [93.80442378138302, 25.796464493109024], [93.80457285231286, 25.79641728863277], [93.80465214839963, 25.796359063498187], [93.80471940526495, 25.796284790216482], [93.80517122820845, 25.795740112130897], [93.80523962323923, 25.795637457677007], [93.80529429021583, 25.79552888352262], [93.80552320879801, 25.795045088738707], [93.80575476213889, 25.79456192123244], [93.80580339962334, 25.794451599876624], [93.80582497266487, 25.794360819235276], [93.80581543075994, 25.79421791642109], [93.80573680930794, 25.793640479175984], [93.80570149024592, 25.79347622764225], [93.80560193714952, 25.793309938474085], [93.80523689864897, 25.79278234030997], [93.80514579241117, 25.79266606519082], [93.80499029583213, 25.792535738310537], [93.80456324303424, 25.79220688335164], [93.80448102832112, 25.792146585560495], [93.80439319015434, 25.79209981451226], [93.80421681043987, 25.792080333175424], [93.80358622634809, 25.792076094128007], [93.80348614863554, 25.79208927715253], [93.80339417103194, 25.79212991004119], [93.80328470502633, 25.792196719677815], [93.8025891080608, 25.792641362203206], [93.80245798457204, 25.792717524744162], [93.80239087952201, 25.792736728551127], [93.80229858211817, 25.79271901297259], [93.80220441891345, 25.79267985719126], [93.80182353682625, 25.79250745626184], [93.80173707937003, 25.792461388221884], [93.80169325685553, 25.79241814052583], [93.80168774299631, 25.79233723485809], [93.80170891089769, 25.792245229657354], [93.80189555835584, 25.79156425533442], [93.80197696907676, 25.791309403168277], [93.80234294631678, 25.790348741266893], [93.80235581917479, 25.790258942646997], [93.80232687186309, 25.790174065733222], [93.80204963110515, 25.78971344583117], [93.80196987867424, 25.789594955522055], [93.8019196709347, 25.78955411227474], [93.80182697018725, 25.78954194002019], [93.80172217721778, 25.789551244932028], [93.8007603869757, 25.789669435204978], [93.80065433187323, 25.78967979483484], [93.80055190057466, 25.789675753058656], [93.80045854136212, 25.789640043551845], [93.80005477559136, 25.78940659892747], [93.79996839898355, 25.789352741336106], [93.79989948831977, 25.789289442902987], [93.79987437322106, 25.789228194854648], [93.79985931835523, 25.789136483278366], [93.79981227268547, 25.78868548786447], [93.7998028053407, 25.78854529270475], [93.79981357164938, 25.788479853626974], [93.79986410008749, 25.788402618256388], [93.79993257237338, 25.78833074793589], [93.80034540124701, 25.787923362792608], [93.80078036640595, 25.787500210041564], [93.80089393411909, 25.787399538239335], [93.80108894668918, 25.787275672381664], [93.80162331762077, 25.786960329385405], [93.80179056057047, 25.786845951804313], [93.80185309319572, 25.786770326619454], [93.80231097707244, 25.786062019230652], [93.80238452753463, 25.78593699610638], [93.80240086339808, 25.78587439551955], [93.80237521649671, 25.78579062846858], [93.8023261568041, 25.785706721424344], [93.80208725883747, 25.78532730851736], [93.80203123540475, 25.78524743821934], [93.80195950762428, 25.78518699210131], [93.80176099701444, 25.785134491497736], [93.8008991668056, 25.784969969342068], [93.80074753657554, 25.78493479955416], [93.80068490333899, 25.784903742875613], [93.80063131074745, 25.784830125694313], [93.80044752711845, 25.784371604292048], [93.80041901638793, 25.784281853723005], [93.80041867682476, 25.784219865391858], [93.80047160017143, 25.784150854347708], [93.80142787026608, 25.783445089002882], [93.8015477351694, 25.783349203967774], [93.80168497618526, 25.783176848521443], [93.80204895557206, 25.782653845865344], [93.80208830447646, 25.78257227105564], [93.80209204326465, 25.782530103664637], [93.80206728120385, 25.782442975740945], [93.80183982238403, 25.781956253567873], [93.8017461873887, 25.781786680311868], [93.8016393004463, 25.78168498687872], [93.80120600705214, 25.78133858920139], [93.80113768747987, 25.78127028426651], [93.80109599037932, 25.78118676634014], [93.80107248955316, 25.781093453396398], [93.80101490484851, 25.780806960408682], [93.80085532452817, 25.780044482987375], [93.8008515704686, 25.779953747131266], [93.80086549345718, 25.779913207139487], [93.80092430346389, 25.77984160346751], [93.80161811457866, 25.77922094563222], [93.80173353102467, 25.779123625407408], [93.801905237703, 25.77900745095289], [93.80243037125854, 25.778669587606057], [93.80250788688441, 25.778605556255723], [93.80261455194294, 25.77844294622252], [93.80300696390681, 25.777735510467448], [93.80304105407353, 25.777647325805013], [93.80304496982984, 25.777456931162078], [93.80298620384059, 25.776537969852754], [93.8029912945933, 25.776348133210103], [93.80306596794964, 25.776197206730785], [93.80341920258732, 25.77562829205997], [93.80351692222224, 25.77548514259757], [93.80362193707556, 25.775377687359597], [93.80395765097198, 25.775069083561444], [93.80411480673936, 25.774908483753872], [93.8041635969374, 25.774824372439202], [93.80437361406766, 25.774355748276967], [93.80449658175196, 25.7741174441591], [93.80494645624961, 25.7733357329791], [93.80503995200608, 25.773193578189897], [93.80514857449361, 25.77308959209684], [93.80569328233916, 25.772628751337606], [93.80583773503014, 25.772531254206527], [93.80598854689498, 25.772506182994256], [93.80654650938254, 25.77248180909829], [93.8066514712353, 25.772474406325287], [93.80675007840573, 25.772453683250248], [93.80683461077226, 25.772403591751978], [93.8075301197029, 25.771814899988616], [93.8076387520719, 25.771711654506586], [93.80775047374715, 25.77154976956474], [93.80795835648028, 25.7712150359059], [93.80804406653819, 25.77109432025537], [93.80812846415746, 25.771001423273052], [93.80853182838128, 25.770583716012922], [93.80868285135021, 25.770415810781795], [93.80919392806817, 25.769772559091784], [93.8092668748625, 25.76971061414493], [93.80933506777237, 25.769685414518435], [93.80948790982976, 25.769658923759177], [93.80990439125333, 25.769600437131654], [93.81008595514531, 25.769583720420677], [93.81019119008589, 25.76959256092704], [93.81090105768803, 25.76970589052996], [93.81113828658488, 25.76972650810889], [93.81198311617699, 25.76978458533235], [93.81227371218824, 25.769802091575656], [93.81309413365578, 25.76984101059881], [93.81325127954169, 25.769852415539088], [93.81332538516271, 25.769868619321677], [93.81341372009786, 25.769914290031043], [93.81349693822918, 25.769971982899524], [93.81390772074059, 25.770272553100718], [93.81411817714707, 25.77041477125293], [93.8142626765504, 25.770476232876256], [93.81478443962696, 25.77066679323371], [93.8149323355604, 25.770723513354703], [93.81510029985729, 25.770797720938756], [93.81569590894182, 25.771071940983052], [93.81586613519657, 25.77113489885495], [93.81597017807275, 25.77114388162397], [93.8167736905517, 25.77112427469114], [93.81687054780393, 25.771107371323385], [93.8169088313064, 25.771085086702726], [93.81696526796412, 25.77101307160113], [93.81752989595113, 25.769955537247505], [93.81763491888931, 25.76979319688352], [93.8177130058437, 25.76973247026614], [93.81824694558395, 25.769419992149686], [93.81840757244159, 25.76933661635176], [93.81852812186115, 25.769286155452104], [93.81925727090253, 25.768993056933862], [93.8194496379341, 25.768911632100977], [93.81960473116962, 25.768822081789782], [93.82035653841743, 25.768339228939503], [93.82064357440517, 25.768166311284272], [93.82211190577138, 25.767328835866188], [93.82398907120317, 25.766280138561637], [93.82430900349664, 25.76610458298954], [93.82524358376878, 25.7656038133851], [93.82545039840508, 25.76549627072627], [93.8264994357225, 25.76497974391666], [93.82661510190016, 25.764921026842792], [93.82679557074582, 25.764816694526324], [93.82800051337577, 25.76408936233506], [93.82813684799149, 25.764012509930176], [93.82828130158074, 25.76394855642672], [93.82906471156024, 25.763628431615565], [93.82938658690969, 25.763509990491464], [93.83058744490003, 25.763110994619442], [93.83071069196036, 25.763066452305104], [93.83082392999187, 25.76300703690761], [93.83092911372846, 25.762935473193654], [93.83155311766077, 25.762494701347386], [93.83165891764169, 25.762423714969444], [93.83184294291753, 25.762324640752006], [93.83262042042288, 25.76193752473356], [93.83276406373176, 25.761871921308927], [93.83291461778013, 25.761822470951085], [93.83390892523889, 25.76153347036038], [93.83410842489383, 25.76146624298351], [93.83424207714008, 25.761389737573936], [93.83465225688198, 25.761123613020757], [93.83479577622336, 25.76101896912428], [93.83486331066808, 25.76094549164986], [93.83528901239976, 25.76038957067732], [93.8354189537056, 25.760238328603574], [93.83550051893678, 25.760178211160657], [93.83638683542365, 25.759641386538835], [93.83649924520842, 25.759576929881398], [93.83671383925507, 25.75948319056757], [93.83761192816371, 25.75912488360735], [93.83780198383006, 25.75904091239951], [93.83861543526929, 25.75859920782035], [93.83943264975125, 25.758143845550805], [93.83971193956634, 25.758004882094255], [93.84037520706312, 25.757702771936522], [93.84051865453927, 25.75764075353945], [93.84069316216467, 25.757578519900203], [93.84177358751644, 25.757213579358044], [93.84209903816074, 25.757099191710942], [93.84299666623366, 25.756769797584504], [93.84390501569952, 25.756440773097115], [93.84407904631951, 25.756389232274213], [93.84418249271437, 25.75638053398952], [93.84489379941756, 25.756383855211674], [93.84499605913794, 25.75639559154436], [93.8451662844944, 25.756461984407856], [93.84583215890213, 25.75678075232244], [93.84599272197937, 25.756864734028273], [93.84680980890055, 25.75730635444451], [93.8470183716584, 25.757409133492253], [93.84716809207016, 25.757460356720895], [93.84797565774764, 25.75771633013842], [93.84812809735979, 25.75776097882845], [93.84825851746768, 25.757789393755402], [93.8489947290638, 25.757929729624756], [93.84930674180977, 25.758000216265522], [93.84994938398762, 25.75816921671998], [93.85007841440178, 25.758200156610343], [93.85029083722038, 25.758220353051872], [93.85099053319853, 25.7582379588963], [93.85216005525682, 25.75827380730329], [93.85250670704012, 25.758274416521427], [93.85352396735271, 25.758241098029163], [93.85370988537886, 25.758244593955116], [93.85381085781341, 25.758265071940123], [93.85445913961462, 25.758450809716045], [93.85458741544394, 25.758472190568927], [93.85472001666132, 25.758477887112928], [93.85578549135184, 25.758498262307942], [93.85613280160024, 25.758509690182446], [93.85717859150792, 25.75855931829349], [93.85731209373556, 25.75856965879542], [93.85749404120814, 25.758599397947663], [93.85829718717443, 25.758749668011177], [93.85845171357298, 25.758781782492598], [93.85863033278743, 25.758831954981158], [93.86035610514439, 25.759350442161843], [93.86045477789183, 25.759386988440536], [93.86062055389266, 25.759466319521998], [93.86165309095497, 25.75998437513981]]}, "properties": {"OBJECTID": 44898, "Name": "NH 29", "Road_Type": "National Highway", "Class_Code": 1, "Lane": " ", "Oneway": " ", "T_Elevatio": 0, "F_Elevatio": 0, "SL": 90, "Remarks": " ", "Bridge_Fly": " ", "Shape_Leng": 11646.7839692, "ID": 45035, "Type": "", "NSEW_Corr": "", "Shape_Length": 11646.783969194124}, "id": 44898}, {"type": "Feature", "geometry": {"type": "LineString", "coordinates": [[93.79313941338019, 25.804447769076262], [93.79352196094395, 25.80401839218507], [93.79358563712454, 25.803942832140162], [93.79363440037311, 25.803862657355324], [93.79365033738455, 25.803773237759774], [93.79364692917636, 25.80334720421198], [93.79363516214444, 25.803183013844816], [93.79359204301083, 25.803044493765604], [93.7933961941092, 25.802542396042426], [93.79334120194245, 25.80235858338058], [93.79335735814286, 25.802193702584304], [93.79348892989094, 25.801505792873296], [93.79351761399626, 25.801414841324604], [93.7935661877003, 25.801332761006048], [93.79383204051537, 25.800980113988338], [93.79396461208839, 25.80083610386793], [93.79411989756335, 25.80074236560973], [93.7947415056888, 25.80040225839153], [93.79502161566577, 25.800260580056875], [93.79580441029928, 25.799899030944104], [93.79601224901499, 25.799793400577677], [93.79613175638883, 25.79969853891904], [93.79670238422361, 25.799190668538003], [93.797348350168, 25.798645855798394], [93.79746320337033, 25.798544593345], [93.79755144937225, 25.798454810638308], [93.79799686103959, 25.79797645797122], [93.79810140876899, 25.797867314957237], [93.79857344560303, 25.797406031813647], [93.79874299003647, 25.797253053544065], [93.79884748296864, 25.797180756694903], [93.79948947925779, 25.796762082104614], [93.79966498760643, 25.796656543571395], [93.79978319871132, 25.796601531890143], [93.80071885067356, 25.796192898884335]]}, "properties": {"OBJECTID": 44922, "Name": "NH 29", "Road_Type": "National Highway", "Class_Code": 1, "Lane": " ", "Oneway": " ", "T_Elevatio": 0, "F_Elevatio": 0, "SL": 90, "Remarks": " ", "Bridge_Fly": " ", "Shape_Leng": 1445.26063107, "ID": 45059, "Type": "", "NSEW_Corr": "", "Shape_Length": 1445.2606310716308}, "id": 44922}, {"type": "Feature", "geometry": {"type": "LineString", "coordinates": [[93.1103081476393, 25.81645894404182], [93.10988181349367, 25.815978222709393], [93.10981042976796, 25.815878632824656], [93.1097503010344, 25.815770955423144], [93.10926442026353, 25.814855428718833], [93.10924457917383, 25.81476975751548], [93.1092641426841, 25.814708730462357], [93.10931425430391, 25.81462867132465], [93.10952966132591, 25.814329074786535], [93.1096416093766, 25.814203047992155], [93.10977978643696, 25.81413756889885], [93.11025711794129, 25.813974202159553], [93.1103555903644, 25.813937656525457], [93.1104441211323, 25.813890519660077], [93.11055163420043, 25.813761657180454], [93.11090257004933, 25.81323086924844], [93.11097509822875, 25.813105539985703], [93.11103790573848, 25.812900859498505], [93.11118508032472, 25.812321955753465], [93.11121712233258, 25.8122076196265], [93.11125617030139, 25.81212380325427], [93.11132375056019, 25.81205617675412], [93.11142499608259, 25.811981206516766], [93.11186022624447, 25.81167170895522], [93.11200837190957, 25.811573481328907], [93.11209986082969, 25.811527590524914], [93.11283347988793, 25.81120565568821], [93.11347456259044, 25.810916524718387], [93.11375272322323, 25.81077503929412], [93.11429815421259, 25.810471812465533], [93.11444824562861, 25.810374511422353], [93.11497409244647, 25.81001533193325], [93.11508155161569, 25.80994665372527], [93.11521810092874, 25.80987389072004], [93.11575045154927, 25.80960714710473], [93.11589136128475, 25.809541637975023], [93.11598900546117, 25.8095059255572], [93.11693396486812, 25.80920106027405], [93.11710968342253, 25.809147534350828], [93.11810815726756, 25.80887647544352], [93.11841665580414, 25.808799419956834], [93.11890780609245, 25.808691089960206], [93.11918938750986, 25.808623142868225], [93.12009604005812, 25.808371901891768], [93.12095752172063, 25.808117353548074], [93.12110717565709, 25.80806756178141], [93.12120188144422, 25.80802526274169], [93.12201240886719, 25.807617893523037], [93.12228462894102, 25.80746568135248], [93.12326735262418, 25.806873904480337], [93.12351314965221, 25.806729048318214], [93.12407188379262, 25.806411590490782], [93.12433411010892, 25.806250097432073], [93.12511824862212, 25.805714404048466], [93.12530237361095, 25.805577706575452], [93.12540981481386, 25.80547158066494], [93.12609047638948, 25.80476449702259], [93.12617531148827, 25.80467239875787], [93.12624727552567, 25.804572765401396], [93.12654856328545, 25.8040399718643], [93.12666873900585, 25.803801251852466], [93.12693965472586, 25.803181869465835], [93.1269982311706, 25.803074506449686], [93.12726292515894, 25.802654062101382], [93.127317935292, 25.802572213944313], [93.12738371981858, 25.802502442840428], [93.12744853865621, 25.802468854513354], [93.12759677415283, 25.80242250242839], [93.1281280333203, 25.80227389709961], [93.12825490598112, 25.802241170840382], [93.1284103387798, 25.802216079219455], [93.1290123429708, 25.802146311949702], [93.12911103098959, 25.802121718502175], [93.12919930843259, 25.802072850241665], [93.12930288328653, 25.801997742668657], [93.12977456169277, 25.801642681058052], [93.12996358609318, 25.801510165837648], [93.13012796790866, 25.80143094697927], [93.13058584190394, 25.801233393350646], [93.13068623312853, 25.801207058449357], [93.13084592483995, 25.80120006832027], [93.13146547223016, 25.801204780975915], [93.13218185531305, 25.801216067247573], [93.13247378352587, 25.80121774947214], [93.13340295593999, 25.801212367970958], [93.13353558141192, 25.801210177843895], [93.1337221192756, 25.80119473938783], [93.13446967839043, 25.801104820390226], [93.13460226253984, 25.80108696452881], [93.13470270227344, 25.801061325131037], [93.13479055750824, 25.8010114382004], [93.1353210486161, 25.80060537043676], [93.13539453529792, 25.800537049101973], [93.13545213257899, 25.800457713130687], [93.13587296095025, 25.799734323038294], [93.13629530298279, 25.799018600587864], [93.13635946335532, 25.798914577286506], [93.13643445651188, 25.79881598241321], [93.13694288319974, 25.79825487989136], [93.13706840120113, 25.798130955818976], [93.13715317611282, 25.79807406278339], [93.13778707947958, 25.797716972306798], [93.13794749882638, 25.7976313372381], [93.13816584513597, 25.797552425552503], [93.1387341490291, 25.797372779306848], [93.13900676885319, 25.797276209975553], [93.13985072707949, 25.796958429999584], [93.14003443974164, 25.79686327975987], [93.14073151713073, 25.796387283968432], [93.1408725670034, 25.796279418196878], [93.1409618927803, 25.796189632965678], [93.14137563524059, 25.795744588834268], [93.14148936465052, 25.79561358999016], [93.14187180800967, 25.7951611536622], [93.14197240225351, 25.7950523291512], [93.14211023705575, 25.794940558065036], [93.14247738390226, 25.79466379126651], [93.14264527184234, 25.794547831001054], [93.14278880915002, 25.794484018513263], [93.14325835765072, 25.79430396806585], [93.14353214887795, 25.794205943612507], [93.14418368976702, 25.793987426500195], [93.1444553906146, 25.79388526633025], [93.14506521374182, 25.79363426425284]]}, "properties": {"OBJECTID": 44978, "Name": "NH 27", "Road_Type": "National Highway", "Class_Code": 1, "Lane": " ", "Oneway": " ", "T_Elevatio": 0, "F_Elevatio": 0, "SL": 90, "Remarks": " ", "Bridge_Fly": " ", "Shape_Leng": 5271.96216812, "ID": 45115, "Type": " ", "NSEW_Corr": "EW", "Shape_Length": 5271.962168115976}, "id": 44978}, {"type": "Feature", "geometry": {"type": "LineString", "coordinates": [[93.05693250283838, 25.86670913640134], [93.05708060897761, 25.866104199664303], [93.05710639421953, 25.86598759723917], [93.05711910987239, 25.865869425749718], [93.05712273367624, 25.86517602248491], [93.05713146170754, 25.865009173611547], [93.05715182112512, 25.8648906487132], [93.05731307590516, 25.864086541883104], [93.05733977563202, 25.863994337807398], [93.05742994852025, 25.86382134473502], [93.05772824848339, 25.863310973602626], [93.0578316275046, 25.86314288210459], [93.05833257122616, 25.862349258924308], [93.05842184130752, 25.862176928712284], [93.05845757539119, 25.86206312252341], [93.05866026316708, 25.8613506449033], [93.05872646630857, 25.861094909044226], [93.0588391788256, 25.86059976284461], [93.05890198813192, 25.860342027908615], [93.0590739005245, 25.85969110723224], [93.05912125521468, 25.85955321185126], [93.05934652843344, 25.858983568988705], [93.05939042910134, 25.85889635583685], [93.05949799696675, 25.858760503893283], [93.05989818923929, 25.858310457495175], [93.05997131300175, 25.858242254338744], [93.0600570688737, 25.858187348873567], [93.06065685871755, 25.857873997356155], [93.06082238139349, 25.85780059447821], [93.06092528700253, 25.85778002213387], [93.06148384956477, 25.85772028964203], [93.06166943880751, 25.857707594907307], [93.06177337747913, 25.857719661534034], [93.06190186081926, 25.857749313564334], [93.06264577007911, 25.857936306059383], [93.06274442126696, 25.857969468804235], [93.06290276999705, 25.858058503905454], [93.06349530684331, 25.858436248163308], [93.06367254894042, 25.858579943285076], [93.06405873198612, 25.858940069125325], [93.06420972261569, 25.859073218493094], [93.06435749637825, 25.859174717765608], [93.06489780158064, 25.859524862547048], [93.06505257771082, 25.859615184198834], [93.06515049856836, 25.859645531753937], [93.06525399347225, 25.859663546114543], [93.06596132692694, 25.85976762840462], [93.06614391759328, 25.85978311742464], [93.0662483584232, 25.859768682508452], [93.06741722650793, 25.859491388210124], [93.06751996592867, 25.859463644355653], [93.06771832112993, 25.859393991658845], [93.06867754308861, 25.859036275326254], [93.0694532589977, 25.858737626247986], [93.06964512476937, 25.858659358330918], [93.06976091760946, 25.858600270554145], [93.0703992101447, 25.858251300832382], [93.07055370779717, 25.85815838730356], [93.07070395013012, 25.85802779217478], [93.0711207639304, 25.857635424700085], [93.07124729253646, 25.857511465771037], [93.07182274522262, 25.8569344010228], [93.07191429343155, 25.856845720762962], [93.0720519054516, 25.856730561059187], [93.07279921932637, 25.856140245468136], [93.07300859416122, 25.855991602473765], [93.07359164749299, 25.855663635106716], [93.07372853547092, 25.85559187754762], [93.07438372531666, 25.855285436565417], [93.07522148247251, 25.85491179858761], [93.0754591353742, 25.85480144291314], [93.07590756807583, 25.85458505537228], [93.07606985322349, 25.85450129406801], [93.07619800957687, 25.854417278867313], [93.07690822752194, 25.85391909825206], [93.0776365267571, 25.853392105588778], [93.07774201142934, 25.853318529354546], [93.0778981206594, 25.85322692075931], [93.07871839390492, 25.852778085312806], [93.07890704909771, 25.852693170743937], [93.07906386260697, 25.852663033207715], [93.07996738272983, 25.85252783457354], [93.08015339957068, 25.852509344588068], [93.08036461146028, 25.85251751924447], [93.08105185050042, 25.852558438597455], [93.08129038734431, 25.852556694854634], [93.08198396399877, 25.852473130982737], [93.08216881213143, 25.85244395620902], [93.08231768183862, 25.852398521834278], [93.08310192904797, 25.852122456015323], [93.08399450319911, 25.851799916940948], [93.08416432880524, 25.851734326873828], [93.08471238107863, 25.851511621590166], [93.08497938553388, 25.85140842695152], [93.08566933838448, 25.851152490115954], [93.0858434004455, 25.85109297659163], [93.08599842720567, 25.8510565305356], [93.08667686185771, 25.850916975901963], [93.08678150391019, 25.85089811379028], [93.08699214716623, 25.850888939003244], [93.08754781805152, 25.85090386409922], [93.08784068230888, 25.850921095622166], [93.08864359291655, 25.850990244004944], [93.08880387841441, 25.851005860288705], [93.08901284900736, 25.851039128455433], [93.09105288349174, 25.851406736547414], [93.09206824835907, 25.85158825072581], [93.09217261822204, 25.851599140112487], [93.09238595552559, 25.85158453442933], [93.09284086148713, 25.851535389085264], [93.09302020025214, 25.851499738649252], [93.09310662986057, 25.8514488624455], [93.09320709384869, 25.851370245316605], [93.09380391745547, 25.8508867037149], [93.0938764644995, 25.85081735316581], [93.09397507256826, 25.85067511670752], [93.09460785214257, 25.849638309999378], [93.09466977391342, 25.84956253977142], [93.09481700689017, 25.849466427724053], [93.09549893419204, 25.849098908187354], [93.0956155175496, 25.849043749478223], [93.09611570219477, 25.84883256096642], [93.09642921243227, 25.848706077759644], [93.09730942127354, 25.848368719559993], [93.09759969928119, 25.84825325490246], [93.09822186615877, 25.847996548877287], [93.09846582972528, 25.84790092062305], [93.09898778324474, 25.847706092175738], [93.09911326351687, 25.847663465325688], [93.09929244148343, 25.847626519402272], [93.09996630550731, 25.847521994714306], [93.10014794665437, 25.847497941839716], [93.1002522419572, 25.847495419489043], [93.10101176303833, 25.847532381622308], [93.10167308927579, 25.847540352894512], [93.10180479127956, 25.84753828650796], [93.10193361058965, 25.847518889474866], [93.10248853048334, 25.847363124546362], [93.10258044789985, 25.847322848536333], [93.10270730079775, 25.847204506400736], [93.10318967454577, 25.846657549828002], [93.10324102314574, 25.84657702156725], [93.10326956531725, 25.84641399953171], [93.10331245448215, 25.84573726250214], [93.10330786588769, 25.845642140941536], [93.10328192523724, 25.84554993218235], [93.10289389795027, 25.84459705508155], [93.10278081981893, 25.844303118472137], [93.10259238022176, 25.84376355488802], [93.10256585117482, 25.843672685110775], [93.10253501290941, 25.84348363674976], [93.10241274411442, 25.842556603031678], [93.10236810143806, 25.842272177987425], [93.1022695391834, 25.841752591698818], [93.10223173717793, 25.841588477217474], [93.10219322999495, 25.841472873349314], [93.10195381280207, 25.84080595628623], [93.10188350076645, 25.84062539170906], [93.10161366661805, 25.839951152968236], [93.10154170707219, 25.839747236838043], [93.1015244154013, 25.839606027606365], [93.1014844071335, 25.838939650611096], [93.10149340196443, 25.83884759751996], [93.10153073235438, 25.838761429468374], [93.101594009683, 25.838657215498333], [93.10192428068709, 25.838139004778686], [93.10197421803375, 25.838055552805532], [93.10200991348987, 25.837969510304774], [93.10200728501935, 25.83780820258031], [93.10192384410587, 25.837172374953578], [93.10188352142771, 25.836987442070438], [93.10183833527059, 25.836875784935636], [93.1014721648928, 25.83603213268635], [93.1013870773674, 25.83585807106946], [93.10131887367778, 25.83575550231822], [93.10103209820143, 25.835351674441096], [93.10096831781624, 25.835276106896604], [93.10081112072636, 25.83515039912878], [93.10029608513295, 25.834776634477276], [93.10004033117829, 25.83460779737627], [93.09933434339986, 25.834186772051186], [93.09909753671118, 25.834034791312863], [93.09853251705873, 25.833641502548303], [93.0984129674641, 25.833548818716178], [93.0982956546745, 25.833418809287597], [93.09800996705796, 25.83307039350237], [93.09793380788818, 25.832971814121645], [93.09784115654809, 25.832827740211435], [93.09752487051632, 25.832303413159085], [93.09744493932067, 25.832182814697706], [93.09739456269783, 25.832136263209176], [93.09730188620495, 25.83210553342749], [93.09626264591397, 25.83198516439317], [93.09607616554248, 25.8319686747881], [93.09543641234657, 25.83192755345152], [93.09530386772305, 25.831916510246135], [93.09520104206405, 25.83189658428414], [93.09505435077139, 25.831839950031064], [93.09396851756162, 25.831366725818228], [93.09384873620162, 25.83131278218705], [93.09368675917612, 25.831228516034493], [93.09309287845021, 25.83090286606252], [93.09291502370203, 25.830797171975636], [93.09278046325902, 25.83068309625529], [93.09216893872262, 25.83011947317786], [93.09210251549388, 25.83004644684648], [93.0920158181875, 25.8298972220442], [93.09162637515563, 25.829123606216484], [93.09158522872234, 25.82903439974839], [93.09154121307006, 25.82884708260317], [93.09144317543154, 25.828078956628236], [93.09143341882923, 25.827935204236773], [93.09146066113854, 25.827748383437836], [93.09152857646896, 25.82739836532903], [93.09156073346118, 25.827259861438588], [93.09159553329698, 25.827171609312987], [93.09187313966923, 25.826637567892128], [93.09197617643231, 25.826473848063145], [93.092041174933, 25.826398430908178], [93.09242869916343, 25.825972459327843], [93.09253445782181, 25.825865695112306], [93.09261463246094, 25.825802632886223], [93.09347964360424, 25.825196076702966], [93.09360756549731, 25.825108981760785], [93.0937620721329, 25.82501400695417], [93.09465244092003, 25.824480476540497], [93.09483491480538, 25.824381104043034], [93.09500683977434, 25.824314051373484], [93.0956028099816, 25.824095166077274], [93.09585332675815, 25.824014703321797], [93.09635902795745, 25.823875729714942], [93.09658729166777, 25.823815914605362], [93.09732461447994, 25.82362992664175], [93.09745216986039, 25.82360010837994], [93.0976619534287, 25.823575220200855], [93.09885697865789, 25.82350039148446], [93.0989619971045, 25.823502765562438], [93.09916649857892, 25.82355026328475], [93.09980129487107, 25.823731783005215], [93.09995236724734, 25.82377815181917], [93.100218059264, 25.823882964322642], [93.1006022911689, 25.824040824532634], [93.1007969938202, 25.82411192927923], [93.10095436428492, 25.82414086764956], [93.1018863475276, 25.824267336686724], [93.1019906661866, 25.824267977101435], [93.10208894367531, 25.824242196363222], [93.10283502865474, 25.823936716465397], [93.10299412568145, 25.823857104257087], [93.10306797528263, 25.823789786876052], [93.10367614820473, 25.82308201366941], [93.10384463981269, 25.822865723363755], [93.10440654590438, 25.82208160613737], [93.1044847065206, 25.82195826493438], [93.1045143985357, 25.821869036085918], [93.10453406625051, 25.821751921856816], [93.1046127703475, 25.82118469426174], [93.1046347233764, 25.82099344932536], [93.10468937418337, 25.82044029878209], [93.10470147179527, 25.82034518276317], [93.10472804306309, 25.820256155665753], [93.10476925866661, 25.820199442258158], [93.1048766082414, 25.820096497670672], [93.10538112635948, 25.819642387954346], [93.10552568415329, 25.81950392755192], [93.10562501177259, 25.819391523724477], [93.10627336993058, 25.818630651386083], [93.10639755932368, 25.818511163010616], [93.1065896945899, 25.818438508772953], [93.10732606339123, 25.818226290411644], [93.10754890846376, 25.818151033775724], [93.10774270471494, 25.81802539111231], [93.10837029292527, 25.817574719112265], [93.10845492680144, 25.81751723620251], [93.10854461549772, 25.817474023527005], [93.10861882262839, 25.817463302433744], [93.10877599097219, 25.81746658636503], [93.10927932061915, 25.817493262946133], [93.10943496721684, 25.817487384055383], [93.10953341269052, 25.817457463974016], [93.11006290038021, 25.817228958402957], [93.11015568646762, 25.817185243448876], [93.11022927645568, 25.817129816755163], [93.11025969610616, 25.817049223116555], [93.11027075077403, 25.81695679638436], [93.1103081476393, 25.81645894404182]]}, "properties": {"OBJECTID": 45177, "Name": "NH 27", "Road_Type": "National Highway", "Class_Code": 1, "Lane": " ", "Oneway": " ", "T_Elevatio": 0, "F_Elevatio": 0, "SL": 90, "Remarks": " ", "Bridge_Fly": " ", "Shape_Leng": 12452.2323402, "ID": 45314, "Type": " ", "NSEW_Corr": "EW", "Shape_Length": 12452.232340208135}, "id": 45177}, {"type": "Feature", "geometry": {"type": "LineString", "coordinates": [[93.0178178655995, 25.88368871982065], [93.01886525899995, 25.883403031118355], [93.01914695629999, 25.883340560464504], [93.01981470908498, 25.883230344486517], [93.02049135339465, 25.883089809509414], [93.02067086283957, 25.88304532443142], [93.02081516281693, 25.882986517980715], [93.02147678370174, 25.88268295493419], [93.02173180373282, 25.882555096824575], [93.02216187846331, 25.882315797311612], [93.02234537552978, 25.882219302137326], [93.02249254203117, 25.882160230182834], [93.0231649283264, 25.881912129267686], [93.02334075018705, 25.881852118018653], [93.02354722256523, 25.88180477059905], [93.02471746237742, 25.881563479745914], [93.02492392038255, 25.881516056238564], [93.0250498354393, 25.88147842906602], [93.02602759233727, 25.881171006955345], [93.02622487854332, 25.881101245013667], [93.02638888845631, 25.881021876570713], [93.02678356417472, 25.880821848492978], [93.02698432057272, 25.880707543811102], [93.02749306346759, 25.88037543259036], [93.02774556641923, 25.88020344225966], [93.02826800233395, 25.879833109496136], [93.0284169034822, 25.879734219138307], [93.02897558731694, 25.87937612712889], [93.02925369944069, 25.879191756508913], [93.02985013677191, 25.878784383359374], [93.0299809215958, 25.878701378738743], [93.03014543007379, 25.878621166504363], [93.0307914085946, 25.878328006343384], [93.03088803497981, 25.878286952854626], [93.03109097069071, 25.87823131716716], [93.03213140933426, 25.878021398817236], [93.03244452161809, 25.877960164344493], [93.03343850568335, 25.877770924300926], [93.03429213068038, 25.877616737316497], [93.03460364575967, 25.87755607890914], [93.03569685323964, 25.87733142430593], [93.03600990264141, 25.87727543739131], [93.0369772570484, 25.877127786021997], [93.03716056726527, 25.87710190445938], [93.03734569118069, 25.877084224945165], [93.03824649569646, 25.877009138303595], [93.03837804408835, 25.876994142953773], [93.0386062979172, 25.87693555494888], [93.03943446376078, 25.876685593790924], [93.03958633563767, 25.876645078831633], [93.03977063939126, 25.876616138758248], [93.04149234058335, 25.87639401703334], [93.04167560857938, 25.876363817647572], [93.04182453577879, 25.876317442775562], [93.04270661401414, 25.876000884504766], [93.04333569163119, 25.87573866260265], [93.04357679316523, 25.8756339695994], [93.04449159702641, 25.875225772689966], [93.04463208006209, 25.875156437229133], [93.04471414475657, 25.87509741427874], [93.04510411779445, 25.874739340541943], [93.04519379840589, 25.874651904622155], [93.04526924431335, 25.874554463987316], [93.04533291330743, 25.874448858215672], [93.04568006724898, 25.87385126135893], [93.04573998128515, 25.873743751491688], [93.04581953069683, 25.873566959286737], [93.04623571028651, 25.87256130704049], [93.04629792221318, 25.87243036895275], [93.04641027360744, 25.872271889516444], [93.04667835424445, 25.871922292525216], [93.04680302603282, 25.871771421552918], [93.04695652386035, 25.87164013260425], [93.04747473499832, 25.87122885930864], [93.04764823920554, 25.8710817952789], [93.0477449383543, 25.870967987157968], [93.04829181742792, 25.87025846013575], [93.04835511002791, 25.870181750149506], [93.04850802934041, 25.87005063321704], [93.04927862036078, 25.869497727399256], [93.04936661124118, 25.86944601023106], [93.04956661934257, 25.869380363674633], [93.05051717076215, 25.86912017287919], [93.05064632604213, 25.869087772254908], [93.05082929400088, 25.86905408238598], [93.05195835593875, 25.868865797226547], [93.0521161513066, 25.868841257248036], [93.05232792284664, 25.86882118716305], [93.05354889681112, 25.86873039726592], [93.05368089795395, 25.868717062731335], [93.0538614799873, 25.868678208522454], [93.05473035029304, 25.868449709724064], [93.05482906975286, 25.868416126369166], [93.05498881626154, 25.868329829518764], [93.05590095571955, 25.867778868518506], [93.05616881626926, 25.86761856091647], [93.05631624328215, 25.86751709314446], [93.05645827860666, 25.86734582854577], [93.05693250283838, 25.86670913640134]]}, "properties": {"OBJECTID": 45271, "Name": "NH 27", "Road_Type": "National Highway", "Class_Code": 1, "Lane": " ", "Oneway": " ", "T_Elevatio": 0, "F_Elevatio": 0, "SL": 90, "Remarks": " ", "Bridge_Fly": " ", "Shape_Leng": 5052.65377895, "ID": 45408, "Type": " ", "NSEW_Corr": "EW", "Shape_Length": 5052.653778951399}, "id": 45271}, {"type": "Feature", "geometry": {"type": "LineString", "coordinates": [[93.68151567605035, 25.904059813910518], [93.68227169909177, 25.90368920528787], [93.6823945760462, 25.903643864963264], [93.68252230659816, 25.90361216147232], [93.68393970618268, 25.903291766164543], [93.68403179158415, 25.903254235628083], [93.68408677656438, 25.903207279007276], [93.68418009175946, 25.903091859052857], [93.68461676012411, 25.902515321619394], [93.684742336516, 25.902333838817448], [93.68501868255193, 25.901881244924898], [93.68516654704429, 25.90165763377341], [93.68576164139415, 25.900810624139382], [93.6858261548046, 25.90074784431364], [93.68586602293522, 25.90073369561591], [93.68596101618328, 25.90073995501489], [93.686655872937, 25.90090241078647], [93.68730461467561, 25.90102228297666], [93.687433833736, 25.90104834596191], [93.68817755075634, 25.9012265717622], [93.6882686021969, 25.90126246254563], [93.68830304540153, 25.901291104861752], [93.68834983325478, 25.9013697178626], [93.68854383791513, 25.901863801846503], [93.68858482624492, 25.90197674787482], [93.68862971775461, 25.902139164772237], [93.68887604658529, 25.90312015668911], [93.68893397085314, 25.903274506725218], [93.68900036803073, 25.90334483252074], [93.68968838321524, 25.903876979984023], [93.68977288863235, 25.90392411734365], [93.68981870989836, 25.903932659341624], [93.68991752188465, 25.903919553422778], [93.69058265518228, 25.903732577158607], [93.69074858659167, 25.903657723217943], [93.69201302733782, 25.90288290044704], [93.69219462087418, 25.902781121970833], [93.69231541553381, 25.902730427848162], [93.6931241966319, 25.90241458200406], [93.69334981660032, 25.9023415688198], [93.69432837749046, 25.90210036762014], [93.69450948234334, 25.902059955926628], [93.69466615032547, 25.90203418891941], [93.6960276136139, 25.901825774698345], [93.69613268955268, 25.901815012768367], [93.6962918979705, 25.90181614649627], [93.6976485534755, 25.901876494259998]]}, "properties": {"OBJECTID": 45337, "Name": "NH 29", "Road_Type": "National Highway", "Class_Code": 1, "Lane": " ", "Oneway": " ", "T_Elevatio": 0, "F_Elevatio": 0, "SL": 90, "Remarks": " ", "Bridge_Fly": " ", "Shape_Leng": 2268.94440724, "ID": 45474, "Type": "", "NSEW_Corr": "", "Shape_Length": 2268.9444072428946}, "id": 45337}, {"type": "Feature", "geometry": {"type": "LineString", "coordinates": [[92.95532843764371, 25.9491103982863], [92.95531000960396, 25.948152588819763], [92.95529390460757, 25.94786399889695], [92.95519268154304, 25.946633726304515], [92.95516445018858, 25.946321046605174], [92.95507126794416, 25.945386220702826], [92.95498703830988, 25.94448407992128], [92.954956241367, 25.944198256552014], [92.95475579488776, 25.94250317433992], [92.95446560401669, 25.939991944937216], [92.95444586174169, 25.939799754895553], [92.95431737121501, 25.93847631751782], [92.95429974896409, 25.93830789684168], [92.95400459759603, 25.935829352916343], [92.95389232794844, 25.934932372975517], [92.9538582539514, 25.934623611786], [92.95373524135132, 25.93335695230699], [92.95371569850235, 25.93319007620923], [92.95369308611001, 25.933072094796355], [92.95353259040638, 25.932343105641074], [92.95349517647314, 25.932131048999544], [92.95350181502309, 25.93198690051465], [92.95356513996241, 25.931408862761355], [92.95359721161469, 25.931245015849687], [92.95373123935677, 25.93069015242766], [92.95378717834781, 25.930509615385557], [92.95389693900081, 25.930348106839823], [92.9542891883696, 25.929836296084556], [92.95435178747017, 25.929760056229835], [92.95442536847509, 25.92969506690539], [92.95458770572503, 25.929615072724356], [92.95514341164463, 25.929375057540064], [92.95533916083325, 25.929299739992462], [92.95557232485346, 25.929262499685546], [92.95633282509827, 25.929169978929377], [92.95661960057461, 25.929143119119544], [92.95711347185997, 25.929105831905705], [92.95790658184788, 25.92903731983084], [92.95817247957874, 25.92901697156566], [92.9588922052928, 25.928970093065946], [92.96001556382694, 25.928888804155335], [92.96151184896813, 25.928773196861997], [92.96177614500283, 25.928750062140324], [92.9625107773607, 25.928680619169356], [92.96285177245267, 25.92863602363383], [92.96369071628303, 25.928499036060973], [92.96389829269066, 25.928455636136217], [92.96446738171137, 25.92832889808494], [92.96475099062633, 25.928259981611948], [92.96570295958742, 25.928016837115894], [92.96714845757575, 25.927657404289594], [92.96794887895177, 25.92745240994279], [92.96888629969683, 25.927217434881648], [92.96976379203268, 25.926991652464242], [92.97056241138824, 25.92679023758533], [92.97134222810661, 25.926575712498035], [92.97169239859087, 25.92646918055818], [92.97248868053009, 25.92619812322341], [92.97270893575964, 25.926115238399174], [92.97355364138426, 25.92577143444728], [92.97386148954054, 25.925633781057833], [92.97479301015083, 25.92518369628445], [92.97499873243572, 25.92507504958151], [92.97562865716411, 25.9247179216582], [92.97587046028238, 25.92457088710892], [92.97660311544833, 25.924098838167453], [92.97675162582941, 25.92399888613014], [92.97687394582839, 25.92390702777803], [92.97788459004889, 25.923131554352466], [92.97810788158411, 25.922962039620714], [92.97882509111706, 25.922430469495385], [92.97890152966292, 25.922365154571743], [92.97901337350905, 25.922232680910067], [92.97969151980185, 25.921347281097255], [92.97973786748064, 25.92126434842516], [92.97975737080378, 25.921173484941853], [92.97976610602159, 25.92105511499769], [92.97981530674969, 25.920150903765602], [92.97980303216964, 25.92005825547251], [92.97974729350291, 25.919923538773066], [92.97949947526547, 25.91941218044828], [92.9794144362491, 25.919262748543478], [92.97934747672616, 25.919191288982816], [92.97889458838071, 25.918794149332072], [92.97871688454953, 25.918652628983914], [92.9786076853436, 25.918583143705742], [92.97776766263657, 25.918066172305863], [92.97752769208147, 25.917916496305896], [92.97692639127129, 25.917535652275777], [92.97679847566643, 25.9174508076965], [92.97626847503868, 25.917089244354187], [92.97614330827858, 25.917000299813726], [92.97600474853587, 25.916887740645624], [92.97528312827488, 25.916281279426148], [92.97512884801473, 25.916148979106737], [92.9745400607365, 25.915605195545606], [92.97400766520019, 25.91510013449528], [92.97335927739779, 25.914463820261965], [92.97327068464614, 25.91437449641068], [92.97319237940115, 25.91427919660754], [92.97312665057014, 25.914176770261214], [92.97273422153827, 25.91353201235825], [92.97269287747564, 25.913446094305574], [92.97266933892026, 25.913354929070756], [92.9725579172823, 25.912626698686942], [92.97254339601572, 25.912509536203416], [92.97254702700609, 25.912416588601378], [92.97258974818607, 25.912278001727465], [92.97284895706129, 25.911588936885163], [92.97289248403008, 25.9115017674289], [92.9729525480849, 25.91142533633824], [92.97347169167415, 25.910887546643625], [92.97354504989688, 25.910819335065224], [92.9736841944428, 25.910708412687914], [92.97430998961582, 25.91022588079072], [92.9752720089283, 25.909500608644404], [92.97635488668081, 25.90867950330093], [92.97660555437432, 25.908504356843252], [92.97716128993831, 25.908147236904497], [92.97896401916901, 25.906969588501966], [92.9792734645299, 25.906778388598326], [92.98017696668646, 25.906259933594203], [92.98031372710363, 25.90618407766635], [92.98047682881987, 25.90610390996331], [92.9815099902113, 25.90561227030503], [92.98220893789282, 25.90527325244513], [92.98237009385818, 25.90519167407421], [92.98303235973339, 25.90484703822721], [92.98322648656462, 25.904765418350802], [92.98389126412935, 25.90450360456829], [92.98401506994182, 25.904456814904268], [92.98418996743608, 25.904402473127284], [92.98502077791986, 25.90416710547127], [92.98521996316443, 25.90410525750673], [92.98541211729528, 25.904019557227436], [92.98600573571312, 25.90373695280852], [92.98630726691634, 25.90358123936883], [92.98738030362489, 25.902996597809203], [92.98752070311727, 25.902929207511544], [92.98769796318072, 25.90287909687672], [92.98891138680527, 25.90259190797621], [92.98919751729125, 25.902532914902345], [92.98998512419973, 25.90239936685371], [92.9902975609505, 25.90233942743304], [92.99076097665275, 25.902236622237602], [92.99096469569459, 25.902185183647116], [92.99106317440592, 25.902151709278986], [92.991600524151, 25.901955588482384], [92.99174517986118, 25.90189864355667], [92.99188392196187, 25.901830569809373], [92.9926822673313, 25.901413306342533], [92.99293121385274, 25.901277820064273], [92.99349161706294, 25.90095792589151], [92.99374380380758, 25.900826243535036], [92.99458029703385, 25.900413256935725], [92.99620116952181, 25.899609470339634], [92.99629008656527, 25.899556365939397], [92.99639285203712, 25.899479103665083], [92.99697497920585, 25.89901291800761], [92.99711161206228, 25.898897415564996], [92.99723918001912, 25.898743316777146], [92.99766665412685, 25.898157930420926], [92.99775655662219, 25.898010941140555], [92.99823268168909, 25.897180128054995], [92.99838471885597, 25.896928349490807], [92.99868981367592, 25.896455456942665], [92.99880083376694, 25.896294133678442], [92.99893471059204, 25.89614778775879], [92.99938575469619, 25.895682437462845], [92.99956582199488, 25.895506925835992], [93.00095179581582, 25.8942098145271], [93.00119632082945, 25.89398886535739], [93.00198328364588, 25.893306284817157], [93.00215222441149, 25.89318946034049], [93.00284330824103, 25.892812274909723], [93.00295961761242, 25.892751595215483], [93.00308003408131, 25.8927028613639], [93.00372769963823, 25.892504940495307], [93.00382864153008, 25.892479603755508], [93.00403590442569, 25.892452262827597], [93.00460995843497, 25.892393468335598], [93.00490083112732, 25.89236894375135], [93.00607338769466, 25.892283583256326], [93.00628583207282, 25.892265294253498], [93.00763260610972, 25.89212270280761], [93.00797709115656, 25.8920836146643], [93.00920083552539, 25.89193341515284], [93.00940980611834, 25.891899920905686], [93.01045159492975, 25.891723090421387], [93.01065432492643, 25.891676177700635], [93.01074444391575, 25.891629344159345], [93.01159820635503, 25.891062244843162], [93.01174203471687, 25.89095837518967], [93.01180873193178, 25.890886565524347], [93.01188047318696, 25.89078731509941], [93.012354336296, 25.890100773060485], [93.01248755375767, 25.889894927095234], [93.01294375778483, 25.889138785113595], [93.01310180378265, 25.88888841661074], [93.0139353047207, 25.887624090393107], [93.01399390182671, 25.887543741173076], [93.01412913690451, 25.887395890900844], [93.01472188665147, 25.88677968501025], [93.01511605392342, 25.88634134676158], [93.01522307561311, 25.886208048706706], [93.01528688294775, 25.886101989459082], [93.01566081836286, 25.88543187646252], [93.01574675749114, 25.885281293489076], [93.0160631962365, 25.884774558980272], [93.01617766046829, 25.884612220018596], [93.01633117536383, 25.88448212530409], [93.01681697528633, 25.88411026877099], [93.01694317600733, 25.88402445133109], [93.01703644538834, 25.883981398728846], [93.0178178655995, 25.88368871982065]]}, "properties": {"OBJECTID": 45523, "Name": "NH 27", "Road_Type": "National Highway", "Class_Code": 1, "Lane": " ", "Oneway": " ", "T_Elevatio": 0, "F_Elevatio": 0, "SL": 90, "Remarks": "Verify", "Bridge_Fly": " ", "Shape_Leng": 13428.3272455, "ID": 45660, "Type": " ", "NSEW_Corr": "EW", "Shape_Length": 13428.327245487373}, "id": 45523}, {"type": "Feature", "geometry": {"type": "LineString", "coordinates": [[93.43678735034689, 25.97013074966388], [93.43800643156108, 25.96999358584686], [93.43813916662748, 25.969981769754778], [93.43832682738525, 25.96997737233657], [93.43905160881775, 25.969973055678874], [93.4393980054795, 25.96997979677175], [93.44013766840298, 25.970016903868565], [93.44026976566549, 25.97002081672146], [93.44045395353642, 25.97001595573864], [93.44121711369279, 25.969984230532162], [93.44137463327785, 25.969974517446996], [93.44150741685324, 25.969957973622897], [93.44230192372144, 25.969839930523673], [93.4424345572782, 25.969821924910686], [93.4426204178122, 25.969806435800972], [93.44328537503999, 25.969765149265797], [93.44363210228178, 25.969739651459438], [93.44462127047882, 25.969657305265866], [93.4448070393846, 25.96963856793115], [93.44639420438814, 25.96946337156713], [93.44671360128574, 25.96943682945512], [93.44735772927706, 25.969405896358463], [93.44754311550057, 25.969387489296487], [93.44830914307931, 25.969299097885795], [93.44849062342797, 25.969268148600673], [93.44858814004361, 25.969231306971974], [93.4497937312572, 25.968655202154082], [93.44998081978815, 25.968561520305958], [93.45070005861533, 25.968188665035726], [93.4509128030308, 25.968090801769392], [93.45101365329451, 25.968069305356096], [93.45158671197044, 25.9679995649459], [93.45171723179133, 25.967986911958892], [93.45187701333428, 25.967981567935027], [93.4525706627523, 25.967973331822243], [93.45267698914594, 25.96796947462706], [93.45288518179788, 25.967934870508554], [93.45376078407836, 25.9677290740403], [93.45396054334638, 25.967665679726483], [93.45405465444883, 25.967619225269083], [93.4546834643679, 25.967288992666283], [93.45477286919656, 25.967237349066593], [93.45484474070751, 25.967172900535967], [93.45489002208603, 25.967089371795726], [93.45509348241303, 25.966566833872363], [93.45516210022602, 25.966441347474337], [93.45530066446028, 25.966337277720623], [93.4558513919166, 25.96600453866187], [93.45594364530301, 25.965961495803217], [93.45604494562262, 25.965938201206693], [93.45617653174376, 25.96592076680176], [93.45699639176424, 25.965822017288307], [93.45797479724581, 25.965693893164133], [93.45828976005917, 25.965648592040516], [93.45906901353386, 25.965522819567152], [93.4599026447276, 25.965395833886856], [93.4601900220752, 25.96534703718936], [93.46123951663512, 25.965135533449043], [93.46134099302456, 25.965106770157984], [93.46150201514092, 25.965027218388695], [93.46219723122077, 25.96463565093725], [93.46307051135625, 25.964135626578816], [93.46318432341118, 25.964074905256208], [93.46338081820144, 25.964001006323254], [93.46400948169517, 25.96379513109298], [93.46413612169235, 25.96375728141924], [93.46429253095975, 25.963728213307355], [93.46484796918138, 25.96365510000019], [93.46505573333692, 25.963615340996004], [93.46522778766328, 25.963548805934614], [93.46593370447478, 25.963252425179448], [93.46607711781496, 25.963187275845875], [93.4662141225739, 25.96311390375336], [93.46698393834818, 25.96268724937059], [93.46751971514318, 25.962367098661375], [93.46760957002782, 25.96231606833761], [93.46770318975176, 25.962279334373537], [93.46788317440549, 25.96228086892658], [93.46838579079008, 25.962336613572], [93.4685945394992, 25.96236780778589], [93.46869351228393, 25.962400198941722], [93.46973332839498, 25.96282551769503], [93.47005015790747, 25.962950205140572], [93.47113555453602, 25.96335180520292], [93.47123587748867, 25.96338315987042], [93.47144256905577, 25.96342125599827], [93.4721989523216, 25.963539030936644], [93.47232909754503, 25.963556288819], [93.47243240829425, 25.963556064292092], [93.472585846833, 25.9635219022759], [93.47368122374438, 25.963217289045488], [93.47395419391144, 25.96312702893424], [93.47456485965843, 25.962904529823867], [93.47478122518282, 25.962817858695207], [93.47542636737211, 25.96249502126312], [93.47552169120016, 25.962463642129226], [93.4757037877931, 25.962467554425665], [93.47697805700678, 25.96261318076577], [93.4771634791629, 25.962627890625747], [93.47737273631842, 25.96259973407997], [93.47849299117327, 25.96237003288614], [93.4787019491898, 25.96233019752779], [93.47888490008056, 25.962306617916276], [93.47969743254326, 25.962213989855126], [93.47988140122524, 25.962196128453808], [93.48085941683802, 25.96213313337366], [93.4821960003863, 25.962059290565133], [93.48238231726447, 25.96204414692004], [93.4825374024151, 25.96201542487164], [93.48341166440918, 25.96182427228099], [93.48361778015615, 25.96179107572679], [93.48380180183877, 25.96180934748227], [93.48503995967631, 25.962009414255956], [93.48514355069995, 25.962012379180784], [93.4853175687435, 25.961961771917892], [93.48575965215272, 25.96178942163325], [93.48747974625876, 25.96112589967575], [93.48784829986698, 25.96098145553699], [93.48799582030463, 25.960929150918627], [93.48806983339922, 25.96091705446276], [93.48816898854194, 25.960933496176594], [93.48829330998738, 25.960974865770172], [93.48884065349, 25.961169481401992], [93.48896330047575, 25.961216486004073], [93.48910516422204, 25.96128363378768], [93.48980560041203, 25.961636331459285], [93.4900050111337, 25.961754718777513], [93.49066805315334, 25.962229523578074], [93.4908076989592, 25.962339231195156], [93.49090121537691, 25.962424670997148], [93.49189976378213, 25.96335874939589], [93.49206272715782, 25.963516979643053], [93.49214642139623, 25.963609578410697], [93.4930355073891, 25.964621344342362], [93.49311493103664, 25.964716722954986], [93.49323350865413, 25.964901713388073], [93.49353022848067, 25.965406119157855], [93.49366580401998, 25.965608627762627], [93.49400391192661, 25.96605812193095], [93.4940706953798, 25.96612333105506], [93.49411179869392, 25.966143798899502], [93.49420956863453, 25.966160235037172], [93.4951875204669, 25.966192814135], [93.49542533686194, 25.966203879509358], [93.49643843168654, 25.966298840101047], [93.49718235082783, 25.96638493686256], [93.49739318901828, 25.966396222702183], [93.49749584130244, 25.96637441019535], [93.4980017706738, 25.966207370097308], [93.49812901074561, 25.96616792370184], [93.49830778357197, 25.966127517017423], [93.49874513285963, 25.966044256476984], [93.49897311000738, 25.965991747354856], [93.49906830627468, 25.96595154332615], [93.49980690469454, 25.965575130219907], [93.49994043566825, 25.965498694632505], [93.50011463876479, 25.965352911143658], [93.50071575003042, 25.964812754065147], [93.50094053995554, 25.964608283939672], [93.50105532039434, 25.964512161398844], [93.50111856089204, 25.964479094826064], [93.50121689856786, 25.964469618733798], [93.50134854038456, 25.96448012538031], [93.50190657653398, 25.964537839635177], [93.5021189759964, 25.964555616686088], [93.50222657620112, 25.964558025080105], [93.50295395376477, 25.964555753985533], [93.50311527232516, 25.964553423125285], [93.50402158531027, 25.964515940365892], [93.50412722898433, 25.96450849792477], [93.50422860925403, 25.964487572669107], [93.50439354443176, 25.96441005897692], [93.50515872310257, 25.96400601212355], [93.50531546294995, 25.963914256852696], [93.50542925524195, 25.963815973283914], [93.50613297836755, 25.96313676277609], [93.5061977280349, 25.963062713837925], [93.50628214182386, 25.962914098922525], [93.50680170941789, 25.961859793278233], [93.50706244542909, 25.961318372319656], [93.50711826584252, 25.961212087450555], [93.50720309734805, 25.961092783691324], [93.5076556039095, 25.96053710299552], [93.50775692938197, 25.960398899826625], [93.50784898064745, 25.960229156038626], [93.5081252646996, 25.959692670562593], [93.50818389414493, 25.9595871563654], [93.50830000498867, 25.959429778589055], [93.50865616813421, 25.958988960259298], [93.50876905672102, 25.95885788792102], [93.50918568816327, 25.958428160208374], [93.50933723664663, 25.958297469281387], [93.5094251125427, 25.958243815440202], [93.50980772748007, 25.958025061234025], [93.5099689238696, 25.957942510573073], [93.51011854187342, 25.957896767889828], [93.51057901738976, 25.957782890872064], [93.51080381629804, 25.9577160157059], [93.51089301810742, 25.95766686851644], [93.51150732203133, 25.957251607101895], [93.5116151010008, 25.957182723705323], [93.51180060131033, 25.957091216730426], [93.51244160046953, 25.956803680956444], [93.51261020616352, 25.956735289185538], [93.51281392610363, 25.956686337857132], [93.51335550960866, 25.956574963534084], [93.51348357163894, 25.956545877494086], [93.51365765525954, 25.9564916065799], [93.51444475641652, 25.95621872023229], [93.51456623918567, 25.956173612540134], [93.51465860755646, 25.956128599331798], [93.51476799540858, 25.956061087564013], [93.51522049658013, 25.955766018239657], [93.51539713770435, 25.955660830873388], [93.51557011729543, 25.955595955187707], [93.51625276504616, 25.955371810270584], [93.51712536156369, 25.95507217000872], [93.51745420873807, 25.954971858165727], [93.51822418890407, 25.954764354948207], [93.51837501693859, 25.954719107772327], [93.51844162252532, 25.954686136988645], [93.51850967529799, 25.954618544430026], [93.51856768041421, 25.95453914872855], [93.51904499844377, 25.953846152676974], [93.51918026136937, 25.95367020585234], [93.51925803660836, 25.953606555187], [93.51981027503096, 25.953230067861192], [93.51998659904987, 25.953130220504164], [93.52008833145916, 25.953112268067024], [93.52062443973252, 25.95308965264485], [93.52081034967382, 25.953092616178935], [93.52091213598203, 25.953115090249145], [93.52153897589572, 25.95331250632309], [93.52166275565705, 25.953355321184777], [93.52180798089914, 25.95341808268589], [93.52231072843777, 25.95364954198582], [93.52245250953906, 25.953718307907778], [93.52264614050027, 25.953841186022665], [93.52319130918156, 25.954213771746677], [93.52343150251887, 25.954360258822767], [93.52404017670086, 25.954698083042885], [93.52415385400849, 25.95475840373279], [93.52424915897195, 25.95479661896301], [93.52435079076993, 25.954820280850345], [93.52497482434666, 25.954929445323888], [93.52523586398844, 25.95496077961953], [93.52599527278018, 25.955022369086155], [93.52680674073923, 25.955089905680957], [93.527122314407, 25.95512186429268], [93.5277842101763, 25.955204411278014], [93.52799474473618, 25.955235759231496], [93.52819928393986, 25.955290743930444], [93.52888518359192, 25.95549350660084], [93.52906505236295, 25.955538487743816], [93.52919734635653, 25.955557539098297], [93.52988950726608, 25.955639950083636], [93.53004700529159, 25.95566661080975], [93.5301739013086, 25.955701564233745], [93.53080408924336, 25.95589286004041], [93.53090100129283, 25.955930163813225], [93.53103440470579, 25.956008828413356], [93.53137891760042, 25.956238715679113], [93.531541652804, 25.95636117681276], [93.53160320357065, 25.956436935021685], [93.53200402107065, 25.95705396178732], [93.53211555230307, 25.957215714789747], [93.53254505390838, 25.95773002348708], [93.53266061677978, 25.957859756316346], [93.5328397740851, 25.957999320999786], [93.5333824553314, 25.958380219191888], [93.53345846088926, 25.958444775922374], [93.53359102976732, 25.958624020655343], [93.5339335834363, 25.959142774328765], [93.53399028599534, 25.95922378551653], [93.53405690595513, 25.95929415546505], [93.53421576672494, 25.959366970217342], [93.5348057891867, 25.95956851838667], [93.53500692647039, 25.9596189885659], [93.53513921327745, 25.959629430223604], [93.53644330566024, 25.959699775699267], [93.53654655532407, 25.959715681285555], [93.53671423665163, 25.95978358268017], [93.53776850396062, 25.96029483118983], [93.53805462995504, 25.96042285377268], [93.53871314536396, 25.960687779664948], [93.53888659028236, 25.960744637226693], [93.53899136798049, 25.960753860818233], [93.53952723640367, 25.96074790829033], [93.53976620084565, 25.960755944606735], [93.53986623993065, 25.96078125859609], [93.54052899538769, 25.96101352481479], [93.54070177106122, 25.961071368381536], [93.54132869541654, 25.961254183846094], [93.54153184223152, 25.961296859323305], [93.54163730983579, 25.96129682217066], [93.54227495378738, 25.961261625685434], [93.54235345306849, 25.961265382949904], [93.54245623381172, 25.961286883029338], [93.54301402202614, 25.961456446797623], [93.54313837670925, 25.961499800639935], [93.54330197070226, 25.961578597204948], [93.54417569999538, 25.962035438717475], [93.54433943322725, 25.962110541491647], [93.54444018287965, 25.962128877810326], [93.54454518335994, 25.962132945996444], [93.5451547729252, 25.96213813521512], [93.54536600278114, 25.962130924422137], [93.54555061016528, 25.962098899870178], [93.54612927432859, 25.96198510768475], [93.54622966375652, 25.961955034403903], [93.54642876994936, 25.96183505619197], [93.54696613496581, 25.9614708975417], [93.54705698877702, 25.96142208064014], [93.54720651245773, 25.961380022264965], [93.54774870052893, 25.961269360707195], [93.54784633841714, 25.96123801516842], [93.5479965618855, 25.96114216286591], [93.54848861947228, 25.960771774129334], [93.54865672031305, 25.960655142505892], [93.54875131021753, 25.96061477511953], [93.54887735283505, 25.960577464754817], [93.54938767496817, 25.960439353707955], [93.54962195828921, 25.96040274434726], [93.55022586511203, 25.96033458000853], [93.55038360029278, 25.96032109510175], [93.55051537416179, 25.960321030487904], [93.55106963738702, 25.96033884371349], [93.55117245406286, 25.960352070970647], [93.55139192685982, 25.96043650827898], [93.55187201080216, 25.960651458719983], [93.55206914339634, 25.96071981510064], [93.55222845601872, 25.96073275963043], [93.55319660094311, 25.96076773335696], [93.553330787687, 25.960769311543906], [93.55351717104045, 25.960750882938964], [93.55418105657813, 25.960656046289373], [93.5543389992697, 25.960629078163233], [93.55453831566834, 25.960563198050075], [93.55519938858087, 25.96030712478192], [93.55546173437308, 25.960191398100353], [93.55602072453331, 25.959916707906842], [93.55689030540645, 25.95946923774328], [93.55710015724672, 25.959368391733268], [93.55793527694891, 25.959038644005034], [93.55812594526631, 25.958953132283934], [93.55821202992166, 25.958899757392178], [93.55867333637963, 25.95858730492321], [93.55877949119507, 25.958518664614004], [93.55887032165005, 25.958473292074732], [93.55902200488075, 25.95842795667154], [93.5597193679341, 25.958250883510754], [93.56077919491642, 25.95798894946638], [93.56096102021813, 25.95794818378239], [93.56111934110045, 25.95792633659424], [93.56188866819123, 25.95783912630061], [93.56218173995943, 25.957817932513525], [93.56290507151104, 25.957799525254064], [93.56309064548242, 25.957805334162227], [93.5631925943857, 25.95782954063551], [93.56424534713514, 25.958179886172815], [93.56452440877817, 25.95826243020578], [93.56527078032015, 25.958453801003476], [93.56539914867595, 25.958484144138374], [93.56549998815986, 25.958492284800815], [93.56559643218708, 25.958465924366173], [93.56571467832624, 25.958412878789378], [93.56621004620483, 25.958178251413], [93.56637344077186, 25.958097527042536], [93.5669404349213, 25.957773936008603], [93.56703350038477, 25.957726369494175], [93.56720481180437, 25.95766127525496], [93.56815096776728, 25.957335403710715], [93.56925695917204, 25.956958563232934], [93.56938333596284, 25.956917596075638], [93.56996919832652, 25.95675947972494], [93.57014865207586, 25.956714100853578], [93.57101165638281, 25.95652941739792], [93.57122166722488, 25.956489039711705], [93.57143042222216, 25.95646941181066], [93.57208494282301, 25.956420056521797], [93.57226677980285, 25.95639564137209], [93.57275892542451, 25.956319334708013], [93.5728613809776, 25.956299313428495], [93.57306108904169, 25.956240634776574], [93.57360642031806, 25.956065961238902], [93.57375737321838, 25.956025013155813], [93.57388753281487, 25.956001871671138], [93.57467397101517, 25.955878076645273], [93.5747783211152, 25.955863997565725], [93.57487988913283, 25.95586404198942], [93.57497517343498, 25.955895317073928], [93.57506767655306, 25.955940705145704], [93.5755502461338, 25.95619356760956], [93.57576067648911, 25.95629320478906], [93.57591103111147, 25.956332848342836], [93.57639768712843, 25.956434104034514], [93.57650072119658, 25.956448237161712], [93.57673773180281, 25.956440663362994], [93.57753057139786, 25.956385122695973], [93.57773899851009, 25.95638492642487], [93.57790954187014, 25.956442508148815], [93.57886734718565, 25.956852304311155], [93.57913108536651, 25.956967186195403], [93.58062053343009, 25.95762755656545], [93.58078794885635, 25.95770383815065], [93.58128854223496, 25.95796182242202], [93.5814848178363, 25.9580763405712], [93.58163812432268, 25.958237682671115], [93.58220263283377, 25.958897540303155], [93.58233931060592, 25.95904170188813], [93.5824584496705, 25.959135456738316], [93.58317319602293, 25.959665325030347], [93.58334733354242, 25.95980866830622], [93.58347023834467, 25.959994371555926], [93.58387148164609, 25.960682041974074], [93.58395074090191, 25.96080562276047], [93.58400131605244, 25.960852501511464], [93.58409310141657, 25.96088005595418], [93.58544604059125, 25.960982639578862], [93.58554875845243, 25.960976675755205], [93.58571387868311, 25.96091100017683], [93.58642774738153, 25.960548169709455], [93.58649743239307, 25.960489194337374], [93.58652454534497, 25.96040500825294], [93.58656108970902, 25.959655324367723], [93.58655384659289, 25.959465440845193], [93.58646651956748, 25.959294163541827], [93.58613958760131, 25.95877050870411], [93.5860351332967, 25.95857836304392], [93.58600591289715, 25.95841518957913], [93.5858943789698, 25.957320494496564], [93.58590295698245, 25.95722985590005], [93.58593325176706, 25.957168091511083], [93.58602149507406, 25.957051349700453], [93.58652051640092, 25.956435922166385], [93.58659570000029, 25.95633862743849], [93.58664534449615, 25.95625582197661], [93.58669470871766, 25.956118835025276], [93.58695323128, 25.955280826089997], [93.5872582048274, 25.954335388502813], [93.58761210511672, 25.953230100977763], [93.58769342510783, 25.953002396765967], [93.58793187481514, 25.952496215758103], [93.58801220665944, 25.952346283019335], [93.58807329209876, 25.952267519044206], [93.5884948319357, 25.951796686864004], [93.58870434870437, 25.951579607222275], [93.58926451655599, 25.95104211869129], [93.58938415688047, 25.95091588958283], [93.58945784568326, 25.95081713313279], [93.58982715387631, 25.95029350439337], [93.58992960853111, 25.950128506868563], [93.58997890358232, 25.949943841351676], [93.59012449982862, 25.94921211576102], [93.59015022488343, 25.94909508253991], [93.59018298105192, 25.949006936790184], [93.59029370469891, 25.9488776667387], [93.59114275996612, 25.94805769274634], [93.59131712655602, 25.947910501540402], [93.59224488412357, 25.947156061935974], [93.59236738737886, 25.947035279453555], [93.59240636438072, 25.946950001342056], [93.59243988232062, 25.946835250233274], [93.59269054372591, 25.94590797219459], [93.59274742055813, 25.945751666623252], [93.59280509599265, 25.94567339420931], [93.59313025737941, 25.94532365524853], [93.5932014560522, 25.94525479233687], [93.59328379473281, 25.945206467108285], [93.59338238483522, 25.945188996513412], [93.59393385789323, 25.94515792779894], [93.59422631521375, 25.945151093197605], [93.59492124023944, 25.945146198876426], [93.59513249165494, 25.945133639557863], [93.59523151025375, 25.94510571954491], [93.59593500161401, 25.94483725282161], [93.5960546850576, 25.944789249725684], [93.59614127366785, 25.94474111332652], [93.5962086032967, 25.944672103058217], [93.59652272259198, 25.944232653587072], [93.59660078708849, 25.944109005318996], [93.59664324955365, 25.944021332429806], [93.59687185821706, 25.94350902693377], [93.5969195973862, 25.94335263739934], [93.59690436645056, 25.943262929124103], [93.59686441926819, 25.943150304566686], [93.59662440649227, 25.942519234922994], [93.59639775435957, 25.941934498071074], [93.59635181271932, 25.941800190084916], [93.59634594133061, 25.94173462740133], [93.59637823217182, 25.941649437540633], [93.59643041979822, 25.941566093445076], [93.59680571885596, 25.941005648228654], [93.59687185103056, 25.94093377209937], [93.59705215817942, 25.940844971571906], [93.59775235362089, 25.940570700725917], [93.59802846070492, 25.940483523620916], [93.59871781348092, 25.94028886409725], [93.59891490026098, 25.940216842124574], [93.59900670538809, 25.940167042188836], [93.59968544456898, 25.93977468358561], [93.59976877858296, 25.939715675187898], [93.59983734159869, 25.93964435808708], [93.60039001300925, 25.93894184549989], [93.60054462564608, 25.938718013817738], [93.60085534302138, 25.93821257357434], [93.60102698681764, 25.937940947885394], [93.60145858239592, 25.93727823829058], [93.60163233902976, 25.937006956199653], [93.60212296021038, 25.936229794157192], [93.602303246698, 25.935963591773703], [93.60300203178448, 25.934976699538687], [93.60346326368226, 25.934337809728383], [93.6035884717649, 25.934187297260053], [93.60367167103155, 25.934129673954338], [93.60426707260525, 25.93380586678921], [93.60438347719807, 25.933746941034283], [93.60452770710684, 25.933687608090608], [93.6051369957365, 25.93345505126152], [93.60540298329886, 25.933346955064785], [93.60609836107547, 25.93304513085422], [93.60687236030404, 25.932723389643716], [93.60756568992178, 25.932438629968637], [93.60810679821805, 25.932244660802176], [93.60823044233373, 25.932203901554598], [93.60833203191089, 25.932184280915596], [93.60849178560606, 25.932186266650117], [93.60927126365956, 25.932231837551605], [93.60945246912374, 25.93225841228874], [93.60954235455107, 25.93230526282073], [93.61050781441111, 25.933001983848346], [93.61075091918825, 25.93319094788917], [93.61196207726161, 25.93420431143462], [93.61278890192048, 25.934885021007073], [93.61303704355142, 25.935068760110155], [93.61385014824096, 25.93562590687884], [93.6140015529939, 25.93572641777509], [93.61411421161198, 25.935792517785895], [93.61495888130396, 25.936268173737066], [93.61512167579639, 25.936349853397086], [93.61522260062023, 25.936373001167656], [93.61535487125762, 25.936384319774714], [93.6162085510519, 25.936437988424423], [93.61631495739562, 25.9364419233974], [93.61652493500003, 25.936417962148575], [93.61743746612352, 25.93624089870086], [93.61753501597684, 25.936209169237696], [93.61761878118213, 25.93615575091372], [93.61806210157148, 25.935782522366033], [93.61817450416973, 25.9356824299798], [93.6182602842962, 25.935592117251417], [93.61860782720825, 25.935202227534134], [93.61875549047804, 25.935067482097498], [93.61918258190347, 25.93474916926322], [93.61928616663887, 25.934676147825904], [93.61939885400307, 25.934616421927572], [93.61954325279511, 25.934558160630477], [93.6202228965795, 25.934294736710402], [93.62043593564239, 25.934202362895313], [93.62062059153556, 25.934068088909182], [93.62111825999959, 25.93367339548524], [93.62123919210144, 25.933580850725285], [93.6213492141642, 25.933517315226876], [93.62147025945379, 25.93346997965469], [93.62221126446029, 25.93320651048508], [93.62229655500494, 25.933161247754914], [93.62232630630884, 25.933128963270697], [93.6223599823522, 25.93304505976254], [93.62257717971654, 25.932035602785717], [93.62262259584237, 25.931874802408295], [93.62266786284783, 25.93178947373455], [93.62304333617871, 25.931211738772888], [93.62311233397907, 25.93111004533798], [93.6231763173835, 25.93103515060943], [93.62331405516768, 25.9309225911091], [93.62408951236198, 25.930332133464006], [93.6242169015541, 25.930246431240807], [93.62443330750268, 25.93015955672165], [93.62522221607003, 25.92987976336295], [93.62541293109982, 25.929800594155132], [93.62549540003614, 25.92974315047771], [93.62613363148591, 25.929206947815718], [93.62620805511058, 25.92914077786355], [93.62626594434414, 25.9290679872378], [93.62628742665582, 25.92898001312226], [93.62630882632256, 25.928118908082933], [93.62630351548258, 25.92797640117965], [93.62628285602766, 25.92788330257641], [93.6261180484107, 25.927353173316458], [93.62608429780715, 25.927213876082032], [93.62608177533784, 25.927021783957027], [93.6261047237001, 25.926370027934023], [93.62609936255448, 25.92627447687358], [93.62607847762243, 25.92615746044913], [93.62597807921134, 25.925690712907258], [93.62597564926851, 25.925599635507883], [93.62600706065906, 25.925512112041748], [93.62605374790097, 25.925426550929597], [93.62633716727144, 25.924935335193823], [93.62639593236237, 25.92486390330932], [93.6264347009551, 25.924841826190626], [93.62653086291132, 25.924824731488425], [93.6274053306196, 25.924799566505207], [93.62761585170472, 25.924786232649097], [93.62774448236857, 25.924765743072406], [93.62830874923284, 25.924663240197123], [93.62840960668305, 25.924659200609444], [93.62850906365972, 25.924683144859454], [93.62863141689637, 25.924729515268726], [93.62911844930744, 25.924926646060605], [93.62928267122285, 25.9250063380321], [93.62995743715526, 25.925348309445774], [93.63005043255008, 25.925379252502964], [93.6300969006031, 25.92537901497666], [93.63018977921696, 25.92534702567228], [93.63081754709032, 25.925023009360455], [93.63094860230713, 25.924944199644102], [93.6310130923614, 25.924872601334247], [93.63106392892163, 25.92478951117494], [93.63135015732396, 25.924275073160466], [93.63143717443062, 25.924127008767158], [93.63150668516899, 25.92402638617858], [93.63183984695166, 25.92357050406084], [93.63200673057526, 25.923326876445287], [93.63232667005525, 25.922828090541564], [93.63242388393867, 25.9226843047496], [93.63300558530595, 25.92189766002223], [93.63312324664187, 25.921773830764895], [93.63326752146641, 25.921725759292055], [93.63368725479134, 25.921642942421425], [93.63384474024042, 25.92161712636855], [93.63395067317198, 25.921614779307472], [93.63461728599488, 25.92166720803557], [93.63485721253252, 25.921682590367258], [93.63496258581368, 25.921678418175574], [93.63574977680219, 25.921593965196113], [93.63585360677767, 25.921579827886347], [93.63595286163343, 25.921553278211157], [93.63611351094896, 25.921468807367386], [93.63681120368405, 25.921060481350015], [93.63688708257945, 25.92099806375757], [93.6369353742125, 25.92091643162842], [93.63730984592182, 25.919909314004368], [93.63736438533769, 25.919773248664463], [93.63742972429988, 25.919642298311324], [93.63779666273723, 25.918950584391542], [93.63785141415548, 25.918870241960267], [93.63796150449018, 25.918770758952952], [93.63836270557078, 25.918462937899434], [93.63844864739404, 25.9184118126023], [93.63854495397902, 25.91838090569028], [93.63913232012248, 25.91826379013013], [93.63941184888944, 25.91819289068952], [93.63996959847631, 25.918027076598495], [93.64006944981338, 25.917995060252125], [93.64016065486587, 25.91795252098069], [93.64023273927752, 25.91788651761464], [93.6403116365123, 25.91779037067121], [93.64066705405617, 25.917339123179538], [93.64074715683005, 25.91724332887189], [93.64087269728931, 25.917121984886943], [93.64136202399762, 25.916690149601987], [93.64145421809522, 25.916606053405015], [93.64151771910434, 25.916533222719508], [93.64155061181677, 25.916470303402463], [93.64159897980662, 25.916335010557255], [93.64173466134716, 25.915924180612702], [93.6417815066926, 25.915845443187305], [93.64183918931361, 25.915801881047834], [93.64193151276861, 25.91575541178541], [93.64239151127951, 25.915551412371222], [93.64249013102636, 25.915524630256133], [93.64259162268716, 25.915529743154433], [93.64272089744306, 25.915554508550432], [93.64339481985742, 25.915696367120557], [93.64349863995143, 25.91570766832198], [93.64370918888436, 25.915681993173692], [93.64436786868497, 25.91556438610488], [93.64465206240321, 25.9155024536228], [93.64523635810502, 25.915353589621517], [93.64536424047225, 25.915324970111516], [93.64554811123786, 25.915298949063775], [93.64631483321433, 25.915209614533357], [93.64641925248465, 25.915194964197156], [93.64651615824589, 25.915167437041166], [93.64657725177007, 25.91512748148683], [93.6473117637537, 25.914404930892008], [93.64736083153113, 25.9143328987554], [93.64736365313945, 25.914295616552497], [93.64732601283073, 25.914218528761417], [93.64726802837579, 25.91414020388779], [93.64694611260212, 25.913728190667292], [93.64688849735475, 25.913609418947498], [93.64692359902448, 25.91350802625171], [93.64724146159956, 25.913013992655387], [93.64729780123923, 25.912936550931416], [93.64736980120927, 25.912880064593647], [93.64746542148136, 25.912855092596388], [93.64819723941744, 25.91276426303227], [93.64835289320169, 25.912740994272855], [93.64857842154198, 25.912678092324335], [93.64912420107768, 25.912504327022056], [93.64934403409907, 25.91242103422527], [93.65023100545778, 25.91201709908046], [93.65046371133718, 25.911897184734286], [93.65104280130193, 25.911545669712012], [93.65122289195682, 25.911442083115826], [93.65190507168528, 25.91107019840576], [93.65211359581555, 25.910965678946827], [93.65223681592644, 25.91092070260027], [93.65313514288864, 25.910617309169865], [93.65326080102724, 25.9105781204952], [93.65343968254976, 25.910541365546624], [93.65411078515245, 25.9104318617823], [93.65431719464853, 25.91039579602518], [93.6548858524779, 25.910289070892873], [93.6550137878457, 25.910262719871298], [93.65510901645233, 25.910230289328428], [93.65519029601926, 25.910172729456153], [93.65528288088403, 25.910086408179463], [93.65590413776822, 25.90948640605094], [93.65605931095374, 25.909355024102062], [93.65616701356643, 25.90928463320761], [93.65739206408567, 25.908515779938085], [93.65756384352757, 25.9084022793981], [93.65766538549404, 25.90832480878898], [93.65846720285204, 25.907692966019567], [93.65860858869459, 25.907583740806782], [93.65930780227744, 25.907071888589396], [93.65941149570902, 25.90699818822256], [93.6594992871634, 25.906948249004312], [93.65970130210113, 25.906895327291966], [93.66032648552144, 25.90677232344937], [93.66043079160401, 25.90676113209325], [93.66066764320846, 25.906788043060754], [93.66129994937064, 25.90689059137368], [93.6614053765507, 25.906904021794244], [93.66151118910804, 25.906905158705396], [93.66161739243248, 25.906893975442248], [93.66212244055659, 25.906825257337502], [93.66230477250812, 25.90679045101995], [93.66240172408347, 25.906751412177375], [93.66373777133755, 25.90607624170166], [93.66392712631797, 25.905985698621524], [93.66404786258708, 25.905937212649093], [93.66494787389047, 25.90559004817315], [93.66512030011937, 25.905531219824297], [93.66527733641082, 25.905503020540273], [93.66639155997683, 25.9053530352729], [93.6667343642758, 25.90530141784597], [93.66775578558476, 25.90512928444435], [93.66798993056524, 25.905094690952026], [93.66866303820763, 25.90500913360872], [93.66933405906363, 25.904971823408857], [93.66951579183886, 25.904937365623216], [93.67021494882789, 25.904680054701736], [93.67031161653561, 25.90464095617274], [93.67038962084496, 25.904588898044224], [93.67042554267657, 25.90450916318301], [93.67044303377345, 25.90441662946561], [93.670545416563, 25.90372904754838], [93.67056559182598, 25.90363606716908], [93.67060138609679, 25.90354632542992], [93.6709844070727, 25.902851557957526], [93.67108125624009, 25.902710302917853], [93.67116035379918, 25.902652055750245], [93.67174578946312, 25.902331957629286], [93.671932367751, 25.902247126354453], [93.67208814550273, 25.902213567156398], [93.67280067211809, 25.90208991682296], [93.67293363805149, 25.90207863451855], [93.6730678274903, 25.90208028217788], [93.67371301100212, 25.90210056883007], [93.67466249342648, 25.902138340538933], [93.67541869433435, 25.902144456834666], [93.67614251456948, 25.90212990265231], [93.67638329450666, 25.902130270325017], [93.67686394169269, 25.902143118667748], [93.67696989798046, 25.902148913350636], [93.67707213344629, 25.902167424657648], [93.67721627442185, 25.902226897908577], [93.67764112724558, 25.902429871494885], [93.67772425734198, 25.902484947099495], [93.67777121048525, 25.902539124105555], [93.67784799039089, 25.9026628911381], [93.6780056294519, 25.90293902551839], [93.67809495433049, 25.903083250732596], [93.67814313097915, 25.903134972562395], [93.67823047866582, 25.903181909010378], [93.67920655930745, 25.903512811044852], [93.6804212217088, 25.903946221004578], [93.68054597883712, 25.90398715567433], [93.68067412530903, 25.904010747768197], [93.68080516435616, 25.904020232764758], [93.68151567605035, 25.904059813910518]]}, "properties": {"OBJECTID": 45620, "Name": "NH 29", "Road_Type": "National Highway", "Class_Code": 1, "Lane": " ", "Oneway": " ", "T_Elevatio": 0, "F_Elevatio": 0, "SL": 90, "Remarks": " ", "Bridge_Fly": " ", "Shape_Leng": 34270.9853956, "ID": 45757, "Type": "", "NSEW_Corr": "", "Shape_Length": 34270.98539560378}, "id": 45620}, {"type": "Feature", "geometry": {"type": "LineString", "coordinates": [[93.43119569972431, 25.97431960020286], [93.43172986584, 25.973316467570807], [93.43178836772458, 25.973239426479733], [93.43193742967124, 25.97314654859923], [93.43279903170802, 25.972718336422467], [93.4329418180241, 25.97265435687322], [93.43351769022352, 25.972406588526567], [93.43368051436032, 25.972326623361784], [93.43418749565892, 25.972067467273664], [93.43430086574274, 25.972006348671457], [93.43446398901854, 25.9718852460407], [93.43538671242723, 25.971088532100364], [93.43598417024462, 25.970576331486825], [93.43608240012263, 25.970496004079113], [93.43618922957285, 25.97042778744039], [93.43678735034689, 25.97013074966388]]}, "properties": {"OBJECTID": 45640, "Name": "NH 29", "Road_Type": "National Highway", "Class_Code": 1, "Lane": " ", "Oneway": " ", "T_Elevatio": 0, "F_Elevatio": 0, "SL": 90, "Remarks": " ", "Bridge_Fly": " ", "Shape_Leng": 831.637400021, "ID": 45777, "Type": "", "NSEW_Corr": "", "Shape_Length": 831.6374000207948}, "id": 45640}, {"type": "Feature", "geometry": {"type": "LineString", "coordinates": [[93.43108974163991, 25.975055975542162], [93.43119569972431, 25.97431960020286]]}, "properties": {"OBJECTID": 45642, "Name": "NH 29", "Road_Type": "National Highway", "Class_Code": 1, "Lane": " ", "Oneway": " ", "T_Elevatio": 0, "F_Elevatio": 0, "SL": 90, "Remarks": " ", "Bridge_Fly": " ", "Shape_Leng": 91.9433284813, "ID": 45779, "Type": "", "NSEW_Corr": "", "Shape_Length": 91.94332848131671}, "id": 45642}, {"type": "Feature", "geometry": {"type": "LineString", "coordinates": [[93.39013978249514, 26.02410624991642], [93.39096928682851, 26.023832199075024], [93.39109395412532, 26.023789300901903], [93.39118747593291, 26.023746565775017], [93.39135747760885, 26.02360174572669], [93.39187927751637, 26.023099936362218], [93.39193316026372, 26.023024312330552], [93.39195265280708, 26.022934580877], [93.39196610238352, 26.02177860035914], [93.39197138986728, 26.020709087619103], [93.39199992305565, 26.01950190289105], [93.39200534977827, 26.019405777611638], [93.39205015325308, 26.019219683044753], [93.39220608731166, 26.018761735805267], [93.39225776020345, 26.018626180322027], [93.39230240377813, 26.018538459651896], [93.39259535876533, 26.018021222573992], [93.39266577320886, 26.01786651841991], [93.39304936820822, 26.016950982138884], [93.39307256001392, 26.016860475085327], [93.39306842417035, 26.016767522695282], [93.39284268562429, 26.01561413581752], [93.3927767717403, 26.015284512745325], [93.39275839400625, 26.015143823685868], [93.39277157857964, 26.015051881479643], [93.39280791004302, 26.014938267295808], [93.39303990355839, 26.01428061731088], [93.39307691235149, 26.014166636672364], [93.39311786924021, 26.01397895229045], [93.39322677290043, 26.013387528530956], [93.39324509134572, 26.01326919643613], [93.39324556655448, 26.01315057439774], [93.39323145761463, 26.013031708431647], [93.3930810571782, 26.011937611462944], [93.3930723929273, 26.01177248567792], [93.39309535027269, 26.011680703102805], [93.39345577233098, 26.010751997910546], [93.39376360431757, 26.009905039910507], [93.39381233702342, 26.009721364393645], [93.39380068228094, 26.00962852099268], [93.393769024752, 26.009512009686635], [93.39356550244123, 26.008812622945317], [93.39350190441407, 26.008604885337395], [93.39325523242695, 26.007822703859702], [93.39321376978668, 26.00766129496861], [93.39321550892507, 26.00756840634203], [93.39323201636672, 26.007475051801606], [93.3934155430776, 26.00661034307388], [93.3934424206709, 26.006469791366804], [93.39346374757405, 26.00630342344373], [93.3935534111175, 26.005493596267748], [93.39356275179985, 26.005349252651882], [93.39358189220361, 26.00491492572371], [93.39360021693707, 26.004723645069628], [93.39364642447866, 26.0045863310761], [93.39389476284066, 26.003974818587487], [93.39397353790453, 26.003826131854396], [93.39404590528551, 26.003761815606197], [93.39415031108109, 26.00369085058936], [93.39468215235685, 26.00334245562364], [93.39478994120778, 26.00327513889426], [93.39492972086265, 26.003205145666975], [93.39553074229674, 26.00293714094602], [93.39562358138471, 26.002889626609253], [93.39579345100832, 26.002772897083545], [93.39717257607352, 26.0017582080904], [93.3973510246081, 26.001617099937295], [93.39804420690213, 26.00095888122109], [93.39816448862375, 26.000832138890146], [93.39823798249209, 26.0007315600733], [93.39865962294036, 26.00011478103336], [93.39876154848741, 25.99997313963651], [93.39884119940874, 25.99988015611541], [93.39917242801693, 25.999516283221897], [93.39934614332823, 25.999338293351784], [93.40031056743075, 25.998441761170362], [93.4004016233629, 25.9983543378894], [93.400483556005, 25.998261190797155], [93.40098428592752, 25.99759091711304], [93.40107624736149, 25.99747517463851], [93.40116338035078, 25.99738414632255], [93.40158060737605, 25.99697712115401], [93.40166106588282, 25.996918231066278], [93.40183435539271, 25.996862770877726], [93.40266838454014, 25.996671753250272], [93.4027991073803, 25.996644919341172], [93.4029851520689, 25.996626756348398], [93.40418979376321, 25.996558483010205], [93.40434901655405, 25.99655707405518], [93.4044502989074, 25.996577136119864], [93.40491754233105, 25.996742501273626], [93.405108132495, 25.996821523718122], [93.40529240840081, 25.996958220229512], [93.405826849401, 25.99739473076997], [93.4059935982773, 25.997512491867585], [93.40613719577209, 25.997575505944017], [93.40655392602903, 25.99774147686939], [93.40675236028204, 25.99780491875322], [93.40685582643982, 25.99780689369154], [93.40746294833302, 25.997745886975228], [93.40756271073691, 25.99772265842428], [93.40771537043629, 25.997631182991235], [93.40846528403547, 25.997085504481948], [93.40854262359154, 25.99701964075432], [93.40862913943825, 25.996928264086748], [93.40919648393066, 25.99628814662029], [93.40931736752347, 25.99615985625765], [93.4094738729106, 25.996029620661567], [93.41001480873031, 25.99560095973509], [93.4101768324682, 25.995442598252772], [93.41059032070527, 25.99500440584], [93.41147593470959, 25.994069047889376], [93.41202521318331, 25.99350840299254], [93.4121735879188, 25.9933708998663], [93.41235013741485, 25.99326842846647], [93.41294436129718, 25.992957276050287], [93.41305937350134, 25.992899343197497], [93.41318051311401, 25.99285500130745], [93.41330924169426, 25.992827301748047], [93.41450667800169, 25.992603291565914], [93.41473856461754, 25.992552624795874], [93.41486279712977, 25.992512101215016], [93.41589856183887, 25.992148204694896], [93.41609740662194, 25.9920826086971], [93.41625041935924, 25.99204145352425], [93.4173001986851, 25.991771357053654], [93.41742733814557, 25.99173621409842], [93.41760026832935, 25.991674256274838], [93.41818645588316, 25.99144461913392], [93.41837829829862, 25.991362590937914], [93.41846707430658, 25.991310370887103], [93.41958113797246, 25.990569299394643], [93.41971276990768, 25.990488438990646], [93.41980733735429, 25.990443172449694], [93.42046419267656, 25.990165491796297], [93.42075979410058, 25.99005241795912], [93.42190333238925, 25.989648028820234], [93.4222214860185, 25.98952361111317], [93.42359803381716, 25.988940633151906], [93.42378766188543, 25.988853588775953], [93.42387472390782, 25.988799554016094], [93.42429456323394, 25.988506693712367], [93.42453661518559, 25.988319410019468], [93.42539811930598, 25.987602219629178], [93.42554768071597, 25.987465851378484], [93.42650301386779, 25.986466883711273], [93.42670692245414, 25.98624602920845], [93.42708589023145, 25.985815179805154], [93.42727657651513, 25.9856152480008], [93.42778238102069, 25.98511962812876], [93.42797424858898, 25.98491821740901], [93.42871887111113, 25.984090151380563], [93.4287746888296, 25.98400988972937], [93.42880722131763, 25.983920387676413], [93.42904466042027, 25.9828337087584], [93.42911062730485, 25.982526156906967], [93.4291589845149, 25.982365599920918], [93.4292110993778, 25.98228393038876], [93.42990326388063, 25.981432375813412], [93.42999494414191, 25.981314669665334], [93.43007777420098, 25.98119197528885], [93.43041278830978, 25.98067449218985], [93.43049972187308, 25.980527390233586], [93.43055043177087, 25.98034390216536], [93.43066260619703, 25.979730980332114], [93.4306683886525, 25.979612615950284], [93.43065668270606, 25.979493558578852], [93.43045466417507, 25.977897098312106], [93.430451199373, 25.97780213416306], [93.43047949630446, 25.977635986489744], [93.43082760425683, 25.97612055466318], [93.43108974163991, 25.975055975542162]]}, "properties": {"OBJECTID": 45743, "Name": "NH 29", "Road_Type": "National Highway", "Class_Code": 1, "Lane": " ", "Oneway": " ", "T_Elevatio": 0, "F_Elevatio": 0, "SL": 90, "Remarks": " ", "Bridge_Fly": " ", "Shape_Leng": 8780.56730381, "ID": 45880, "Type": "", "NSEW_Corr": "", "Shape_Length": 8780.56730380643}, "id": 45743}, {"type": "Feature", "geometry": {"type": "LineString", "coordinates": [[94.10489440033433, 25.66822699964863], [94.10553629511388, 25.66861414704279], [94.1057041623927, 25.668729092632592], [94.10577026312623, 25.668803542001317], [94.10626585738028, 25.669495065280753], [94.10641058765064, 25.66972515058775], [94.10672213237434, 25.670281579578713], [94.1068073824948, 25.670456539841794], [94.10684757671389, 25.67059720465302], [94.1070076034969, 25.671236939821526], [94.10706983159325, 25.671421258994044], [94.10728087010801, 25.671914009828477], [94.10739126676823, 25.672158902839797], [94.10782804382903, 25.67308968212029], [94.10823929795599, 25.6739849438512], [94.10828806569616, 25.67409764078496], [94.10834021918662, 25.674258626157286], [94.10858865546496, 25.675141449009747], [94.10867208380202, 25.675420435708396], [94.10889633383965, 25.6761191965987], [94.10895640508102, 25.676279141317284], [94.10900544770563, 25.67636323897362], [94.10940934822368, 25.676953612986733], [94.10945157533024, 25.67703867117099], [94.10946811600957, 25.677131968661996], [94.1094871315475, 25.677762150261895], [94.10949294903729, 25.677883176853324], [94.10951344230388, 25.678048766977362], [94.10960091665298, 25.678613512148797], [94.10960335198571, 25.6787066764427], [94.10958227391588, 25.67879981313757], [94.10935782624888, 25.679421982300095], [94.10916495795738, 25.679971754122523], [94.10912984730452, 25.680061740536082], [94.10908139756796, 25.680144574997307], [94.10895607180602, 25.680268237607812], [94.10851717472114, 25.680659903842283], [94.10839827999837, 25.680756695892686], [94.10817030644388, 25.68088466322074], [94.1078183366341, 25.681066513636118], [94.10768435290944, 25.681142986533477], [94.10763473446474, 25.68119048454905], [94.1076091118179, 25.68127518349454], [94.1076033931428, 25.68137047408772], [94.10759503521739, 25.681783845456682], [94.10758346671315, 25.681878411883513], [94.10754802817519, 25.681965348811676], [94.1074968772046, 25.682047695395987], [94.10707359733092, 25.682679426420517], [94.10696864086809, 25.682813829369067], [94.10688967086978, 25.682874502433034], [94.10608192552922, 25.6833703251644], [94.10592472664271, 25.68345544191431], [94.1058263718989, 25.683487155759067], [94.10516215218793, 25.68364335121926], [94.10503099186823, 25.683667675329836], [94.10442179217178, 25.683768221302646], [94.10423915209812, 25.683781090902535], [94.10414020087292, 25.6837534362784], [94.10401917893954, 25.683701727133318], [94.10341340990915, 25.68342716142168], [94.10331915148302, 25.683388780800176], [94.10324057674343, 25.683380656823484], [94.103205626889, 25.683420646860718], [94.10316307638894, 25.68355337560629], [94.10295658334951, 25.684334705821243], [94.1029122847279, 25.684473438840957], [94.10286605832171, 25.68455833298437], [94.1027951992121, 25.68465887820547], [94.10248688483018, 25.68507692142762], [94.10239143793292, 25.68521995068364], [94.1023352528035, 25.685328547950316], [94.1019628885418, 25.686098961132615], [94.10189547896289, 25.686229369976843], [94.10183014449225, 25.686334181704492], [94.1014604087011, 25.68689280552815], [94.10137155184478, 25.68701102588598], [94.1012949875348, 25.68707342517844], [94.10120791024104, 25.68712618364135], [94.1005588388207, 25.68749300290353], [94.10046531162324, 25.687531211390656], [94.10030933624213, 25.68754801735722], [94.09974557782432, 25.687554252402588], [94.09958710512674, 25.68756135688909], [94.09951453831978, 25.687578249471738], [94.09943369174083, 25.687631346906358], [94.09883806558832, 25.688213533345852], [94.09870228613144, 25.688359741099806], [94.09862910308021, 25.688487125495364], [94.09822986661511, 25.68930335188687], [94.09813764466973, 25.689476588272385], [94.09807016681886, 25.689578402720564], [94.09762187335608, 25.69022219852986], [94.09754492366883, 25.69034587577481], [94.09747410139016, 25.69052468577857], [94.09727088450657, 25.691095703004002], [94.09724378862266, 25.691183847472395], [94.09724690667503, 25.691254780060042], [94.09731803797416, 25.691288057421716], [94.0974197838582, 25.691303897112334], [94.098171075473, 25.6913912100601], [94.09827652511095, 25.691405463097997], [94.0983719477537, 25.69143141840427], [94.0984085927291, 25.691456841857253], [94.09846007697465, 25.69153219905764], [94.09889506998131, 25.692480679771837], [94.09891809649697, 25.692569767094255], [94.09891238590671, 25.692638663770214], [94.09887422906671, 25.69277797400625], [94.09876585810747, 25.69312698471702], [94.09848299928575, 25.6940574844448], [94.09843665879352, 25.694195819203742], [94.09837756671581, 25.694329920979847], [94.09806015240004, 25.694994016471792], [94.09800973355641, 25.69510493452355], [94.09798402736625, 25.69519496697901], [94.09798980982173, 25.69528817415988], [94.09800977128567, 25.695382639203874], [94.09817239599647, 25.696069029945438], [94.09822044777934, 25.69633003288426], [94.09830326795698, 25.69697294629681], [94.09831181632522, 25.69706768522441], [94.09830369914832, 25.697160425493824], [94.09823892432811, 25.697317181794176], [94.09792869743296, 25.69796170718788], [94.09783208901405, 25.698131873632985], [94.09776042501393, 25.698201115969592], [94.09708819861882, 25.698718962636004], [94.09696236081719, 25.698807485954884], [94.09686942740609, 25.69885089644343], [94.09674597822483, 25.69889319391033], [94.09609660407223, 25.699101494185793], [94.09590298478916, 25.69917646853212], [94.09578948983956, 25.699236157056525], [94.09522760171417, 25.699545085711303], [94.09514266420742, 25.699599868759908], [94.09499566299601, 25.699735194818413], [94.09458907292198, 25.700142232450997], [94.09447122653313, 25.70026932983984], [94.09437920311542, 25.700436321568326], [94.09418416808747, 25.70087270486653], [94.09408163707589, 25.701117041353744], [94.09383026150992, 25.70174669053642], [94.09374653313554, 25.70191970726961], [94.09368110254519, 25.70199240694002], [94.09313431330312, 25.70247823289243], [94.09295753563498, 25.702619020164388], [94.09288785691164, 25.702651965720204], [94.0927141631599, 25.702713222801755], [94.09233646739702, 25.702837640654245], [94.09223858965859, 25.70287343373039], [94.09215475168975, 25.70292173979636], [94.09210191997126, 25.70299817356894], [94.09206314598867, 25.70308714213022], [94.09189977387952, 25.703497766207036], [94.09185199428619, 25.70363560757944], [94.09183111384573, 25.70375231387844], [94.09177073897378, 25.704272954805926], [94.09174460518555, 25.704357221293648], [94.09171733862172, 25.704389430604323], [94.09163459569922, 25.704434123608713], [94.0911928581414, 25.7045871510465], [94.09103736066403, 25.704662321055178], [94.09097768647804, 25.70473611581339], [94.09061941318988, 25.705409793387297], [94.09054671253396, 25.705563687261904], [94.09052209150865, 25.70575054182397], [94.09050679679262, 25.706251387206198], [94.09051323681489, 25.706441268681964], [94.09054679517895, 25.706583155296933], [94.09075085378394, 25.70731392732643], [94.09078059700302, 25.70743137952382], [94.0907854928213, 25.707522642658365], [94.09074976143255, 25.707607663633887], [94.09069584634585, 25.70769008799684], [94.09023729951244, 25.70834550590905], [94.09016884429452, 25.708448469749452], [94.09013102522105, 25.70853387776293], [94.09012973883358, 25.708626202784497], [94.0901493831922, 25.708745418160923], [94.09028171940662, 25.70944011953438], [94.0902969602237, 25.709535442629573], [94.09029645626882, 25.70962818856409], [94.0902613483109, 25.709714078933892], [94.09019730651599, 25.709818143162487], [94.0897950076941, 25.710439416984073], [94.0897451143649, 25.7105231845748], [94.08971044747977, 25.710610912398568], [94.08969878644906, 25.710704716161924], [94.08968229607541, 25.711208634126166], [94.0896650394388, 25.711300624419692], [94.08957841848921, 25.711446668657995], [94.0891962796589, 25.71197213052606], [94.08910547525504, 25.712091477715077], [94.08902179269477, 25.712185919712276], [94.088623651276, 25.71261147675611], [94.0885685917356, 25.712691088347523], [94.08854117964471, 25.712780714151105], [94.08852273004541, 25.712898984884912], [94.08842125994418, 25.713663640770612], [94.0884049231824, 25.713756510556653], [94.08836895733337, 25.713834344033575], [94.08829104195722, 25.713878268648713], [94.08819378225972, 25.71390736259679], [94.08783920194574, 25.713997991895027], [94.08763935823605, 25.71405374842108], [94.08752151544044, 25.71410328988142], [94.0874090077393, 25.714163980995238], [94.08673978710715, 25.714539291235248], [94.08656222071818, 25.714648045483482], [94.08581131088735, 25.715115447565353], [94.08571853917303, 25.715160716844153], [94.0854867612533, 25.71520911990053], [94.08474324365895, 25.715322750661926], [94.08464414960163, 25.715341102604835], [94.08458529378086, 25.715370520743253], [94.08460239051732, 25.715409614611676], [94.08470718079187, 25.71550721447045], [94.08537329774471, 25.716078521392504], [94.08544856488741, 25.716146602404987], [94.08550970242904, 25.71622106017599], [94.08553388866973, 25.71628606480371], [94.08555777666977, 25.716427123865845], [94.08563184635823, 25.716975755257888], [94.08566984150148, 25.717211745204285], [94.08582173044636, 25.71808039314421], [94.08593106350125, 25.718820465718526], [94.08595021917638, 25.718987802086062], [94.08594853573352, 25.71913272245299], [94.08589261381046, 25.720293848190938], [94.08587010741934, 25.72038362446422], [94.08575953468934, 25.720511868881804], [94.08514129434788, 25.721078864055325], [94.08504570461847, 25.721162501140224], [94.08489951189082, 25.72126473360603], [94.08416336766832, 25.7217323460068], [94.08407890806532, 25.72178946015549], [94.08393270276126, 25.721924750460452], [94.08368184911646, 25.722201304054007], [94.08359643101106, 25.722290280918063], [94.08351936094957, 25.722345538266364], [94.08342204914976, 25.722367224247577], [94.08331620425312, 25.722373332027857], [94.08267188402232, 25.7223925140331], [94.0825651605733, 25.722398130567655], [94.08243529382764, 25.722418936831524], [94.08230997615054, 25.72245700462091], [94.08136250595238, 25.722771165794484], [94.08116948404896, 25.722846622945664], [94.08102774157524, 25.722950749333123], [94.08062257802591, 25.723292189657435], [94.08055997892534, 25.723364370462722], [94.08052536054922, 25.723450479136027], [94.0803448162451, 25.724291437926016], [94.08032250658503, 25.724478193478586], [94.08035554482454, 25.724664246279797], [94.0804845455943, 25.7252455985092], [94.08050446124415, 25.725385308399353], [94.08049729807807, 25.72548083722343], [94.08031042873603, 25.726557476288065], [94.08027572052839, 25.726643029108573], [94.08016631560827, 25.72673614529949], [94.07968765819058, 25.727034272485337], [94.07958120962603, 25.727127696700506], [94.07955848045273, 25.727190556476703], [94.07954724432516, 25.72728400161], [94.0795237003799, 25.727716994367043], [94.07954119866328, 25.727803184051847], [94.07958471395398, 25.727854804443957], [94.07970683542526, 25.727943234873095], [94.08034933297435, 25.72837187627575], [94.08043990291795, 25.728416374951138], [94.08061987230028, 25.728443269826954], [94.0819490402559, 25.728530045696765], [94.08204992914715, 25.728550040012237], [94.08220624678638, 25.728637295693225], [94.08269987013666, 25.72897300473726], [94.08282460211217, 25.729063911459875], [94.08289599661772, 25.729134161120996], [94.08331061673204, 25.729636293496995], [94.08336978516654, 25.729713904559393], [94.08340364626285, 25.729792982738836], [94.08338155219845, 25.729874906181756], [94.08333426398357, 25.729958299161638], [94.08302023721475, 25.730458792574794], [94.08293083957264, 25.730578285491482], [94.08229828547542, 25.731383929723638], [94.08225791967816, 25.73146227847875], [94.08225849549821, 25.731501102437367], [94.08230095347183, 25.731578052754735], [94.08295467008048, 25.732364092255054], [94.08302448894102, 25.732434835215297], [94.08310648716014, 25.732494286135807], [94.08376867667857, 25.732895534159386], [94.08384718314618, 25.732956995778718], [94.08394463238821, 25.73309445343313], [94.08416984811478, 25.73347314070866], [94.08423446213654, 25.733596273716167], [94.08423969751803, 25.733650794273554], [94.08418281978747, 25.733708568687334], [94.08409420996784, 25.73375809144072], [94.08359871183355, 25.734009818972197], [94.08351355693449, 25.73406480706878], [94.08345139800844, 25.734138066497273], [94.0834042714903, 25.734223430979657], [94.08301192869669, 25.735015624046888], [94.08299838120391, 25.7350816169698], [94.08301904515038, 25.735169222291827], [94.08305883153432, 25.735256919799376], [94.08345914687607, 25.736067979897992], [94.08352965115112, 25.736245637676852], [94.08353379777449, 25.73634001679714], [94.08344108804391, 25.73732787843548], [94.08340664753422, 25.73751756626704], [94.08337352485309, 25.737609503844148], [94.08318026848937, 25.73809018434464], [94.08313385074199, 25.738225239238684], [94.08313408789722, 25.738286444825487], [94.08318723761933, 25.738351832276425], [94.0832666747416, 25.738410119050005], [94.0836883978349, 25.7386956437987], [94.08384521044582, 25.738826394747893], [94.08445307434745, 25.73937691015206], [94.0845603062429, 25.739484076726896], [94.0846537328291, 25.739652709454006], [94.08485581963204, 25.740119265576304], [94.08487801251113, 25.740208966192068], [94.08486863769282, 25.74030084342638], [94.08484494732217, 25.74039354756801], [94.08465419905473, 25.741066506131112], [94.08456730681391, 25.741267366686007], [94.08425951435319, 25.741857358111847], [94.08416606261417, 25.741998984003697], [94.08408525106952, 25.742057611265327], [94.08362073403272, 25.742300774025804], [94.08348381371546, 25.74237600516277], [94.08342215604928, 25.742419967785143], [94.08335665628866, 25.742492095709935], [94.0829453069403, 25.74307500658536], [94.08281557763684, 25.74325568903726], [94.0827364998407, 25.7433769346678], [94.08271445428531, 25.743439433868687], [94.08272572814212, 25.743528615737276], [94.08309018633098, 25.74449128951635], [94.08315643887984, 25.744675449147856], [94.08318885548516, 25.744790937061747], [94.08336302175078, 25.74546568158032], [94.08338362012023, 25.745558085546826], [94.08338498016957, 25.745646825652667], [94.08334321839034, 25.745728390238135], [94.08326586535954, 25.745825556595065], [94.08273389562468, 25.746462775649814], [94.08256906734647, 25.746652430289732], [94.08198162484622, 25.747307966835482], [94.08185863739897, 25.747433894802985], [94.08167287028981, 25.747566129786588], [94.08113995642556, 25.74791779714632], [94.0810350682347, 25.747989427358373], [94.08095997895842, 25.74805335871026], [94.08090272752871, 25.748132891552178], [94.08060845291638, 25.748677763919794], [94.08051804736449, 25.748824057580617], [94.08044546259121, 25.74888945217881], [94.0803606436621, 25.748944696353796], [94.07994344717955, 25.749195246007837], [94.07985154862763, 25.7492311286999], [94.07975213926167, 25.74923462327287], [94.07962308908459, 25.749219998496496], [94.07915588339017, 25.749156286234], [94.07894814798073, 25.74913389635342], [94.07878860898286, 25.74913328385193], [94.07782674867217, 25.74915640517415], [94.07774369852585, 25.749174035017518], [94.07772530462212, 25.749197581117944], [94.07773493276531, 25.74927423435933], [94.07789480413982, 25.74971077102467], [94.07815934541456, 25.750443842100168], [94.07819524927984, 25.75053419110746], [94.07829741916869, 25.750700578254964], [94.07897640987787, 25.751615287927194], [94.07908655231486, 25.75177820414433], [94.0791412049184, 25.751886890347457], [94.07960399449492, 25.752879161736434], [94.07963223662912, 25.75296915450951], [94.07963571670254, 25.753062261402405], [94.07955615471445, 25.753869840647887], [94.0794772934123, 25.75478608177053], [94.0794701643822, 25.754906620635374], [94.07948404335336, 25.75512224851203], [94.07954433288532, 25.755720693896905], [94.07962088821216, 25.756580710881604], [94.0796269859763, 25.756795843807236], [94.07961359838362, 25.756915751180443], [94.07944655935147, 25.758186352510904], [94.07942566184303, 25.75828011064775], [94.07938884798438, 25.7583691875243], [94.07919797664772, 25.75873929111766], [94.07911287564761, 25.758887527860377], [94.07897348406499, 25.75902766016956], [94.07855283266183, 25.75938835411195], [94.07795883156167, 25.75996392253166], [94.0778718575742, 25.76005228942381], [94.07781885876904, 25.76012874310749], [94.07780102541402, 25.760218960963655], [94.07780402309214, 25.76084845416328], [94.07782673070591, 25.761009801937853], [94.07791673650745, 25.76111966897404], [94.07845643355037, 25.761611994211936], [94.07851461383808, 25.761684436522724], [94.07852848292774, 25.76172515587461], [94.07852536307874, 25.761815708265384], [94.07840690224224, 25.762409684833607], [94.0783650290719, 25.76257302958806], [94.07827538169813, 25.762744597848723], [94.07796521409178, 25.763271472049144], [94.07786390389066, 25.763464229134776], [94.07783886514876, 25.763557565650245], [94.07773267350238, 25.76418109165648], [94.07768942051977, 25.764369680847828], [94.07760882996068, 25.764520331124913], [94.07712843879452, 25.765299988861763], [94.07703332337557, 25.765444862466204], [94.07693678592356, 25.76556034393768], [94.0764489064012, 25.766105637927218], [94.07639418103409, 25.76618596039909], [94.0763636248397, 25.766276355677252], [94.07620099204402, 25.7671358318407], [94.07621476860724, 25.767207126863507], [94.07626674872283, 25.767228395307356], [94.07641868078684, 25.767234497546003], [94.07676868687942, 25.767231878833762], [94.07724789406605, 25.767233785631635], [94.07825404671014, 25.767252616573487], [94.07838621493954, 25.767252764619286], [94.07859548467151, 25.767228883130503], [94.0794036091011, 25.76709100222551], [94.07955677545033, 25.76706005009023], [94.07962449854126, 25.76703265428869], [94.07969449257328, 25.76696853414129], [94.07975430689648, 25.766890719277345], [94.08011556259136, 25.76638777597219], [94.08021362897595, 25.76627893719653], [94.080299348017, 25.766228281645798], [94.08041723572836, 25.766176048521924], [94.0811593303913, 25.765859150358494], [94.08125844151664, 25.765855002600343], [94.08126710576754, 25.765926833952122], [94.0811877342223, 25.766712719819015], [94.08118252579025, 25.76680686115876], [94.0811958100767, 25.766897650754064], [94.08123722061467, 25.766983633230083], [94.08151055549772, 25.767424237936257], [94.08157621246355, 25.767553556089574], [94.08161053439558, 25.767767589130976], [94.08166536756053, 25.768351701076583], [94.08167836618271, 25.768444414875287], [94.08171228027963, 25.76851077673144], [94.0817925294789, 25.768518239616593], [94.08189360521972, 25.768499459032608], [94.08270652485629, 25.76831545769143], [94.08280991016571, 25.768294237981564], [94.08290402036982, 25.768290063611964], [94.08294094112802, 25.768306322618933], [94.08299466217863, 25.768375266025995], [94.08340795009138, 25.769208691586982], [94.08344246785619, 25.769298265875847], [94.08345942625212, 25.769391398795143], [94.08353836211444, 25.77032019754763], [94.08354594928532, 25.770462031381268], [94.08353706315054, 25.770530013287374], [94.08346906697174, 25.770654163590727], [94.0830885289393, 25.771172505297017], [94.08300723410105, 25.771293122983142], [94.08298283136632, 25.771355834812212], [94.08298787450832, 25.771445954340738], [94.08301849897468, 25.77156219929827], [94.0832076644106, 25.772215956145555], [94.08342882065038, 25.773053445615172], [94.08346724339174, 25.773131882568467], [94.08350007232376, 25.773157113821316], [94.0835933075688, 25.773179242733864], [94.08474460101333, 25.7732604510753], [94.08484914335284, 25.77325597514109], [94.0849490629619, 25.773227851094408], [94.08507126617987, 25.773178973352525], [94.08580310567557, 25.772871212429912], [94.08589994855475, 25.772834453502504], [94.08599223697546, 25.772821476239347], [94.08607469962362, 25.772861791337935], [94.08615258984695, 25.772925973826776], [94.08667315906253, 25.773386614429633], [94.08682805197368, 25.77351707884099], [94.08733217483305, 25.773932230016925], [94.08747531957694, 25.774031226594072], [94.08757360425217, 25.774063919383142], [94.08843900077272, 25.774246258326503], [94.08859294057139, 25.774272320129505], [94.08866023965751, 25.774265110806194], [94.08872661886879, 25.774209445625672], [94.0887820592949, 25.774130884806898], [94.08923512640506, 25.77342568597798], [94.08931903983239, 25.773308254495163], [94.08937098311706, 25.773266951817323], [94.08946417344632, 25.773251961118618], [94.08956890622865, 25.773257097967168], [94.09131501285036, 25.77339997507399], [94.09149089849143, 25.773431498293384], [94.09157744218591, 25.77348226806762], [94.0916778226307, 25.773561681140627], [94.09211502279798, 25.77392050188955], [94.09219238481195, 25.773987335535786], [94.09229550511837, 25.774094949777524], [94.09270193529224, 25.774560695939464], [94.09276334861664, 25.774636561884204], [94.09280925881588, 25.77471866796346], [94.09284287197717, 25.774882058066957], [94.09294305119934, 25.775598720579165], [94.09298359576138, 25.775810824361667], [94.09305696745884, 25.775965119733915], [94.09324673296936, 25.776312575814433], [94.09333316437441, 25.776427224837384], [94.09341939545516, 25.776473083930192], [94.09351728577, 25.776507242637205], [94.09394290216173, 25.77664180731648], [94.0940431766053, 25.776658783508427], [94.09419537457063, 25.776635183802068], [94.0949088354339, 25.776441813905276], [94.09500990219158, 25.776417969049675], [94.09510624111589, 25.776413858871365], [94.09517212535549, 25.776440983942294], [94.09529555118056, 25.77653004799959], [94.09551877624045, 25.77670608564108], [94.09635289701606, 25.77735339371383], [94.09644046838321, 25.77739619795058], [94.09651390835265, 25.777401434117422], [94.09667012538056, 25.777381251455456], [94.09698630900438, 25.77732857671389], [94.09777514840141, 25.77720264162339], [94.0980865107671, 25.77714043199169], [94.0991874608265, 25.77687464043904], [94.09929053082726, 25.77685971167463], [94.09950054705921, 25.77687575190587], [94.10044899821767, 25.776999846225557], [94.10066020831063, 25.777018991908154], [94.10081981288548, 25.777015060523514], [94.10188509713313, 25.776964909472376], [94.10199134267845, 25.776962844281126], [94.10219923529304, 25.776989445850703], [94.10279085675603, 25.777112734360934], [94.10289406419902, 25.7771282293418], [94.10310326296408, 25.777118010177663], [94.10410119961654, 25.77699919746609], [94.10433527991835, 25.776958408124024], [94.10500058928577, 25.776774720011073], [94.10530995289994, 25.776699018028197], [94.10585534795668, 25.7765826292598], [94.10595440158983, 25.776551254102873], [94.10612718355155, 25.77644688509237], [94.1065655964445, 25.776144185240295], [94.10680476749901, 25.77599448646314], [94.10728223914053, 25.77572735274583], [94.10737625322488, 25.775682708386636], [94.10755021916619, 25.775630371026356], [94.1079311479658, 25.775531988957677], [94.10808242605627, 25.77549841644937], [94.10815563515865, 25.775496414329716], [94.10824893508239, 25.775528294542315], [94.10833943316072, 25.775577346855737], [94.10874458682859, 25.775812184990478], [94.10885484514827, 25.77587950859455], [94.10897579341982, 25.775972874984383], [94.10939844626941, 25.776338961545086], [94.10949617937905, 25.77641978671754], [94.10958169719748, 25.77647431754933], [94.10972798514653, 25.776531867283598], [94.11050563063685, 25.776799419832265], [94.11065715756064, 25.7768426546186], [94.1107601395265, 25.77684774277604], [94.11089080667111, 25.776835789245908], [94.1116512170844, 25.776746529657345], [94.11178232620011, 25.776733937872187], [94.11191355928335, 25.77673379226498], [94.1127017914193, 25.776802550385], [94.1128330891812, 25.77681137417502], [94.11296397910802, 25.776806626574835], [94.113590785784, 25.776722095153815], [94.11379713329634, 25.77670995555734], [94.11389543953118, 25.77673612197995], [94.11430564532418, 25.77690441383372], [94.11439943393141, 25.776946379374778], [94.11447931661807, 25.776999417494228], [94.11452799811994, 25.77707597027609], [94.11457095196356, 25.77718597937244], [94.11469860795532, 25.777545666033888], [94.11475952720632, 25.777673108591653], [94.11482384568237, 25.777746078223725], [94.11519988315521, 25.77808045128574], [94.11534482452969, 25.778218194848986], [94.1154074083589, 25.778296559630025], [94.115942649758, 25.77905317476879], [94.11609035255366, 25.779281774978934], [94.11643417015223, 25.7798742356053], [94.11648079630875, 25.7799592533601], [94.1165134617474, 25.780046449438448], [94.11651516046163, 25.78013987079025], [94.11631833778624, 25.781435266153967], [94.11629343289331, 25.781627233375904], [94.11628567324588, 25.781746610914283], [94.11623623176926, 25.782702928396972], [94.11623861859299, 25.78286893234274], [94.11626208618146, 25.7829620230638], [94.11660142388172, 25.783904428529024], [94.11676570598425, 25.784366399979074], [94.11681004233509, 25.784437204176534], [94.11684336983214, 25.784451577907184], [94.11693231831664, 25.78443831799919], [94.11765997705297, 25.78418650726823], [94.11823609449245, 25.783988988805092], [94.11853002594835, 25.7838778034348], [94.11927215923885, 25.783569488679113], [94.12009523073645, 25.783218365339298], [94.12026666432696, 25.783153099659103], [94.12036974241258, 25.783135613989952], [94.12119797473147, 25.78310380376799], [94.12133025704696, 25.783101700666016], [94.12142787696888, 25.783117306490777], [94.1214887557957, 25.78315409135216], [94.12159675395408, 25.783256657929744], [94.12231671143348, 25.783995522932216], [94.12238842034935, 25.784064518698038], [94.12246801647343, 25.784116934843023], [94.12253924119737, 25.784131180809684], [94.12269538636006, 25.784130884760195], [94.12346244071315, 25.784103045590086], [94.12367353761842, 25.784100259003434], [94.12383362997845, 25.7841122376857], [94.12447394731635, 25.784177875730887], [94.12457468618895, 25.784174666911635], [94.12461932347541, 25.784159268298776], [94.12469707266324, 25.7841007313885], [94.12476941219644, 25.784029452987042], [94.12521685585294, 25.783570213437564], [94.125289351693, 25.783501906552228], [94.1253660112244, 25.78346113077037], [94.12544938027266, 25.78348078985963], [94.1255368384521, 25.783527236709972], [94.12591307894424, 25.78374661837951], [94.12605454563517, 25.783845944070215], [94.1261353212472, 25.783965822498605], [94.12641762670668, 25.784508423285022], [94.12647288028319, 25.78458424566002], [94.12660272097773, 25.784645692663457], [94.12755204979022, 25.784861264897238], [94.12770674597034, 25.784890145718038], [94.12794713244543, 25.784900355315028], [94.12859152004985, 25.784908181162198], [94.12869803419143, 25.78491182756195], [94.12879963454839, 25.78492809804212], [94.12895360578808, 25.785014090910153], [94.129564556301, 25.78543983686983], [94.12966698041306, 25.785515946606733], [94.1297807933663, 25.785617641608507], [94.1305738422688, 25.786369070533603], [94.13064006607156, 25.786443526359005], [94.1306915853514, 25.78652677285053], [94.13111018230751, 25.787360896751697], [94.13117010802178, 25.78749409266811], [94.13120629126313, 25.7876817615391], [94.13131012213691, 25.788589518901738], [94.13131945383608, 25.788708873255437], [94.1313148930894, 25.788804595423414], [94.13123007236362, 25.78940299553457], [94.13119875260126, 25.78968818655495], [94.13113641401212, 25.790421216990936], [94.13110758976957, 25.790679741553536], [94.13102324874419, 25.791311078253976], [94.13096003070439, 25.79185430947848], [94.13094362387405, 25.791971903778283], [94.13091338119169, 25.792087327077613], [94.13067955870639, 25.79269885799052], [94.13063958457455, 25.79281238632769], [94.13062303850535, 25.792904815718074], [94.13063547029054, 25.793047817981932], [94.13075470996642, 25.793838810595858], [94.13078501642917, 25.79412707736649], [94.1308432757686, 25.795380253374663], [94.13084776195514, 25.795548911041926], [94.13084204328001, 25.795668337652387], [94.1308009237962, 25.796194013405312], [94.13080313544845, 25.796381905483116], [94.13087398826984, 25.7965342321804], [94.13129941421874, 25.797258593747596], [94.13142805745898, 25.797469549947486], [94.13193999835624, 25.79828701198791], [94.13205340796594, 25.7984484778856], [94.13212636554005, 25.798515781361225], [94.13288791052551, 25.799104571105236], [94.13311566399278, 25.799267554768875], [94.13350229978937, 25.799520169744124], [94.13361176938822, 25.799587087635306], [94.13382469795833, 25.799681214209134], [94.13443025049473, 25.79992014147769], [94.13464373063042, 25.800012839499185], [94.13477132284179, 25.800096549593547], [94.13555285713896, 25.800665976108878], [94.13561790504703, 25.800734669401294], [94.13565041507715, 25.800821722418352], [94.13574598504358, 25.801421166639965], [94.13578084776144, 25.801584724572113], [94.13595265415282, 25.80232819767948], [94.13598200301146, 25.802443632731332], [94.13605565228832, 25.802622778761062], [94.13671972557391, 25.803964567111827], [94.13680039428642, 25.804142326276327], [94.1368389957925, 25.80425595606848], [94.13704148144744, 25.804896934200173], [94.13709095256843, 25.805081121412943], [94.13709996356906, 25.80522389548101], [94.1371060191124, 25.805968287926678], [94.13708946136508, 25.80605298127222], [94.13706425553653, 25.806084380163874], [94.13697990013809, 25.806125221759345], [94.13687976313673, 25.806155799772863], [94.13631557712085, 25.806314950077958], [94.13618639489141, 25.806377787341702], [94.1361536027903, 25.806433118784433], [94.13611902573669, 25.806568404853724], [94.13600795534, 25.80710593664418], [94.13600686298864, 25.80719191504301], [94.13602405045496, 25.807228298587855], [94.13609421696349, 25.807287741167883], [94.13700374861223, 25.807824013757877], [94.1371767605427, 25.807933910221422], [94.13727806535393, 25.808012246467566], [94.13813428378718, 25.808703527931602], [94.13820190896179, 25.808774808481083], [94.13827921168694, 25.808947925717824], [94.13844277154398, 25.809425524864128], [94.13848460159518, 25.809537194949694], [94.13853176045264, 25.8096165863038], [94.13860834452555, 25.80967508473663], [94.13872125736688, 25.809735727014004], [94.13918451676227, 25.80996972438016], [94.1392747713972, 25.810018447861086], [94.13935429745267, 25.81007593360141], [94.13944566060863, 25.81021909548778], [94.1397768290297, 25.810882900767716], [94.13984638109056, 25.811039081665395], [94.13986749149976, 25.81122818346459], [94.13987809162009, 25.812143510155014], [94.1398819822236, 25.812287823538053], [94.13991289774411, 25.812502659739675], [94.14010184848266, 25.813477927949823], [94.14024460425603, 25.81412938026955], [94.14025433929875, 25.814222228909507], [94.14024739442328, 25.814293279710025], [94.14021120579208, 25.814458981452336], [94.14009078752656, 25.81495666914671], [94.1400715995121, 25.81505071962657], [94.14007206843264, 25.815140578711965], [94.14010224194475, 25.815201386394], [94.14019679411999, 25.815315707501217], [94.14046648004637, 25.815616820213773], [94.14091701839902, 25.816125869569063], [94.14112681184879, 25.816374022007285], [94.14172212179429, 25.81710718497626], [94.14191839470075, 25.817330458805163], [94.14232745244684, 25.81776053787548], [94.14249274425572, 25.81794578867652], [94.14338300704163, 25.818991043587875], [94.14357004077537, 25.81919266659834], [94.14398182580666, 25.819594715616248], [94.14404688718943, 25.81966933655561], [94.14413115904455, 25.81979163376913], [94.14473703587277, 25.82072628681435], [94.1450537270447, 25.821218953293243], [94.14513945147566, 25.821337533277028], [94.14528394548911, 25.821475314717567], [94.1456240386725, 25.821775093715786], [94.14577989817094, 25.821902555031585], [94.14591365552012, 25.821978968035932], [94.14644591630909, 25.822248826079672], [94.1466207805657, 25.822352642911518], [94.1466881479238, 25.822423930610757], [94.14676277816096, 25.8225222899374], [94.14731900600172, 25.82327952196935], [94.14736040935318, 25.823365094834976], [94.14738652787005, 25.82350676575441], [94.14745397248326, 25.82408529785385], [94.14745737350495, 25.82418126071226], [94.147448196316, 25.824299740696794], [94.14737434312157, 25.824963349002918], [94.14735710445126, 25.82508120073207], [94.14730978120207, 25.82526948525886], [94.14709570099178, 25.82604347801209], [94.14700124942786, 25.826373903948504], [94.14697045697656, 25.826510414894795], [94.1469799863051, 25.826565547722826], [94.1470498581662, 25.826608242818207], [94.1471480592981, 25.82663602267994], [94.14794872860917, 25.82682943845253], [94.14807582674713, 25.82686285653768], [94.14816968901621, 25.826900552035852], [94.14828249226306, 25.826997501512718], [94.14871103985759, 25.827464548642546], [94.14877982385887, 25.827533339596485], [94.14884896988127, 25.827569848691553], [94.14890135603537, 25.827548262787474], [94.14900674907942, 25.827448767534758], [94.14955100058086, 25.826878588399808], [94.1496580725762, 25.826777181083877], [94.14971645767974, 25.82674876570546], [94.14980508187243, 25.826762376658046], [94.14989926484009, 25.826801381290768], [94.15025677276361, 25.82696579443356], [94.15039366074154, 25.827037596849888], [94.15056859057513, 25.827183142154702], [94.15109378341947, 25.827659137121447], [94.15171225911956, 25.828261658822033], [94.15177291875742, 25.82833700848667], [94.15180514042834, 25.828467930719395], [94.15181304560284, 25.82893813194926], [94.15182936349997, 25.829025159388532], [94.15185140186884, 25.829062512172303], [94.15192379709758, 25.829124626633412], [94.15253297882772, 25.829510332288354], [94.15261773038321, 25.829567544973887], [94.15276544126368, 25.829703072253658], [94.15321042982451, 25.830178729618925], [94.1532938527717, 25.83027096814607], [94.15334760167009, 25.83034974645555], [94.1533842771882, 25.830510934976846], [94.15349523619378, 25.831444834723033], [94.15351069619982, 25.831539902205225], [94.1535601188118, 25.83172761451434], [94.15382318056128, 25.832639046453718], [94.15405222939917, 25.833409452839998], [94.15410477365675, 25.833571663232625], [94.15416277787467, 25.83370668301555], [94.154472814327, 25.834375696199366], [94.15455502365023, 25.834579013569197], [94.1545805546689, 25.834696433670413], [94.1547011301396, 25.835360547235], [94.15471715338933, 25.835547884795627], [94.15468737423765, 25.83563742836117], [94.15464372599632, 25.83572521816572], [94.15433329428525, 25.836315912169283], [94.15426159704748, 25.836445672624567], [94.15418060583981, 25.83656872868654], [94.15377181399502, 25.837155448663896], [94.15367565473376, 25.83732167385972], [94.15365793007489, 25.837487051499206], [94.15365193921025, 25.838238432831943], [94.15365495485467, 25.83847859937859], [94.15368512477349, 25.839458456114556], [94.15367285558332, 25.839547277155745], [94.1536520245502, 25.839585138398892], [94.15358097050618, 25.839647763159743], [94.15293421584096, 25.84006770992378], [94.15275687582746, 25.840169053299828], [94.15257872553357, 25.840214270844765], [94.15187041830508, 25.84034969942293], [94.15171459384098, 25.840374524246208], [94.15164066698468, 25.840371619325786], [94.15155313155012, 25.84033327081202], [94.15147008589537, 25.84027767627883], [94.15114196635635, 25.840040668138208], [94.1509311919463, 25.839902908307643], [94.15073338471736, 25.8398342498607], [94.15009887319115, 25.83964704925482], [94.14997117857186, 25.839612526326444], [94.149814842068, 25.839581088623323], [94.14897602849337, 25.839429757571512], [94.14881848465376, 25.83940674359226], [94.14871351022461, 25.839405996537316], [94.14794694994491, 25.839473315547355], [94.1477957239567, 25.839493546655202], [94.14773998528996, 25.839520131763212], [94.14771132364251, 25.839594032704834], [94.14770558430615, 25.839686926054323], [94.1476975569608, 25.840216980113137], [94.14769131636449, 25.840336424749772], [94.14765639345953, 25.840523997788807], [94.14752817063079, 25.841060832134783], [94.14750388647373, 25.84117687379809], [94.14750379394725, 25.841265932861724], [94.14753244930651, 25.84132823252924], [94.14762280545105, 25.841446390549482], [94.14800901454787, 25.841913409763723], [94.14808374000646, 25.84198045973904], [94.1482186993015, 25.842058137184488], [94.14955273702428, 25.8427436397635], [94.14963811021393, 25.842799824135145], [94.14978332916782, 25.84296803106201], [94.15020396709626, 25.843522627786715], [94.15028102637794, 25.843618889380668], [94.15035297514399, 25.843680712427652], [94.15044827920913, 25.84371029683287], [94.15058042228573, 25.84372809533396], [94.1514663740566, 25.843826685965173], [94.15157047981488, 25.843841931298286], [94.15165597158216, 25.843875328410032], [94.15169108403167, 25.84392676975853], [94.15172947802691, 25.844060706503384], [94.1518488317888, 25.844573779356157], [94.15187219696934, 25.84468993560942], [94.15187614147176, 25.84478342483799], [94.15186259936885, 25.844901003781068], [94.15177646440783, 25.845466062612456], [94.15175605109131, 25.84563147980008], [94.1517262737363, 25.846279819681524], [94.15171434410932, 25.8463745987535], [94.1516541929179, 25.846557155474258], [94.151494009828, 25.846966121605284], [94.15146416599764, 25.847054773702876], [94.1514636521613, 25.847131480912118], [94.15150759684667, 25.847170993003992], [94.15164668030718, 25.84722914707636], [94.1522170763766, 25.847436422338294], [94.15240438499482, 25.847524294741877], [94.15248904312551, 25.84758289328531], [94.15288195365434, 25.847876831445586], [94.15296557153593, 25.84793508865156], [94.15305369626533, 25.847974138045892], [94.15320193266027, 25.84796015441576], [94.15384479851859, 25.84779549152911], [94.15394061462344, 25.847787294718284], [94.1539819011939, 25.847800396356828], [94.15405116220063, 25.847861167858923], [94.1541141565599, 25.84793795053877], [94.15457954765748, 25.848530503606977], [94.1546590117292, 25.84862595187894], [94.15473272927804, 25.848685751214827], [94.15482874391054, 25.848710014041586], [94.15493459958701, 25.848718218872797], [94.155902714867, 25.84876626187106], [94.15611158395036, 25.84879244310198], [94.15629082929055, 25.848890538791135], [94.15696257239203, 25.849328737886214], [94.15701415724892, 25.84939218774922], [94.15699822383073, 25.849468551475603], [94.15695204144195, 25.84955104791558], [94.156679413533, 25.84999006430997], [94.1566068844553, 25.850116925296174], [94.15655620959178, 25.850228134999515], [94.15637560959213, 25.85065715271647], [94.1563255545662, 25.850791879753476], [94.15631914508664, 25.85085730623351], [94.15635328915228, 25.85093919296281], [94.15640857686473, 25.851018883962222], [94.15683876747788, 25.85159324270535], [94.15692323965732, 25.851713279741652], [94.1569551406297, 25.851776349986324], [94.15698073992036, 25.851961040669167], [94.15701192852869, 25.85260041857127], [94.15700869369537, 25.852694948437968], [94.1569909923927, 25.852813574489925], [94.15686663950622, 25.853476933964817], [94.1568498230441, 25.853664220200542], [94.15691079349905, 25.853820156294898], [94.15708163420149, 25.854149414132024], [94.1575782318737, 25.855115636836654], [94.15764931376549, 25.855271551615377], [94.15768339045749, 25.85541025310681], [94.15783135017132, 25.856208837054233], [94.157876740246, 25.856393352669425], [94.15791983782005, 25.856478309042043], [94.15825707885244, 25.857012351579925], [94.15832519001562, 25.85711296987094], [94.15847627047671, 25.8572806059345], [94.15895418678429, 25.857769469600644], [94.15907333483197, 25.857899567864408], [94.15915040219852, 25.857998346349675], [94.15969217075649, 25.858718832478512], [94.15979093692873, 25.858861957357323], [94.15987138375736, 25.8590378338575], [94.16011937536965, 25.85964230234502], [94.16016808202434, 25.85975295744485], [94.16022953217966, 25.859857011363562], [94.16053631762895, 25.86026975422314], [94.16066980997513, 25.860414515764603], [94.16077389327553, 25.860490267721318], [94.16111917602635, 25.86072343399417], [94.1612015766907, 25.860783408283325], [94.1612637122606, 25.860851743352065], [94.16127946332081, 25.860915856348544], [94.16127555025943, 25.86105867705154], [94.16125214824798, 25.86137427138412], [94.16119464259505, 25.862245186990947], [94.16114993973156, 25.862896271437144], [94.1611289901208, 25.86308786978998], [94.16106391526334, 25.863294004978552], [94.16086553850252, 25.86384188288621], [94.16083771767813, 25.863931310455815], [94.160837891053, 25.864010258731607], [94.16088073620047, 25.864053966895508], [94.16101564249492, 25.864122958863966], [94.16130509584913, 25.864253584441826], [94.16187745383915, 25.864516885087696], [94.1620625786529, 25.864611899314642], [94.16216794474751, 25.864683888238417], [94.16268412209966, 25.865058693267535], [94.1628052302713, 25.86515131360856], [94.16293608246885, 25.86527069749407], [94.16328459106984, 25.865601836736232], [94.16337322244904, 25.865690536293197], [94.1634304963366, 25.865768628190366], [94.16348369277114, 25.865903091468695], [94.16376000916262, 25.8667590950678], [94.16383486577526, 25.86693552240258], [94.16396150577243, 25.867055447671305], [94.16484967638203, 25.867756334532764], [94.16553694865982, 25.86829077633985], [94.16582016501103, 25.868514642258564], [94.16590087414774, 25.86857303883078], [94.16598050261115, 25.868602646106556], [94.16605835869849, 25.868567807502682], [94.16613511794291, 25.868503962163683], [94.16649809660649, 25.868174975485292], [94.16663626109046, 25.868061194471757], [94.16682208479348, 25.867973848181336], [94.1675062884263, 25.867714507053098], [94.167727116781, 25.867628033479132], [94.16787021391417, 25.86758034814324], [94.16793200093772, 25.86758012181689], [94.16799258332048, 25.867635156289627], [94.16804184693068, 25.867717576196526], [94.16837280873924, 25.868327672157303], [94.16846978007752, 25.86849982608188], [94.1685478778117, 25.86862420754451], [94.16898747917577, 25.869303447810978], [94.16904473330038, 25.869383262224364], [94.16916216197266, 25.869514512457847], [94.16949331063078, 25.869863938749223], [94.16956826515977, 25.86991945066735], [94.16961056592818, 25.86992960201111], [94.16970464199632, 25.869915297660977], [94.1698034764405, 25.869884817758056], [94.17040054349073, 25.86968671800065], [94.17054724376652, 25.86966135049944], [94.1706173976986, 25.86967889694777], [94.17075466386729, 25.869744597493987], [94.17118714518443, 25.869973185933535], [94.17132762283023, 25.87002668838729], [94.17140328702833, 25.870030313575338], [94.17155964868496, 25.87001400790701], [94.17213664377847, 25.869936499169324], [94.17229233080037, 25.869929399938027], [94.17239398954783, 25.869950433319076], [94.17309901523059, 25.870178369878165], [94.17319640608211, 25.870213347033143], [94.1732748343963, 25.870262076425497], [94.1733112278434, 25.87034172691682], [94.17332859137953, 25.870435183737396], [94.17345738463844, 25.871322173977987], [94.17347406904821, 25.871416656541363], [94.17350524867341, 25.871504177300388], [94.17356840832274, 25.871575896100836], [94.17364602635654, 25.87164066606946], [94.17402816518681, 25.871941713035763], [94.17413896519061, 25.872043498702684], [94.17423139734176, 25.87218528995352], [94.174446591463, 25.872566604470244], [94.17450962624649, 25.87271714303504], [94.17450570060872, 25.872808300865806], [94.17438131358625, 25.873344529535622], [94.17437333564823, 25.873437170862932], [94.17441309687932, 25.87359510800526], [94.1745887309921, 25.87408916679352], [94.17466696886348, 25.874289535236343], [94.17487197878434, 25.874775926398847], [94.17495195669238, 25.874950381737246], [94.17504529524366, 25.87509626978684], [94.17535461933197, 25.875548101546112], [94.17545889038027, 25.87568684794306], [94.17553455547664, 25.875751987453935], [94.17614310479283, 25.876144281039345], [94.17622992696504, 25.87619560327438], [94.17631531542607, 25.876220836819655], [94.17639832514821, 25.876187670305722], [94.17705025860103, 25.87568117643205], [94.17719880491472, 25.875545009166714], [94.17730102870249, 25.875380283672726], [94.17761111546046, 25.874827650933028], [94.17766132140339, 25.87474628025709], [94.17772419898168, 25.874684092764696], [94.17779018832414, 25.874666271443086], [94.17794421705602, 25.87466396951881], [94.17857722120918, 25.874680668167873], [94.17867675274603, 25.874697269015147], [94.17876764787972, 25.874742206629776], [94.17887483036789, 25.874814654938824], [94.17942713796074, 25.875203689514986], [94.17962441069209, 25.875326692310583], [94.17977607685476, 25.875370314654734], [94.18045901296465, 25.875511226573344], [94.18056273154906, 25.87553497550231], [94.18065912347399, 25.8755698072022], [94.18073804316666, 25.87562842659815], [94.18082732672273, 25.875715863411624], [94.18128439403087, 25.87618119461045], [94.18143139254734, 25.876318635750543], [94.18153497099453, 25.876395697381103], [94.18212842771565, 25.876814386928793], [94.18237306591696, 25.877001265199617], [94.18309922446677, 25.877599068386406], [94.1832463442558, 25.87773483563034], [94.1833000985441, 25.877816353771628], [94.18353705525143, 25.87827420698573], [94.18358828257881, 25.878357260400623], [94.18365590056686, 25.878428844914794], [94.18405832784785, 25.878742518564295], [94.18420406423135, 25.878846499185165], [94.18431572122788, 25.87891122556406], [94.18483889735441, 25.87919744401593], [94.18495034773848, 25.87926184044525], [94.1850297776742, 25.879322638608215], [94.1851256503729, 25.8794362075272], [94.18554666739037, 25.87999162647329], [94.18565478682133, 25.880155519532966], [94.18570793564513, 25.880290863563058], [94.18599263870813, 25.88111873399589], [94.18603478137302, 25.88123162228709], [94.18608377908191, 25.881309320009795], [94.18614250015537, 25.88134889907353], [94.18628555057616, 25.88140692318058], [94.18650817735809, 25.881487325069504], [94.18717136131154, 25.881734200011998], [94.18734476939905, 25.881781326818228], [94.18744707942506, 25.881775163399215], [94.18755059678683, 25.881756367636388], [94.1882248381031, 25.881618411527153], [94.18838074072066, 25.881597444072412], [94.18848635744524, 25.881603442625373], [94.18936022687554, 25.88172922223694], [94.18959996746194, 25.8817478054445], [94.19051728391094, 25.881711623428323], [94.19060962712891, 25.881724191119698], [94.1906401366109, 25.881746832357905], [94.19067056883776, 25.881824029459054], [94.19079238937344, 25.882600555975035], [94.19082278746436, 25.882764074448126], [94.19085573407571, 25.88288024570643], [94.19100381775704, 25.883341613549835], [94.19104721806337, 25.883425531407877], [94.19111634162782, 25.883492595014705], [94.19119733373387, 25.883552476926404], [94.19186230533471, 25.884021212890175], [94.19194958744436, 25.88407261898738], [94.19214553965222, 25.884141533801632], [94.19305029046704, 25.88441454744018], [94.19322751729281, 25.88445565860509], [94.19338387355961, 25.88445115616223], [94.19409411845413, 25.884375223984904], [94.19425120954281, 25.88436238259806], [94.19432784931129, 25.884366049372186], [94.19442646726147, 25.88439445494714], [94.19503028784601, 25.884654174866693], [94.19516804988471, 25.884720359271988], [94.19521750483605, 25.884763869040814], [94.19523834395402, 25.884844186208664], [94.19523729741674, 25.88493623823601], [94.19521165410862, 25.885407954955447], [94.19521581241005, 25.88550194861368], [94.19523577836557, 25.885620482735725], [94.19536766093076, 25.886258980258013], [94.19540050962574, 25.886347575404823], [94.19551209835032, 25.88647909530822], [94.19582151676175, 25.886781311062407], [94.1962374124838, 25.887191749507625], [94.19635126586122, 25.887293015307552], [94.19657082130318, 25.887425033608427], [94.19690971703231, 25.887612997434164], [94.19707811072388, 25.88772375564451], [94.19713925994361, 25.887799802044842], [94.1974710958129, 25.88834962550934], [94.19758781032452, 25.888537070637405], [94.19794269426909, 25.889091339595733], [94.19799739987326, 25.88917044561956], [94.19806357337035, 25.889233356060654], [94.19815453947096, 25.889260653285326], [94.19825693393861, 25.889271813974865], [94.19883225996234, 25.889315786758196], [94.19912179955482, 25.889326654080623], [94.19994075048024, 25.8893420390136], [94.20023149920509, 25.889358061582318], [94.20081421387202, 25.889413204707612], [94.20099188985544, 25.889446525906283], [94.20107733760524, 25.88949548496213], [94.2015726381102, 25.889884287725042], [94.20168647621625, 25.889979987067573], [94.20173036610441, 25.890033915245798], [94.20175913644802, 25.8901201138072], [94.20182757369963, 25.890663656834214], [94.20183257192588, 25.890755516833444], [94.20180824914122, 25.890835855786033], [94.20173963581982, 25.890898918079696], [94.20122752783593, 25.89123743012301], [94.20110456374488, 25.891326735126583], [94.20099602839397, 25.891430850132075], [94.20050887920189, 25.89193768375743], [94.20046164039437, 25.892011018553962], [94.20045957786245, 25.892048613276856], [94.20049849647384, 25.892125658985318], [94.20085020487387, 25.89257611559642], [94.2009127015665, 25.892652322922718], [94.200984212853, 25.89271707971607], [94.20112730010474, 25.89277158607736], [94.20146521756854, 25.89285497921787], [94.20164157392676, 25.892905135324398], [94.201702946827, 25.89293971218704], [94.20175235865922, 25.89301417855722], [94.20178624401002, 25.89310298440617], [94.20193228222747, 25.893537715104728], [94.20194442026357, 25.893627773969644], [94.20192031397293, 25.893715379284554], [94.20167260443165, 25.894213064810426], [94.2016422036458, 25.89430169035348], [94.20163605018612, 25.894395440149957], [94.201687666484, 25.895162770816277], [94.20171525913628, 25.895325416092675], [94.20176273689567, 25.895407496661488], [94.20211516304963, 25.895855281241452], [94.20217809722182, 25.895931182599444], [94.20224966869543, 25.895996477413952], [94.20234117737847, 25.896038618122915], [94.2024668561783, 25.896077452016932], [94.20307816781398, 25.896253713531525], [94.20330122758386, 25.89632974716357], [94.20338836865801, 25.896382638866378], [94.2041517722578, 25.896944566591742], [94.20421678243662, 25.897010984922357], [94.20423227657861, 25.897049697280448], [94.20422925374768, 25.89713812189926], [94.20401275617097, 25.898126026663466], [94.20398578515288, 25.898290970127775], [94.20399170954218, 25.898435097587114], [94.20405776446165, 25.899085462133602], [94.2040713155477, 25.899254182893248], [94.20407188867284, 25.89939732411366], [94.2040604827637, 25.899852347756333], [94.20406378766563, 25.899992698736362], [94.20408313108865, 25.900054222389933], [94.20415095389258, 25.900117133494593], [94.20423931128562, 25.900170011378588], [94.20465339959729, 25.900400287192085], [94.20479394821004, 25.90047059288255], [94.20501713913394, 25.900537647613987], [94.20544519175672, 25.900651224407735], [94.20554053714433, 25.90068689395173], [94.20562772313426, 25.900740563500175], [94.20620222809778, 25.901177665249197], [94.20630278281574, 25.901256869030572], [94.2063707879777, 25.90132727360416], [94.20643424946095, 25.901481971034396], [94.20670650097578, 25.902417300351413], [94.20674378375502, 25.90255811696044], [94.20676848293378, 25.9027011184173], [94.2068795739917, 25.90346745287507], [94.20690502595862, 25.903559365129134], [94.207008579253, 25.903722020650058], [94.20741865838359, 25.90427522196086], [94.20748806312075, 25.904375774134415], [94.20756483583989, 25.904525910134534], [94.20783068146844, 25.905119861756944], [94.20789254574709, 25.90529744789532], [94.20789230859185, 25.90536704524015], [94.20786523965741, 25.905532040801678], [94.20779903471929, 25.90588643584582], [94.20779446049784, 25.905980043918955], [94.20784567524882, 25.906163602633953], [94.20807756725459, 25.90680247546246], [94.20814538916022, 25.90698286861833], [94.20840600479718, 25.907653886265937], [94.20849199512944, 25.907828055458634], [94.2088426408225, 25.908472410633976], [94.20891078701997, 25.90860198116012], [94.2089664250754, 25.908737282069144], [94.2092922179778, 25.90971149235193], [94.20940705321382, 25.910060328606562], [94.20947606987879, 25.910213968203497], [94.2095450766623, 25.910283489118044], [94.21034465991016, 25.910886239280327], [94.21051107551148, 25.91100733515865], [94.21116862792643, 25.91142918164937], [94.21123955620632, 25.911495146613483], [94.21127703841155, 25.911578149181622], [94.21130528503735, 25.911692769794346], [94.21143351864585, 25.912273674066554], [94.21146005398101, 25.912413305691434], [94.21147156229812, 25.91255496846432], [94.21149727926806, 25.91314831001931], [94.2115042636694, 25.9132421644239], [94.2115263505473, 25.913330231084387], [94.21156579557142, 25.91338784193529], [94.21167112842838, 25.91349293130737], [94.21209380014261, 25.913888740276185], [94.21220698876671, 25.913988631397988], [94.21228871749125, 25.914048155248196], [94.2128185896599, 25.91440074309103], [94.21305947200503, 25.914550019560558], [94.21351526280715, 25.914807930290937], [94.21362652903657, 25.914874719933387], [94.21370363323402, 25.9149384165746], [94.2137906476457, 25.915058699500655], [94.21411055748133, 25.91556409523215], [94.21424370397608, 25.9157999984585], [94.21454071126352, 25.91638929674219], [94.21461315589961, 25.916516716633005], [94.2147233908631, 25.916652611209162], [94.21524101989273, 25.917238107780154], [94.21536546261075, 25.917362305387044], [94.2158975455333, 25.91786111603272], [94.21599035138362, 25.91794553855977], [94.21607095541742, 25.91800377332717], [94.21616624510949, 25.91804253454567], [94.21629338187505, 25.918079247566133], [94.21714122711155, 25.91830950942407], [94.21724185998293, 25.918339748171153], [94.21733058299031, 25.918382709866236], [94.21737890696271, 25.918434130889437], [94.21745481190923, 25.918559131964006], [94.21761035969227, 25.91883949433605], [94.21788851313855, 25.919332530748214], [94.21801040104783, 25.91957321516878], [94.21837558507546, 25.920402697399325], [94.21845940148474, 25.92057927644752], [94.21853202937714, 25.920703800176156], [94.21878242757609, 25.921115237197164], [94.21885506355332, 25.92121364528025], [94.21893925994995, 25.921307539317567], [94.21947368927205, 25.921882114515416], [94.21954961577815, 25.92194820290161], [94.21971054267311, 25.922031194879793], [94.220072992229, 25.92218928433334], [94.22021969430142, 25.92224657414544], [94.22032230436474, 25.922268292219645], [94.22045450852679, 25.922282604768483], [94.22096333676161, 25.92232543010183], [94.22106560636344, 25.92233815828622], [94.2211420224514, 25.92236982523391], [94.22116100475166, 25.922443810081468], [94.22115406526609, 25.92253677078532], [94.22108351427865, 25.923114824585735], [94.22107106991697, 25.923329400408207], [94.22112115548565, 25.923514993136003], [94.2213333797766, 25.924137563449218], [94.22139391365033, 25.924346352705], [94.22140062137058, 25.92448983026832], [94.22138076860278, 25.925574758306546], [94.22137161477004, 25.925670133809746], [94.22131840306419, 25.92585420155854], [94.22103158985858, 25.9266997653475], [94.2209783188639, 25.926908234174753], [94.22088896074766, 25.927644924703998], [94.22088183261586, 25.927737596118334], [94.22089903715019, 25.9278167642884], [94.22096973546137, 25.927865983720395], [94.22106470894646, 25.927901730670172], [94.2217617279451, 25.928133424318435], [94.22189684624192, 25.928197752839505], [94.22196203249052, 25.92826835380542], [94.22221820326344, 25.928663041905686], [94.22226521120396, 25.92874654216569], [94.22228336615586, 25.928809902500966], [94.22226398590192, 25.928897118136174], [94.22222301014854, 25.92898529266978], [94.2219867289743, 25.929448826324577], [94.22189710405843, 25.929649839181124], [94.22186552647955, 25.929861691046547], [94.22180810526828, 25.930457600992693], [94.22179404483745, 25.93057584112047], [94.22176926930189, 25.93066532638922], [94.22166676344314, 25.93079845626216], [94.22101505456914, 25.931485678369043], [94.22044350506287, 25.93208518965064], [94.22035872835455, 25.932177189467943], [94.22028263925338, 25.932275840368884], [94.21991709410302, 25.93284182703961], [94.21981510926712, 25.93298207008889], [94.21973661537591, 25.933043839085983], [94.21962322283422, 25.933107255276493], [94.21920492322049, 25.933326486365104], [94.21896154715216, 25.93347287339897], [94.21832441074868, 25.933899372718923], [94.21824701819202, 25.933962440263965], [94.21814026869187, 25.934099366551383], [94.21784658517095, 25.934532055772856], [94.21778020416302, 25.93463665047197], [94.21770233909253, 25.934789281351836], [94.21744042898325, 25.93534261722496], [94.2173963747034, 25.935429364322534], [94.21734061537539, 25.93550622981881], [94.21725984155998, 25.9355605936134], [94.2171438645652, 25.935615875899764], [94.21641143936797, 25.935947087600383], [94.2162299087137, 25.936042478943737], [94.21610883288136, 25.936135737515286], [94.21577355287125, 25.936410992939138], [94.21566424946076, 25.936513159229985], [94.21561566677357, 25.93659439764181], [94.215573721738, 25.936706340192593], [94.21539696293449, 25.93723039125655], [94.21533669675871, 25.937387907764986], [94.2152827996383, 25.937498207244314], [94.21507735403448, 25.93789211637965], [94.21502372012044, 25.938001678649517], [94.21499964976242, 25.938089979660933], [94.21501598293091, 25.93817918698564], [94.21505042164397, 25.93826901626746], [94.21528650788379, 25.93883099401534], [94.21534142549037, 25.938990750889843], [94.21536242540675, 25.939109469568432], [94.21545301690992, 25.93975577185258], [94.2154689745826, 25.93992331155812], [94.21544768271374, 25.940139335068487], [94.21534930191875, 25.940859646993], [94.21533954172318, 25.940955365558604], [94.21534456779722, 25.941049085536427], [94.21537144718717, 25.941139044301732], [94.21561867612975, 25.94176287294921], [94.21565793610092, 25.941897990392906], [94.21565849934461, 25.94199241078995], [94.21552651167654, 25.943092704224604], [94.21551532226137, 25.94328393004638], [94.21553364519822, 25.943427279537172], [94.2156723450781, 25.94426344305273], [94.21568939869543, 25.944382401982484], [94.2156865213916, 25.944474452779637], [94.21564892869357, 25.944558295641333], [94.21559562266464, 25.944639173080976], [94.21529978947528, 25.94506068271802], [94.21520713454191, 25.945204210180247], [94.21514956151533, 25.945312506325656], [94.21490611897167, 25.945793757239123], [94.2148550398663, 25.945877280091548], [94.21472364239136, 25.94602285829699], [94.2143748714823, 25.946374947403452], [94.21427862059286, 25.946485959803336], [94.2142119781752, 25.94658745417824], [94.21384437588286, 25.947189338547496], [94.21381183351338, 25.947271941984067], [94.21381283603324, 25.94731282768308], [94.213849262718, 25.94739376785181], [94.2141643234477, 25.947856885776016], [94.21424167647851, 25.94797971992785], [94.21429536968135, 25.948087757461725], [94.21446537135729, 25.94846160291293], [94.21449981546023, 25.948549619022543], [94.21451091234894, 25.948637958975347], [94.21445070905523, 25.948815994089845], [94.21418603572812, 25.949439498550657], [94.2141521216312, 25.949528935563993], [94.21413366394707, 25.94961985633951], [94.21413838459388, 25.949712798832422], [94.21422702585454, 25.950322958692922], [94.21423575208922, 25.95041649512811], [94.214227964594, 25.95050933764008], [94.21420353401155, 25.950601481384023], [94.21402671951249, 25.9511527729025], [94.21401482761473, 25.95124094208547], [94.21402570172128, 25.951281745632755], [94.214081639814, 25.95135666787461], [94.21461500103922, 25.951872584517133], [94.21466921795988, 25.951946982165946], [94.21467753096952, 25.951987199056447], [94.21465679156456, 25.952073632611402], [94.2144056980696, 25.952633580094606], [94.2143581502416, 25.952745702061623], [94.21433360826806, 25.9528365815821], [94.21435027830478, 25.952998600466966], [94.21449046040485, 25.953676377629936], [94.21452692841213, 25.95381424622056], [94.21459994886833, 25.953966190727048], [94.2148936952713, 25.954500887375122], [94.2149552622076, 25.954628036662054], [94.214962990414, 25.95468832831024], [94.21491995482369, 25.954761540075065], [94.21485036144028, 25.954830969285517], [94.21423638270655, 25.955397502617043], [94.21414576515224, 25.955484328636288], [94.21408383888982, 25.955559156932686], [94.21402176350706, 25.95571562314009], [94.21376615418116, 25.956579400222743], [94.21370679710046, 25.956764851720145], [94.2136603083862, 25.95687595124668], [94.21346051318552, 25.95731615879755], [94.21338035830934, 25.957543316741702], [94.21319969452932, 25.958170007344794], [94.21316837476692, 25.958286002550796], [94.21315634093536, 25.958378579588764], [94.21317231926933, 25.958471077400706], [94.21338391294293, 25.95911826766819], [94.21342400475409, 25.959232234661723], [94.21347001107303, 25.959313743318727], [94.21354439876508, 25.95937346315264], [94.21363202313282, 25.959424014183416], [94.21403798258953, 25.95964347735327], [94.21420006112463, 25.959721270411006], [94.2147630694492, 25.959929044345227], [94.21496307305901, 25.95998406562001], [94.21512336125176, 25.959987762349634], [94.21563675472484, 25.959975024502754], [94.2157308316913, 25.959988945593835], [94.21576398042359, 25.9600117002259], [94.21580298796819, 25.96008822902952], [94.21594691604301, 25.96062223961409], [94.21596018865131, 25.96071505630764], [94.21592450128003, 25.9609279313388], [94.2158048106499, 25.961426092314078], [94.21578629008367, 25.96151980245849], [94.2157901941619, 25.96160694218078], [94.21584219224381, 25.961677458506692], [94.21591607418436, 25.96174154740677], [94.21617179040975, 25.96194497982253], [94.21630541750322, 25.96205672301074], [94.21635558392025, 25.962109189467657], [94.21640761793476, 25.9621903617607], [94.21668850585276, 25.962757003429275], [94.21671023699781, 25.962839645208764], [94.21670056034557, 25.962876610794993], [94.21664012798144, 25.96294183702781], [94.21656041777135, 25.9630029805308], [94.21606444532655, 25.963365664512956], [94.21596748476804, 25.963466553941196], [94.21595294733181, 25.963531182185307], [94.21595869744793, 25.96367383586493], [94.21601094885477, 25.964326934520813], [94.21603717067792, 25.964492292542598], [94.21607806198962, 25.964578132180147], [94.2166676496668, 25.965508598689688], [94.21673087668975, 25.96558103404539], [94.21688570222729, 25.965667787132862], [94.2178657668972, 25.9661064749429], [94.21796410906462, 25.966138170505094], [94.21806726171039, 25.96614819080758], [94.2181994110752, 25.9661481641557], [94.21891750365208, 25.966135653112957], [94.21902261821843, 25.966135750836543], [94.2191182241175, 25.96614942002492], [94.21915610247977, 25.966170941018024], [94.21921169651773, 25.966243804011086], [94.21958298010615, 25.966969997271086], [94.21975270330432, 25.967298292469195], [94.21981088269371, 25.967352914561996], [94.21987040955601, 25.967350318048627], [94.22000882107668, 25.967295792061996], [94.22022264257217, 25.96719818003212], [94.2211427869177, 25.966788063733695], [94.22123561073434, 25.96675107595506], [94.22132084738006, 25.966740332876114], [94.22137461693973, 25.966772494269275], [94.22146863910893, 25.966883590808607], [94.22183507448975, 25.967362027798583], [94.22190810842062, 25.967462774080996], [94.22200742076856, 25.967630710473138], [94.22225785130684, 25.9680770318541], [94.22240462793943, 25.96830251906139], [94.22289856659839, 25.96897807356275], [94.22296528267792, 25.969049307476975], [94.2231172973869, 25.96914190269798], [94.2239274591956, 25.969557026045948], [94.22402333997913, 25.969595207396452], [94.22410007676562, 25.969611592980172], [94.22473754015589, 25.969677844372633], [94.22483336165061, 25.969705344253992], [94.22490918035889, 25.969765342284155], [94.22523533618069, 25.970149115421673], [94.22531996556528, 25.97024244227453], [94.22543664773752, 25.970341590264347], [94.2258497766485, 25.970651341587953], [94.2259278932473, 25.97071715628996], [94.22602887197006, 25.970826929484254], [94.22643117977509, 25.97130183819462], [94.22650848968676, 25.97139746336135], [94.2265518019582, 25.971478106731187], [94.22655558656048, 25.971567318636975], [94.2265415045701, 25.971660524032934], [94.22646560591173, 25.972060022887465], [94.22643896367704, 25.97222406820262], [94.22643718321613, 25.972293751192076], [94.22645610802425, 25.972384781172153], [94.22660475584756, 25.97281339351137], [94.22665515852152, 25.972972390362767], [94.22675957779184, 25.973437647063484], [94.22678362928525, 25.97352752373833], [94.22682593634185, 25.973600529962187], [94.2268863758925, 25.973630455709074], [94.22703967519234, 25.973660347529968], [94.22765026009098, 25.973755608983044], [94.22780768894621, 25.973771157333655], [94.22790867216057, 25.973755063058466], [94.22800753535083, 25.973723163615443], [94.22881993486286, 25.973430956238893], [94.22903773230182, 25.97334470473283], [94.22964810070646, 25.973058071986518], [94.22973512140632, 25.9730356170692], [94.22977218679327, 25.97304511912179], [94.22983334769108, 25.97310583339162], [94.23034782273575, 25.973889875662195], [94.23041752212035, 25.973990163301853], [94.23048487151215, 25.974054880251355], [94.23057642870421, 25.97408633382111], [94.2307052965233, 25.97410634803618], [94.23154289288074, 25.97421683842652], [94.23174951617584, 25.974253714027082], [94.23192463285902, 25.97430930117483], [94.23247705543625, 25.97449479175635], [94.23261541126138, 25.974547960909767], [94.23265187567539, 25.974581858069772], [94.23262432075236, 25.974644739076602], [94.23255883895804, 25.974716064852764], [94.23223481573676, 25.975044842356876], [94.2321900796356, 25.97510371836933], [94.23214788037683, 25.975190958667245], [94.23186286919166, 25.975998077754767], [94.2318483596032, 25.976086510969893], [94.23185877736555, 25.976126729301036], [94.23191445045529, 25.976199277637765], [94.2327628526473, 25.97698938989176], [94.23290289191524, 25.97713150718385], [94.23299661314881, 25.977275209537716], [94.23339284474929, 25.977953145657406], [94.23345190808091, 25.97806012523887], [94.23352594812495, 25.97824009676093], [94.23390245002683, 25.979268505480906], [94.233946653427, 25.979353998397805], [94.23401168157208, 25.979428246233955], [94.2347119677434, 25.980060636951617], [94.23501570970055, 25.9803327670581], [94.23510041454362, 25.980387649584213], [94.23519562787891, 25.98042549148409], [94.23577028286111, 25.980605785629372], [94.23586735750565, 25.980639659239745], [94.23594944196306, 25.98068652685662], [94.23599914664604, 25.980763365223453], [94.23623532271739, 25.981430464394627], [94.23627883710975, 25.981568142187985], [94.23628556189796, 25.981636056810004], [94.2362599733871, 25.981723556322542], [94.23580735812952, 25.98258681217788], [94.2356976262226, 25.98277705325541], [94.23560564412742, 25.98289513908788], [94.23506513770239, 25.983553901507364], [94.23462242277759, 25.98406220265739], [94.23447220110587, 25.984231027831544], [94.23438038070742, 25.984344723397633], [94.23435438795468, 25.984404301322655], [94.23436564743847, 25.98448981957523], [94.2345890045507, 25.98502718841619], [94.23462902269998, 25.985113649378825], [94.23468392952675, 25.9851831373895], [94.23477211713822, 25.98521518553399], [94.23487527337724, 25.98523020830056], [94.23553797763032, 25.985303160423502], [94.23568463388865, 25.9853397571894], [94.2357594024664, 25.98539897042725], [94.23584128390453, 25.985491043242394], [94.23627358735521, 25.986003140132844], [94.2363551831291, 25.986096114447765], [94.23642779754678, 25.98616215225692], [94.23651724279965, 25.986210997650364], [94.23759164674406, 25.986645670693417], [94.23771483182064, 25.986692244411362], [94.23786733161994, 25.986734378522186], [94.23846125546497, 25.986870554631246], [94.23856207159265, 25.986899903682644], [94.23870529538833, 25.986962367896933], [94.23917358894255, 25.987191887020046], [94.23948017227092, 25.98733934642893], [94.23961614935716, 25.987411093279846], [94.2396702773446, 25.987456230175777], [94.23970981220026, 25.98753611157035], [94.23973381608297, 25.98762644258033], [94.23983203787614, 25.988065096929915], [94.23983152044654, 25.988152775763055], [94.23978930411975, 25.98823357721289], [94.2397119843266, 25.9883296125376], [94.23943474267037, 25.988653063798278], [94.23937301403731, 25.988730090752664], [94.2393266995962, 25.98881135206769], [94.23931444028752, 25.988902903809848], [94.2393176832057, 25.988998718954175], [94.23937276879725, 25.989891410995142], [94.23940177899102, 25.99005785868368], [94.23952254400623, 25.990578296979415], [94.23954687577402, 25.99067158177899], [94.23958481971333, 25.99075729976013], [94.23965341686505, 25.9908263330623], [94.24011693677187, 25.99115810560674], [94.24024111538517, 25.991250867519117], [94.2408439316532, 25.991732683087946], [94.2411269952908, 25.99195678940199], [94.24124821485356, 25.992078365521845], [94.24127804161591, 25.99216632154759], [94.24135111237779, 25.992718247538125], [94.24137363224362, 25.992811421633316], [94.24145294270343, 25.992963436077225], [94.24180239453548, 25.993537462128504], [94.2418979321626, 25.993683147695997], [94.24199630666934, 25.993796144562413], [94.24234182567706, 25.994161617755395], [94.24242044084085, 25.994216471216493], [94.24251855842945, 25.99423614368729], [94.242625072571, 25.99423980542782], [94.24340802800296, 25.99424521285346], [94.24354229290027, 25.99424826255422], [94.24364660886431, 25.994261146872905], [94.24371855224048, 25.994285508138667], [94.24385733027378, 25.994351473521366], [94.2442932027311, 25.994572486391846], [94.2444549327199, 25.994650029455983], [94.24452687879099, 25.994674332505625], [94.24463116241571, 25.99468702299272], [94.24525028310617, 25.99469421321848], [94.24543078249452, 25.994729255166927], [94.24620229338977, 25.99500190844424], [94.24634886879973, 25.99505904574499], [94.24654602115682, 25.99518033686089], [94.24718209575163, 25.99561832433761], [94.24730430076625, 25.995710475541824], [94.24742736996015, 25.99583708694274], [94.24815141118084, 25.996644372715462], [94.24822846866591, 25.99670494883982], [94.24832454797715, 25.99673754692711], [94.24845552504053, 25.99676198196229], [94.24925015587621, 25.99689506371577], [94.2494848649987, 25.99694384651403], [94.24962928265536, 25.997005061154038], [94.25038304733216, 25.99737374435075], [94.25049876112055, 25.99743376378802], [94.25066025215749, 25.997555506220962], [94.25107293460573, 25.997926030210667], [94.2511965805181, 25.998048891209084], [94.25127711089006, 25.998170325380222], [94.25155681932006, 25.99865491913241], [94.25161362069379, 25.9987333847931], [94.25174593804356, 25.998848990383493], [94.25219146828852, 25.999191178421032], [94.25233467950774, 25.99929739424556], [94.25283784655963, 25.999641192553188], [94.25294016197553, 25.999714205166907], [94.25300783116755, 25.999780660016906], [94.25304612095823, 25.99986635681978], [94.25307043296309, 25.999959979813152], [94.25323930635503, 26.000696418183225], [94.25330130987257, 26.000904863331286], [94.25341729135891, 26.001064660262447], [94.25378732628906, 26.001509196342802], [94.25384876925786, 26.001587945105513], [94.25394201168939, 26.001757429768023], [94.25423361201717, 26.00241823248205], [94.2543012803109, 26.002647750482378], [94.25452109536594, 26.003531456074725], [94.25454906620897, 26.00367162618025], [94.2545546168991, 26.003766122142082], [94.25455115389369, 26.004669551403808], [94.25454091759099, 26.00488218377221], [94.25450141058315, 26.00502039844021], [94.25421857960922, 26.005819675064032], [94.25416335298215, 26.005953280220798], [94.2541080428118, 26.006032978687546], [94.25402443391334, 26.006125331635296], [94.2535244945083, 26.0066535066858], [94.25346471971098, 26.006730993334358], [94.25342264352136, 26.006816178048332], [94.25323850146454, 26.007309505570404], [94.2531901092202, 26.007489394356522], [94.25319696516245, 26.00755710104179], [94.25323393263301, 26.00769309235603], [94.25335877599962, 26.00810144561325], [94.25341021083783, 26.008332254751977], [94.25354098218703, 26.00910299689551], [94.25364451392181, 26.009625694515478], [94.25368214345076, 26.009790949263536], [94.25371992838824, 26.009904427145262], [94.25390494540416, 26.01039943385501], [94.25396602096201, 26.01058071054799], [94.2539917567966, 26.010720589675557], [94.25407103132379, 26.011284955722534], [94.25411181124443, 26.011519341495468], [94.25422654047925, 26.012080567275213], [94.25427120112191, 26.01224029006651], [94.25431843364123, 26.01232400550591], [94.25473005877241, 26.012906574377297], [94.25480331458719, 26.013005491816482], [94.25493700635936, 26.013154000621444], [94.25544404065856, 26.013678663759624], [94.2555115463572, 26.0137519606987], [94.2555655422923, 26.013830328277034], [94.25558935663045, 26.013918542499407], [94.25564208144944, 26.014483618130665], [94.25564900386703, 26.014622841117383], [94.25563649392838, 26.014687113474018], [94.25558257165515, 26.014761313150995], [94.25551014588365, 26.01482933775521], [94.25492243388881, 26.015347399421596], [94.25476131205944, 26.01550365367069], [94.25467090830422, 26.01564961311397], [94.25428503966887, 26.016363713931888], [94.25425194483546, 26.016452607601106], [94.25424548235532, 26.01654443569015], [94.25429447287765, 26.017204464162692], [94.25430486638551, 26.017297781905256], [94.25433004256966, 26.017387379623354], [94.25441961538324, 26.017533896976687], [94.25495597428659, 26.018314800425703], [94.25512721833256, 26.018587951125507], [94.25557312676823, 26.019358554904077], [94.2556515667605, 26.01948467582598], [94.25572626257474, 26.019582258155545], [94.25614938703984, 26.020099096832286], [94.25622926882816, 26.02019277311948], [94.25630212399433, 26.020255980877963], [94.25639447619544, 26.020294366947045], [94.2564955240885, 26.02032135609744], [94.25693331894051, 26.020425223865132], [94.25705985203817, 26.020458550782], [94.25715091156357, 26.0204977464661], [94.25722030552096, 26.020563631738636], [94.25761491656067, 26.021102107804204], [94.25769382996512, 26.021245822576955], [94.25769341943501, 26.021336180943358], [94.25756227528503, 26.02194755054081], [94.25750806195762, 26.02210170684484], [94.2574398178438, 26.02216976029232], [94.25735747916318, 26.022230022146964], [94.25684675278818, 26.022581100859902], [94.25671373924406, 26.022658699697562], [94.25621744071081, 26.022933148021135], [94.25610696230392, 26.022997209980577], [94.25603119929119, 26.02305753598967], [94.25598186920567, 26.02313812695594], [94.25565559390793, 26.02397766382017], [94.25561232475565, 26.024115324848303], [94.25560220792893, 26.02421013047904], [94.2555836693964, 26.025340043509598], [94.2555845102195, 26.02560411515125], [94.25561709660646, 26.026538173355085], [94.25563390767867, 26.02672860882923], [94.25567611322566, 26.026892507594717], [94.2558611302416, 26.027547072787584], [94.25590025546546, 26.02762986193337], [94.25593183394264, 26.027660422916426], [94.25601830397528, 26.02770048556023], [94.2566638674744, 26.027891731199805], [94.25768729921299, 26.028214114547836]]}, "properties": {"OBJECTID": 45752, "Name": "NH 2", "Road_Type": "National Highway", "Class_Code": 1, "Lane": " ", "Oneway": " ", "T_Elevatio": 0, "F_Elevatio": 0, "SL": 90, "Remarks": " ", "Bridge_Fly": " ", "Shape_Leng": 66388.5120448, "ID": 45889, "Type": "", "NSEW_Corr": "", "Shape_Length": 66388.51204484655}, "id": 45752}, {"type": "Feature", "geometry": {"type": "LineString", "coordinates": [[94.25768729921299, 26.028214114547836], [94.25894582994289, 26.0276124261867]]}, "properties": {"OBJECTID": 45753, "Name": "NH 2", "Road_Type": "National Highway", "Class_Code": 1, "Lane": " ", "Oneway": " ", "T_Elevatio": 0, "F_Elevatio": 0, "SL": 90, "Remarks": " ", "Bridge_Fly": " ", "Shape_Leng": 158.694208947, "ID": 45890, "Type": "", "NSEW_Corr": "", "Shape_Length": 158.69420894672984}, "id": 45753}, {"type": "Feature", "geometry": {"type": "LineString", "coordinates": [[93.1689956528861, 26.073843042013433], [93.16995605882433, 26.073511700124797], [93.17111008943557, 26.073123091011766], [93.17138751434813, 26.073034760749476], [93.1721503987217, 26.072813589852704], [93.172355321506, 26.07276196926374], [93.17256596476203, 26.07274565133033], [93.17325542533584, 26.072716776417565], [93.17357258183512, 26.07269104921534], [93.17444304036228, 26.07259699043833], [93.17465195525969, 26.072566930958228], [93.1747532241383, 26.072536833546053], [93.17738890184317, 26.071572883577442], [93.1775859464024, 26.071496629951366], [93.1783476225419, 26.071143363306195], [93.17850731604999, 26.071057920293473], [93.17858444809524, 26.070994074216454], [93.17931584022988, 26.070270324486238], [93.17941600597733, 26.070160191580968], [93.17947018876198, 26.070077618058903], [93.18218631688877, 26.065199959954942], [93.18243796913582, 26.06474628352016], [93.18254019741514, 26.06457721666091], [93.18263692710663, 26.0644643888151], [93.18308318498697, 26.06399174274257], [93.18315884469344, 26.063925496947643], [93.18328792810819, 26.06383937001489], [93.18375232117748, 26.063550359747424], [93.18757285158927, 26.061164347157902], [93.18787764906683, 26.060967543232405], [93.18903087119429, 26.060189446397903], [93.19001694918674, 26.059526039643277], [93.1902710879705, 26.05935196109257], [93.19094042807858, 26.05888499742972], [93.19197839725341, 26.058156522135842], [93.19223608078927, 26.05798539436886], [93.19300115615384, 26.05751567418069], [93.19309183928513, 26.057467801037177], [93.193290646339, 26.05739859629909], [93.19382259631088, 26.05723489350063], [93.19410336115966, 26.057157605641322], [93.19472187099574, 26.05701151546122], [93.19498215784928, 26.056956550120653], [93.19624961064662, 26.056733349899833], [93.19656124071025, 26.05666970180274], [93.19706843940114, 26.0565455431651], [93.19726322739238, 26.056477248191705], [93.19770696370169, 26.056271186407393], [93.19784201642153, 26.056199689043474], [93.1980007352575, 26.056074806015715], [93.19838543787961, 26.05574675329886], [93.19851051750312, 26.05562589922801], [93.19861977869283, 26.055437459629466], [93.19899570118136, 26.05470192807379], [93.19908857979519, 26.054530875964293], [93.1994236163619, 26.054014902414252], [93.1995222459902, 26.05387343179002], [93.19962112804508, 26.053761322384897], [93.2004116032743, 26.052922383664953], [93.20053543962946, 26.052798430079747], [93.20101138323668, 26.05239864657249], [93.20120929377184, 26.052240619972544], [93.20189808060921, 26.05170625831835], [93.2045579328767, 26.049602788748555], [93.20872662963134, 26.046310905405406], [93.20886604816344, 26.04619737637223], [93.20957355409467, 26.04560617231234], [93.20971394101068, 26.04549436411433], [93.20982044437243, 26.045423601083083], [93.21069300495736, 26.04488005189691], [93.21080377262179, 26.04481534895008], [93.21089847571399, 26.044775093607257], [93.21102446892417, 26.04473916184622], [93.21230155705119, 26.044412487396684], [93.21260570414849, 26.04432560762987], [93.21335861183255, 26.044080309248216], [93.21371123112426, 26.04396730993258], [93.21385919173642, 26.043915278734097], [93.21392515592605, 26.043880131209388], [93.21399482117462, 26.04381176832358], [93.21405526342022, 26.043732898575595], [93.21448115289976, 26.043147335042235], [93.2146061435901, 26.04299201510637], [93.21468285342715, 26.042926216683025], [93.2167939150061, 26.041373920405977], [93.2168618186584, 26.04130471988644], [93.21690110018913, 26.04121900732924], [93.21692740645395, 26.041126036301396], [93.21705336013824, 26.040631139017933], [93.2175660241793, 26.03865616275719], [93.21760276257949, 26.03849087197547], [93.21761403284304, 26.038346814307612], [93.21765767659281, 26.037140334078057], [93.21766394413855, 26.037019967712084], [93.21768349327574, 26.036902089655637], [93.21771915818915, 26.036787374691567], [93.21807641907597, 26.035736347002427], [93.2181746857849, 26.035437375729988], [93.21876960945487, 26.033590099102387], [93.21885831898747, 26.033337445114363], [93.21911339022252, 26.032699902467247], [93.21916597849756, 26.0325630853245], [93.21939386940706, 26.031904091670857], [93.21942958642275, 26.031789676933315], [93.21946641195949, 26.031625559805025], [93.21956104588142, 26.03115431980628], [93.21962036163964, 26.03082285963167], [93.22003783210835, 26.028158018531848], [93.22008622525101, 26.02787326307203], [93.2201866883408, 26.02735362531822], [93.22021318504846, 26.027236640819503], [93.22024726623201, 26.027146478306033], [93.22030608522186, 26.02703808559224], [93.22054254605916, 26.02662974896633], [93.22063538694378, 26.026483492398764], [93.22078402847887, 26.026346678500225], [93.22147359505392, 26.025805982419335], [93.2215562185005, 26.02574444537362], [93.22173778239247, 26.02564566298225], [93.22230845154974, 26.025386300789926], [93.22242851587905, 26.025334963635114], [93.22262886983181, 26.02527244152585], [93.22356891635246, 26.025013270628968], [93.22372218960119, 26.024977012343765], [93.22382626571503, 26.024968546936233], [93.22395799736326, 26.024970196104547], [93.22467124083421, 26.024990545531878], [93.22485467052702, 26.025004814103593], [93.22498330029258, 26.025031173339855], [93.2257000274302, 26.02520102454774], [93.22601022468098, 26.025260595474155], [93.22679322862196, 26.025376945041742], [93.2269229588237, 26.02539939560726], [93.22707583322045, 26.02543584507441], [93.22748124650143, 26.025542070255263], [93.22765939769364, 26.025584753873126], [93.22786799907902, 26.025608634800417], [93.22863081068903, 26.025663969208605], [93.22876162605566, 26.02567538981263], [93.2288623801996, 26.025694656630634], [93.22904702531301, 26.025788083862775], [93.22940557977381, 26.026002661326796], [93.22949672284255, 26.02605341537576], [93.22969159707209, 26.026126850694254], [93.23009587488256, 26.026243774143513], [93.2303162226386, 26.026320458401194], [93.23040102539802, 26.026376518970896], [93.23087459026635, 26.026770028721895], [93.23095412261004, 26.026831330329927], [93.23103712963724, 26.026868368619713], [93.23112703213256, 26.026851698807658], [93.23122037427713, 26.026810961848643], [93.23183092414145, 26.026517459333597], [93.23202352653159, 26.02643836242821], [93.23215011352818, 26.026401259425164], [93.23339904665758, 26.02605545764557], [93.2335014851427, 26.026029846933678], [93.23371061473748, 26.02600751757204], [93.23447780832947, 26.02597976771197], [93.23466086701805, 26.02598423729893], [93.23476275034433, 26.026009197400164], [93.23526307333003, 26.02618330366556], [93.23536437005639, 26.02621228610272], [93.2354693355024, 26.026225237949895], [93.23598215046044, 26.0262293208691], [93.23608697666758, 26.02622439117603], [93.23617712170801, 26.026195369188052], [93.23624475227248, 26.026130858545343], [93.23661735907933, 26.025642424399173], [93.23671530419135, 26.025533195625517], [93.23686268089857, 26.025434534947383], [93.23719686137079, 26.02523839108628], [93.23728663271206, 26.025191925483032], [93.2373559476177, 26.025171638247123], [93.23745363311664, 26.025181334661614], [93.23755383389837, 26.02520931799913], [93.23851026658811, 26.025508043303464], [93.23861042155576, 26.025535967635633], [93.23870779444101, 26.025545245070365], [93.23880026162645, 26.02551259928145], [93.2388899179834, 26.025461082977834], [93.23938130183367, 26.025160400027477], [93.23953197266304, 26.025060495904636], [93.23960180499827, 26.02498960268886], [93.23988113613586, 26.0246074697351], [93.2406860239355, 26.02349808823067], [93.24079551239895, 26.023362572121886], [93.24097239337333, 26.0232212840853], [93.24160758133098, 26.022755386576282], [93.2417605895767, 26.022627412505933], [93.24181569313451, 26.022548476041997], [93.24205811878531, 26.02210047014021], [93.24212891052129, 26.02194844497329], [93.24216791716754, 26.02173769695974], [93.24226971156061, 26.020978427341294], [93.24230193772308, 26.020815908798184], [93.24234665765455, 26.020732836341043], [93.24240669835322, 26.02065539525991], [93.24285136801211, 26.020122080393186], [93.24305014092995, 26.019897849412924], [93.24380328127766, 26.019088325082997], [93.24390196749982, 26.018975380803578], [93.24400173170034, 26.018833035611348], [93.2442474901008, 26.018460155762096], [93.24439190865577, 26.01822840426135], [93.24492925660425, 26.01733415638962], [93.24499349333355, 26.01726317535664], [93.24508056703405, 26.01722072686039], [93.24565527232191, 26.017055773999196], [93.24578052801523, 26.017023273581614], [93.24588248500336, 26.017011139304323], [93.24606768078402, 26.017030684442897], [93.24673151242278, 26.017132122780012], [93.24689066065345, 26.017146273636627], [93.24709881916941, 26.017120043409196], [93.24759280274417, 26.017033041710235], [93.24777588478894, 26.01700855115347], [93.2479091759125, 26.01700352419905], [93.24844415320689, 26.0169942057249], [93.2485502163942, 26.016995606361945], [93.24865222548459, 26.017011678569673], [93.24884193080796, 26.01709558435462], [93.24949657807127, 26.017423127630188], [93.24968766769851, 26.017501309505196], [93.24987132286846, 26.017508989160614], [93.25048791659799, 26.017486374822333], [93.25067375647072, 26.017473343704523], [93.25087295519002, 26.017412127623654], [93.2517753398424, 26.017057940747176], [93.25189764726494, 26.0170118585939], [93.25199746177113, 26.016984895322892], [93.25210179839641, 26.01697912324461], [93.2522346861764, 26.01698431569321], [93.25311402994002, 26.017030472934675], [93.25332594071891, 26.017031847738213], [93.25353300149361, 26.016987697404428], [93.2543305814984, 26.016779524603013], [93.25445566830845, 26.016738834199366], [93.25493824238077, 26.016540491287337], [93.25512017727692, 26.01644757658644], [93.25519584866153, 26.016383653941997], [93.25555280052787, 26.0160374173854], [93.25570364652872, 26.01590953205776], [93.25579698507998, 26.01586489692702], [93.25729739438665, 26.015328693589588], [93.25822040435794, 26.015001093610266], [93.25841258903151, 26.01491772237407], [93.25850160668625, 26.01486385621853], [93.25968568774036, 26.01410732248867], [93.25989162651926, 26.013955689813965], [93.26064268726704, 26.013319059071442], [93.26084923869695, 26.01313339564648], [93.2613778765804, 26.012625165363737], [93.26151792393318, 26.01248112356909], [93.26162896917705, 26.012320574414126], [93.26202533732143, 26.01170448755876], [93.2620880469148, 26.011600973754298], [93.26212308570244, 26.01151373545667], [93.26214038905144, 26.011347115529038], [93.2621545339239, 26.011032960119202], [93.26221434734877, 26.00982606501986], [93.2622356832351, 26.009735398272802], [93.26228820952639, 26.009657302454837], [93.26235493369076, 26.009584256462595], [93.26285699761148, 26.009061115429528], [93.26305886163223, 26.008871796097377], [93.26383117202809, 26.008212771133955], [93.26401660406565, 26.008042291449293], [93.26409901550981, 26.00794967116288], [93.26458537687938, 26.007387308267155], [93.26469692697641, 26.007254861675165], [93.26480154926597, 26.00711590041464], [93.26529891230281, 26.006433776826768], [93.2654285499781, 26.006283868445756], [93.26557656898069, 26.00618081247892], [93.26597142256553, 26.0059281196664], [93.26617983620302, 26.005780937904397], [93.266634971235, 26.005427664591718], [93.26670770153534, 26.00536135018832], [93.26681039154873, 26.005225423185227], [93.26713818499925, 26.004740103264343], [93.26721859409865, 26.00459462679131], [93.26723522011793, 26.00450141682825], [93.26730534260902, 26.002469761320153], [93.26732133621435, 26.00237621541382], [93.26739924889557, 26.00222716333377], [93.26755855612804, 26.001978156617277], [93.2681896315983, 26.000980029286005], [93.2682741028794, 26.000859541056], [93.2683449664806, 26.00079141470131], [93.26873145764844, 26.00050729448307], [93.26883541787963, 26.000435663011903], [93.26892597255184, 26.000387366102213], [93.2690485728252, 26.00033849753483], [93.26952150078799, 26.00016346722157], [93.27173432621727, 25.999339864561865], [93.27235562442397, 25.999107050723985], [93.27250625123582, 25.99905918603818], [93.27260872475526, 25.999048978799788], [93.27273909815075, 25.999052806716122], [93.27323682051369, 25.999079642497485], [93.27334103856138, 25.999080123711934], [93.2735507879937, 25.99904579034962], [93.27477950813092, 25.998769830428365], [93.27514560394852, 25.99868638065355], [93.27532800686696, 25.998660695341062], [93.2755310333077, 25.99870489455093], [93.27651755416957, 25.99899811295734], [93.27672132082209, 25.999046085053163], [93.27682540232585, 25.999046220697547], [93.27761578233367, 25.99897303972791], [93.27776923165219, 25.99894860434517], [93.27785914941884, 25.998906507717322], [93.27794165877938, 25.998848856353696], [93.27860911601863, 25.998344542369775], [93.27870717611505, 25.99826566628389], [93.27881154238476, 25.998156433838673], [93.2791522491175, 25.997750867923916], [93.27922277674877, 25.99767876485571], [93.2793468089367, 25.99758772135658], [93.27980338396806, 25.997289637959987], [93.28003357007309, 25.997126787075373], [93.28043494183359, 25.996817849139294], [93.2805601014072, 25.99670091333923], [93.28060192696682, 25.99661818473903], [93.28076097278955, 25.996122265688573], [93.28079447186482, 25.99603369413433], [93.28087190125241, 25.99588401793883], [93.28109603630571, 25.995482271405084], [93.2812008912589, 25.9953208447487], [93.28127574876987, 25.99525401757171], [93.28211439615619, 25.994651313281093], [93.28224233871052, 25.994563656252488], [93.2823536795001, 25.994498277996495], [93.2830567109229, 25.99410913087802], [93.28326804049182, 25.994006737636354], [93.28422182943969, 25.993618379377953], [93.28451707962243, 25.993503588197655], [93.28560857042189, 25.993106367344513], [93.28595383430806, 25.99297528377267], [93.28703395333433, 25.992551684922194], [93.28720743328707, 25.992488602747862], [93.28736107484504, 25.99244895684561], [93.28808559307114, 25.992283650245543], [93.28839809360228, 25.992221102461812], [93.28949721469175, 25.992024191747408], [93.28967917653739, 25.99198673873763], [93.28980725653398, 25.99195175653052], [93.29059789435824, 25.991722895090874], [93.29082008276231, 25.991641096407115], [93.2922606436098, 25.99101037645186], [93.29274115874348, 25.990800998085735], [93.2928659787539, 25.99076173273712], [93.29299588502546, 25.990736771602496], [93.29359828537352, 25.99063533630544], [93.29370086669077, 25.99063253198023], [93.29379904446648, 25.990658401534677], [93.29391937649373, 25.990707493758592], [93.29456757475161, 25.990984586106226], [93.29481698210878, 25.991063739194498], [93.2958075453894, 25.99132857830448], [93.29648070423579, 25.991484766807016], [93.2966862046368, 25.99153677684111], [93.29678550081503, 25.99156890480649], [93.29747627472581, 25.99180612776085], [93.29759856418207, 25.991850558059436], [93.29776361254756, 25.99192483353079], [93.2983902458487, 25.992230879920502], [93.298601075056, 25.99232901297198], [93.29869845602605, 25.99236487357557], [93.29956455143586, 25.992650802795914], [93.29981589915408, 25.992726885642934], [93.30043273812367, 25.99289031995206], [93.30053664086273, 25.99290980450922], [93.30071997353745, 25.99291289623199], [93.30145837342965, 25.99288936231721], [93.30156203721683, 25.992895733091974], [93.30173753568397, 25.99294507065319], [93.30297618849326, 25.993376601242275], [93.30330020452804, 25.993481116999092], [93.30392885005546, 25.99366046417401], [93.30413203280304, 25.993712043685143], [93.30429031415946, 25.99373794001477], [93.304952615069, 25.99383556796339], [93.30511194745432, 25.99385511049966], [93.30524247715665, 25.993861031476534], [93.30579316598539, 25.993868030388967], [93.30589693936702, 25.99387198605004], [93.30599495724262, 25.993889300846625], [93.30608190877224, 25.993936907642283], [93.30686471418555, 25.994553110307056], [93.30696350910387, 25.99463330743044], [93.30705123498124, 25.994722006000465], [93.3071254232473, 25.994821092975823], [93.30756850737971, 25.995448375426797], [93.30823662128745, 25.99642261202953], [93.3084120065669, 25.99666328741666], [93.30899348694861, 25.997416669938907], [93.30910637463711, 25.99755078363747], [93.30922050739058, 25.997648601390612], [93.30981903150823, 25.998115567424936], [93.3100064631956, 25.998245220179207], [93.3101761019522, 25.998317561086317], [93.3105963356387, 25.998481484176867], [93.31071806095296, 25.99853291704514], [93.31085525795136, 25.998602661951878], [93.31148709429466, 25.998942777284004], [93.31156950573882, 25.998998864653554], [93.3116373878316, 25.99906967102365], [93.31210178269748, 25.999677413448882], [93.31221440538299, 25.999809193597876], [93.31230930251127, 25.999894447116713], [93.3126636196189, 26.00019178190441], [93.31280894906557, 26.000331288276975], [93.31290525026067, 26.000523451302165], [93.31310001848898, 26.00099197951947], [93.31316100152037, 26.001117852923358], [93.3132042805541, 26.001160813476137], [93.31329189144715, 26.0011722445379], [93.31339423920242, 26.00116064150155], [93.31399833556974, 26.00106883529214], [93.31420859165188, 26.001054057575626], [93.31431486594326, 26.001061924007157], [93.31497988335819, 26.00112806967073], [93.31516312260814, 26.001155626786908], [93.31526273229844, 26.0011898020911], [93.3159417876863, 26.001486240626477], [93.31613897417938, 26.001558087030077], [93.31632062969953, 26.00156818020855], [93.31692832381955, 26.001560799052122], [93.31713554629098, 26.001545117120912], [93.31723059882783, 26.001510809508126], [93.31771190537728, 26.00127079803905], [93.31795644117067, 26.001130541099677], [93.31843236231998, 26.000825264731372], [93.31860814375644, 26.000718353505995], [93.31870029742988, 26.000673323435976], [93.31924298137112, 26.00043368004379], [93.31953354234805, 26.000321080341685], [93.32039663109663, 26.000018845768945], [93.3205456274663, 25.999969903574787], [93.32072377506523, 25.999924080350166], [93.32164553009007, 25.9997036976317], [93.32174883005953, 25.999686321521956], [93.32193312393163, 25.999684217430794], [93.32288669099563, 25.999717632590023], [93.32301863554456, 25.999720288136395], [93.3231213237613, 25.999711315473736], [93.3232172440707, 25.999678960432362], [93.32333357679833, 25.99962471507378], [93.32384278412219, 25.999376205046364], [93.32395992982511, 25.999323508150916], [93.32408502831328, 25.999287027161582], [93.32424292069918, 25.999259872502424], [93.32485139635352, 25.999164177146884], [93.32505794868175, 25.999115903936666], [93.32515652890272, 25.999077613484303], [93.32586429265046, 25.998780040920668], [93.32603703149306, 25.998714715070193], [93.32613979516832, 25.998695158001425], [93.32664280860827, 25.998659540745287], [93.32788054513597, 25.99857543688982], [93.3280114844701, 25.998564447228805], [93.32814216059784, 25.998542804593846], [93.3288704149172, 25.99836808326604], [93.3290526148164, 25.99833723044822], [93.3295491756577, 25.99826635985111], [93.32972644650091, 25.99822793832102], [93.32990561907759, 25.998126725069913], [93.330360416343, 25.997827501355573], [93.33056107662128, 25.997711113988593], [93.33066000898185, 25.997683003791625], [93.33138487305935, 25.99755285385531], [93.33169424475832, 25.997486685185834], [93.33243878373719, 25.99730162893979], [93.3325379604395, 25.997269151314494], [93.33267343267255, 25.99719864583417], [93.33308911100228, 25.996949693052493], [93.33316518662875, 25.996888664090655], [93.3332545043208, 25.996744724108627], [93.33351408150533, 25.996215848064608], [93.3335724486426, 25.99610783131379], [93.33365551406027, 25.995984168931813], [93.33397521279178, 25.995538114967626], [93.33402092805662, 25.995453178030502], [93.33403870930934, 25.995385360209514], [93.33405567668844, 25.99524398117852], [93.33409870149896, 25.994793081402054], [93.33412601836842, 25.99470643942726], [93.33416989568015, 25.99465217562402], [93.3342847551707, 25.99455601062383], [93.33496369647257, 25.99402385458992], [93.33504919273142, 25.993971239267747], [93.33514744057571, 25.99393752129829], [93.33611149726728, 25.99371751896036], [93.3362672381881, 25.993686368589426], [93.33634342969721, 25.993683860668916], [93.33644108375512, 25.99371091810872], [93.33656066658743, 25.993764099565187], [93.33722973630263, 25.994074899415523], [93.33736634400621, 25.994147849278274], [93.33743796488716, 25.994213879333515], [93.3374983460473, 25.994290473085247], [93.33790406116222, 25.994843908693227], [93.33798547278148, 25.994964937614807], [93.33806887057584, 25.995140930059776], [93.33860167304894, 25.996369808036537], [93.3386555144738, 25.99644614604409], [93.33873766360989, 25.996497117956583], [93.33987914116335, 25.996943683414916], [93.33997716802207, 25.996964331601415], [93.34005197253244, 25.996957186730175], [93.34020292004287, 25.99691667274257], [93.34085801736212, 25.99671854019165], [93.34101005273239, 25.996687809668988], [93.3411916363873, 25.996708176109816], [93.34228668990517, 25.996920169685552], [93.34249386117261, 25.996944254261848], [93.34259446260296, 25.996923887054518], [93.34353924414349, 25.99660033583], [93.34368406424538, 25.99654226428159], [93.34385888178957, 25.996431218372454], [93.34428381456337, 25.996132781618382], [93.34436971775904, 25.99607623991376], [93.34446020236264, 25.996036411128483], [93.34453335756614, 25.996031939593948], [93.34468750667226, 25.996051539092296], [93.34518095844433, 25.99613051920788], [93.34535823108418, 25.996168889748567], [93.34556782600629, 25.996273309360298], [93.34629785898991, 25.99668367323989], [93.34638925987512, 25.996731166671584], [93.34648116741016, 25.996757039727964], [93.34657300307997, 25.996735157762853], [93.34735855194815, 25.99633890786326], [93.34744259922445, 25.996284089304897], [93.3474946404255, 25.996232396268255], [93.34758612665065, 25.99611665649254], [93.34798601080105, 25.995584193436212], [93.34808187272, 25.99547306345615], [93.34816354844392, 25.995417248930252], [93.3482795550831, 25.995361791262898], [93.34877895549901, 25.995142716910802], [93.34890374766164, 25.995098285434697], [93.35013895722844, 25.99468849979488], [93.35086664740581, 25.994444894205188], [93.35109542046092, 25.994379657184947], [93.35122618013197, 25.994356798583105], [93.35217183842819, 25.994204915939576], [93.35235572985505, 25.994184920487424], [93.3524618963486, 25.994192668685155], [93.35347098917862, 25.994345522693962], [93.35360303703382, 25.994368241611046], [93.35378283663454, 25.99441549455446], [93.35441819437376, 25.99460691068693], [93.35523820171794, 25.99486649267216], [93.35538812694558, 25.994910821691633], [93.35554466107881, 25.994946518405413], [93.35628002017376, 25.99509840574236], [93.35643395188758, 25.995139068117382], [93.35662038734331, 25.99522983171977], [93.35732869726672, 25.995613116410507], [93.35829542105638, 25.996114214025454], [93.35846063291524, 25.996181397595823], [93.35856441528, 25.996187756080705], [93.35979847140997, 25.99609729438864], [93.3600128920818, 25.9960878289186], [93.36014595054168, 25.99609334606932], [93.36105091605384, 25.996149140895824], [93.36123685833451, 25.996150839722], [93.36136941553447, 25.996134859128063], [93.36211063074673, 25.996023374400593], [93.36278920104436, 25.995943087794007], [93.36289250281045, 25.99593899171011], [93.36299302878236, 25.995956353032945], [93.36309165122412, 25.995987995333184], [93.36360756357325, 25.996170866329273], [93.36377395492006, 25.996239682483168], [93.36385937751707, 25.99629579859567], [93.36440359218754, 25.996722541779885], [93.36461635187439, 25.996903628845587], [93.36518729681447, 25.997436862658514], [93.36530648618466, 25.997533917497066], [93.3658789968883, 25.99797360145934], [93.36603283787227, 25.998106118265774], [93.36608929519126, 25.998185198734244], [93.36663124880215, 25.999140671936026], [93.36688470845957, 25.99963454197536], [93.36696270648075, 25.999808926347914], [93.36699165379244, 25.99994964346888], [93.36706955928716, 26.000497751858234], [93.36708420182629, 26.000640585146503], [93.36706306626427, 26.00082932754172], [93.36690059606369, 26.00170078742468], [93.36688331607085, 26.00188727550544], [93.36691024217319, 26.001976738845983], [93.36738341088451, 26.002964520014178], [93.3674385234255, 26.00304165627171], [93.36751928915604, 26.003098675014535], [93.36761143025306, 26.003146404029508], [93.36850581271288, 26.003584042894115], [93.36866230013368, 26.003673401598277], [93.36882047998049, 26.003834583446505], [93.36937010610222, 26.004458082877715], [93.36945560505603, 26.004550022883468], [93.36953372614639, 26.004612591554142], [93.36967448047334, 26.004680072220097], [93.37048040582711, 26.005014757374393], [93.37064850666789, 26.00508978990585], [93.37082129401952, 26.005202562656887], [93.37167530259721, 26.00582529025568], [93.37190516351211, 26.00598934900126], [93.37261755268524, 26.00648637364964], [93.37278705849114, 26.006600881680356], [93.3730136899626, 26.00673051538069], [93.37349403621303, 26.006997076780582], [93.37367315578912, 26.007103184627567], [93.37381421284827, 26.007213920921167], [93.37444279639192, 26.007739599602253], [93.37455368173565, 26.00784313537973], [93.37465437928574, 26.00798272793133], [93.37534936180361, 26.009057812609147], [93.37541287089758, 26.009131375624968], [93.37556313389176, 26.009223650246394], [93.37637208117818, 26.009632642433935], [93.37648881724932, 26.009688780404954], [93.37665962022251, 26.009758601035482], [93.3773499952813, 26.01002587570157], [93.37749078733746, 26.01009096597907], [93.37756509418112, 26.010154959058184], [93.37762781814753, 26.010231349464025], [93.37801870117877, 26.010746156903043], [93.37806265754229, 26.01082941969057], [93.37807512975168, 26.01092066525246], [93.37807239348332, 26.011039502677452], [93.37803869228712, 26.01178049590173], [93.37804258019567, 26.011993398763266], [93.37807095168728, 26.01208293917365], [93.37835534752648, 26.01272100152643], [93.37839680837008, 26.01280714663337], [93.37845045755549, 26.01288309532874], [93.3785322024497, 26.012937274822665], [93.37862632523021, 26.01298110940648], [93.37915746761672, 26.01321115169705], [93.37923995990924, 26.013262289098346], [93.37926776186897, 26.013296382570555], [93.37929682416504, 26.013381391372363], [93.3793926771008, 26.013969074114282], [93.37943117530061, 26.014180352750152], [93.37953668602398, 26.01472067290766], [93.37959382336763, 26.015028528798457], [93.37961525178042, 26.01511943283971], [93.37965600026004, 26.015191157881297], [93.37971602029744, 26.01521609202263], [93.37986992326516, 26.01523233804261], [93.3805116770092, 26.015270561066252], [93.38066075602387, 26.01529981502768], [93.38074030543554, 26.01535608833649], [93.38128574989962, 26.015920901137065], [93.3813533265652, 26.01599511214361], [93.38140804923735, 26.01607552631904], [93.38145801533008, 26.01621176609975], [93.38173239764879, 26.017121602272137], [93.38176981876857, 26.017262301070502], [93.3817934354774, 26.017428920675943], [93.38185698409723, 26.018003119396447], [93.38187372599918, 26.01819473119739], [93.38187580380243, 26.018315017582566], [93.38187541752684, 26.01903750021107], [93.38188304691856, 26.01920472920608], [93.38194551935666, 26.01938449885871], [93.38226577504366, 26.02009006598928], [93.38256531019033, 26.020705881190114], [93.38262481369642, 26.020839340246457], [93.38266744773982, 26.02097609921444], [93.38281562215097, 26.021530571516585], [93.38284286895187, 26.02162146729346], [93.38288344944652, 26.021704323585517], [93.3829342473792, 26.021754651650618], [93.38305921650993, 26.021841213127367], [93.38355557792525, 26.022162294862643], [93.38468511866517, 26.022859645317286], [93.38483737322436, 26.022958473645023], [93.38495821818964, 26.02305375163962], [93.38562673723759, 26.023611948409144], [93.38580845204652, 26.023753519315616], [93.38591716795881, 26.023820128466113], [93.38669275810376, 26.02426953319664], [93.38678534117189, 26.024311609430733], [93.38698896858554, 26.02435230608857], [93.38774406636225, 26.024460904705876], [93.38787426009468, 26.024476964590097], [93.38800516349622, 26.024478753416478], [93.38884680766232, 26.024405262174724]]}, "properties": {"OBJECTID": 45909, "Name": "NH 29", "Road_Type": "National Highway", "Class_Code": 1, "Lane": " ", "Oneway": " ", "T_Elevatio": 0, "F_Elevatio": 0, "SL": 90, "Remarks": " ", "Bridge_Fly": " ", "Shape_Leng": 33321.9769, "ID": 46048, "Type": "", "NSEW_Corr": "", "Shape_Length": 33321.97689997504}, "id": 45909}, {"type": "Feature", "geometry": {"type": "LineString", "coordinates": [[93.16875490798324, 26.073926187387208], [93.1689956528861, 26.073843042013433]]}, "properties": {"OBJECTID": 45910, "Name": "NH 29", "Road_Type": "National Highway", "Class_Code": 1, "Lane": " ", "Oneway": " ", "T_Elevatio": 0, "F_Elevatio": 0, "SL": 90, "Remarks": " ", "Bridge_Fly": " ", "Shape_Leng": 28.7123530804, "ID": 46049, "Type": "", "NSEW_Corr": "", "Shape_Length": 28.712353080365002}, "id": 45910}, {"type": "Feature", "geometry": {"type": "LineString", "coordinates": [[91.87661343864144, 26.099440202896684], [91.87636567520123, 26.099415477862802], [91.87616829287542, 26.099425673944953]]}, "properties": {"OBJECTID": 45998, "Name": "NH 27", "Road_Type": "National Highway", "Class_Code": 1, "Lane": " ", "Oneway": " ", "T_Elevatio": 0, "F_Elevatio": 1, "SL": 90, "Remarks": " ", "Bridge_Fly": " ", "Shape_Leng": 49.780107345, "ID": 46137, "Type": "", "NSEW_Corr": "", "Shape_Length": 49.78010734497453}, "id": 45998}, {"type": "Feature", "geometry": {"type": "LineString", "coordinates": [[92.31070268442981, 26.099132005609093], [92.31233817340578, 26.099535676860963]]}, "properties": {"OBJECTID": 45999, "Name": "NH 27", "Road_Type": "National Highway", "Class_Code": 1, "Lane": " ", "Oneway": " ", "T_Elevatio": 1, "F_Elevatio": 0, "SL": 90, "Remarks": " ", "Bridge_Fly": " ", "Shape_Leng": 188.813083567, "ID": 46138, "Type": " ", "NSEW_Corr": "EW", "Shape_Length": 188.8130835665414}, "id": 45999}, {"type": "Feature", "geometry": {"type": "LineString", "coordinates": [[91.87616829287542, 26.099425673944953], [91.87599920927771, 26.09945632510997], [91.87579967908005, 26.099536997453566]]}, "properties": {"OBJECTID": 46000, "Name": "NH 27", "Road_Type": "National Highway", "Class_Code": 1, "Lane": " ", "Oneway": " ", "T_Elevatio": 0, "F_Elevatio": 1, "SL": 90, "Remarks": " ", "Bridge_Fly": " ", "Shape_Leng": 43.5735290888, "ID": 46139, "Type": "", "NSEW_Corr": "", "Shape_Length": 43.573529088791815}, "id": 46000}, {"type": "Feature", "geometry": {"type": "LineString", "coordinates": [[92.31233817340578, 26.099535676860963], [92.31324705736922, 26.099666793806012], [92.31342995346273, 26.099686867273597], [92.31356392371264, 26.099690478125687], [92.314664477615, 26.099698796153756]]}, "properties": {"OBJECTID": 46002, "Name": "NH 27", "Road_Type": "National Highway", "Class_Code": 1, "Lane": " ", "Oneway": " ", "T_Elevatio": 1, "F_Elevatio": 1, "SL": 90, "Remarks": " ", "Bridge_Fly": " ", "Shape_Leng": 260.431184466, "ID": 46141, "Type": " ", "NSEW_Corr": "EW", "Shape_Length": 260.4311844655546}, "id": 46002}, {"type": "Feature", "geometry": {"type": "LineString", "coordinates": [[92.31642868169641, 26.099578237528444], [92.31570589542217, 26.099613271533777], [92.31538513128872, 26.09963519157987], [92.314664477615, 26.099698796153756]]}, "properties": {"OBJECTID": 46003, "Name": "NH 27", "Road_Type": "National Highway", "Class_Code": 1, "Lane": " ", "Oneway": " ", "T_Elevatio": 1, "F_Elevatio": 0, "SL": 90, "Remarks": " ", "Bridge_Fly": " ", "Shape_Leng": 197.000889462, "ID": 46142, "Type": " ", "NSEW_Corr": "EW", "Shape_Length": 197.00088946150623}, "id": 46003}, {"type": "Feature", "geometry": {"type": "LineString", "coordinates": [[92.29476997859942, 26.10134244254564], [92.29420106115695, 26.101461871583233]]}, "properties": {"OBJECTID": 46011, "Name": "NH 27", "Road_Type": "National Highway", "Class_Code": 1, "Lane": " ", "Oneway": " ", "T_Elevatio": 0, "F_Elevatio": 0, "SL": 90, "Remarks": " ", "Bridge_Fly": " ", "Shape_Leng": 65.0413063973, "ID": 46150, "Type": " ", "NSEW_Corr": "EW", "Shape_Length": 65.04130639728244}, "id": 46011}, {"type": "Feature", "geometry": {"type": "LineString", "coordinates": [[92.29426167677737, 26.101555170644236], [92.29476482226968, 26.10144784707138]]}, "properties": {"OBJECTID": 46012, "Name": "NH 27", "Road_Type": "National Highway", "Class_Code": 1, "Lane": " ", "Oneway": " ", "T_Elevatio": 0, "F_Elevatio": 0, "SL": 90, "Remarks": " ", "Bridge_Fly": " ", "Shape_Leng": 57.5682665541, "ID": 46151, "Type": " ", "NSEW_Corr": "EW", "Shape_Length": 57.568266554077006}, "id": 46012}, {"type": "Feature", "geometry": {"type": "LineString", "coordinates": [[92.28843286013999, 26.103599325475166], [92.28793443619281, 26.103877361943095]]}, "properties": {"OBJECTID": 46022, "Name": "NH 27", "Road_Type": "National Highway", "Class_Code": 1, "Lane": " ", "Oneway": " ", "T_Elevatio": 0, "F_Elevatio": 0, "SL": 90, "Remarks": " ", "Bridge_Fly": " ", "Shape_Leng": 65.3180462701, "ID": 46161, "Type": " ", "NSEW_Corr": "EW", "Shape_Length": 65.31804627008982}, "id": 46022}, {"type": "Feature", "geometry": {"type": "LineString", "coordinates": [[92.28799519554366, 26.10398165821969], [92.28848362663166, 26.1037076731785]]}, "properties": {"OBJECTID": 46024, "Name": "NH 27", "Road_Type": "National Highway", "Class_Code": 1, "Lane": " ", "Oneway": " ", "T_Elevatio": 0, "F_Elevatio": 0, "SL": 90, "Remarks": " ", "Bridge_Fly": " ", "Shape_Leng": 64.1083238329, "ID": 46163, "Type": " ", "NSEW_Corr": "EW", "Shape_Length": 64.10832383292579}, "id": 46024}, {"type": "Feature", "geometry": {"type": "LineString", "coordinates": [[92.16824136892264, 26.109851663932506], [92.16873989527778, 26.110158771426853], [92.1688943390313, 26.110248332026377], [92.16959064566592, 26.110584220970626]]}, "properties": {"OBJECTID": 46045, "Name": "NH 27", "Road_Type": "National Highway", "Class_Code": 1, "Lane": " ", "Oneway": " ", "T_Elevatio": 1, "F_Elevatio": 0, "SL": 90, "Remarks": " ", "Bridge_Fly": " ", "Shape_Leng": 175.761385017, "ID": 46184, "Type": " ", "NSEW_Corr": "EW", "Shape_Length": 175.7613850169722}, "id": 46045}, {"type": "Feature", "geometry": {"type": "LineString", "coordinates": [[91.88799754299703, 26.110811744537475], [91.88755940768348, 26.110402308436125], [91.88748143571345, 26.11035089318277], [91.88743755031689, 26.110340737578593], [91.88733990524211, 26.11035178290723], [91.8867505017196, 26.11051123545556], [91.8866487225979, 26.11053536849009], [91.88655052505925, 26.11054106255616], [91.88648188299177, 26.11051725621177], [91.88635086460587, 26.11043733677862], [91.88570124700986, 26.110009036831155], [91.88563219710723, 26.10994256702181], [91.88560403402477, 26.109880793454554], [91.88557404197236, 26.109742671766917], [91.88550734385915, 26.109366577111256], [91.88549382421412, 26.109226342204323], [91.88550798525627, 26.109132327313358], [91.88567622264097, 26.10850016454471], [91.885694372203, 26.10840622731522], [91.88568151461631, 26.10821574552014], [91.8855701414874, 26.107522162752012], [91.88556454947478, 26.10742761248128], [91.88558525474373, 26.107336002414527], [91.88562332085391, 26.10724636537102], [91.8859356300439, 26.106576437997266], [91.88601994501813, 26.10642788784143], [91.88609134850684, 26.106358984698616], [91.88619214038003, 26.10628043698613], [91.88674860627432, 26.105862793267097], [91.88682655309154, 26.10579962442186], [91.88687990223963, 26.10572978920224], [91.88688256304951, 26.10566743260464], [91.88684505119987, 26.105531103208445], [91.88665593696795, 26.104954197765426], [91.886616948288, 26.104866359402], [91.88651232959171, 26.10473078251022], [91.88585386448844, 26.103983836267634], [91.88569462373125, 26.103825309765508], [91.88559123482858, 26.103749545837882], [91.88489555701469, 26.10326131423137], [91.8847879765729, 26.103190559482684], [91.88462593217373, 26.103111804742408], [91.88388582817745, 26.102798467205098], [91.88379665421581, 26.102750354435557], [91.88368127370242, 26.102651677295256], [91.88330313956169, 26.102275027410688], [91.88322579461573, 26.10221076597343], [91.88313559747296, 26.102166971210952], [91.8830114080799, 26.102129253282303], [91.88258055271342, 26.102009144879784], [91.8824806465791, 26.101984810830942], [91.88238726401038, 26.10198202368861], [91.8823084377425, 26.102026562295833], [91.88223611527732, 26.10209263729023], [91.88197047087138, 26.10235749754793], [91.88184403299513, 26.1024771377097], [91.88178445223392, 26.102521276814574], [91.88164316610435, 26.102583022809082], [91.88124286333901, 26.10272299947527], [91.88114620191949, 26.102752715625716], [91.88106669832192, 26.102754275769794], [91.88103310492353, 26.102713198153527], [91.88099564966778, 26.102582122538486], [91.88087561049132, 26.1020427970903], [91.88082468499785, 26.101914366695592], [91.88075575906272, 26.101850421286187], [91.88030791745255, 26.101563278797414], [91.88022180045783, 26.10151196694842], [91.88013215847394, 26.101477607914433], [91.88005745008333, 26.101477387684902], [91.87987531396453, 26.10151349806777], [91.87937609860158, 26.101627964108335], [91.87929327662735, 26.10163163943649], [91.87927356759, 26.10161402189985], [91.8792773459041, 26.101540069197355], [91.87930105963098, 26.10144818023929], [91.87947450454939, 26.10083569585899], [91.87949855065293, 26.100742611614724], [91.8795063965386, 26.10065403033708], [91.87949287509696, 26.100614689631378], [91.87943113478579, 26.100545853246754], [91.87869574514814, 26.099953348824407], [91.87854949223336, 26.099854966194385], [91.87834473563738, 26.09980710632853], [91.87762791058336, 26.099692754672635], [91.87730810674897, 26.099653361207192], [91.87599568967842, 26.099541954717694]]}, "properties": {"OBJECTID": 46046, "Name": "NH 27", "Road_Type": "National Highway", "Class_Code": 1, "Lane": " ", "Oneway": " ", "T_Elevatio": 0, "F_Elevatio": 0, "SL": 90, "Remarks": " ", "Bridge_Fly": " ", "Shape_Leng": 2653.71059974, "ID": 46185, "Type": " ", "NSEW_Corr": "EW", "Shape_Length": 2653.7105997393282}, "id": 46046}, {"type": "Feature", "geometry": {"type": "LineString", "coordinates": [[92.1721779131601, 26.11107398283857], [92.17086048438861, 26.110886114860257], [92.17067700888171, 26.110855140003274], [92.17054726071368, 26.110824612821723], [92.16959064566592, 26.110584220970626]]}, "properties": {"OBJECTID": 46047, "Name": "NH 27", "Road_Type": "National Highway", "Class_Code": 1, "Lane": " ", "Oneway": " ", "T_Elevatio": 1, "F_Elevatio": 1, "SL": 90, "Remarks": " ", "Bridge_Fly": " ", "Shape_Leng": 294.793086521, "ID": 46186, "Type": " ", "NSEW_Corr": "EW", "Shape_Length": 294.7930865212435}, "id": 46047}, {"type": "Feature", "geometry": {"type": "LineString", "coordinates": [[92.1721779131601, 26.11107398283857], [92.17304579801397, 26.11118858390747], [92.1739126749581, 26.11130932899439]]}, "properties": {"OBJECTID": 46048, "Name": "NH 27", "Road_Type": "National Highway", "Class_Code": 1, "Lane": " ", "Oneway": " ", "T_Elevatio": 0, "F_Elevatio": 1, "SL": 90, "Remarks": " ", "Bridge_Fly": " ", "Shape_Leng": 195.305920991, "ID": 46187, "Type": " ", "NSEW_Corr": "EW", "Shape_Length": 195.3059209905844}, "id": 46048}, {"type": "Feature", "geometry": {"type": "LineString", "coordinates": [[92.0791230094215, 26.11419540597329], [92.08086819706665, 26.113887799302695]]}, "properties": {"OBJECTID": 46060, "Name": "NH 27", "Road_Type": "National Highway", "Class_Code": 1, "Lane": " ", "Oneway": " ", "T_Elevatio": 1, "F_Elevatio": 0, "SL": 90, "Remarks": " ", "Bridge_Fly": " ", "Shape_Leng": 197.98098471, "ID": 46199, "Type": " ", "NSEW_Corr": "EW", "Shape_Length": 197.98098471004178}, "id": 46060}, {"type": "Feature", "geometry": {"type": "LineString", "coordinates": [[92.95532843764371, 25.9491103982863], [92.95535942772439, 25.949778296493292], [92.95536842974184, 25.95004234571057], [92.95538599090733, 25.950766262579766], [92.9553854842575, 25.95093509273236], [92.95537693588929, 25.951055624854597], [92.95527516664905, 25.95223650146891], [92.95524329442276, 25.952426208453403], [92.95520436772657, 25.95254073118061], [92.9548534282844, 25.95349844598407], [92.95481794303404, 25.95358889844772], [92.95472009943163, 25.953785569011302], [92.95414580197891, 25.954866853440063], [92.95379160524551, 25.95553623586011], [92.95366057607988, 25.955770254648137], [92.95329858376645, 25.956376534421945], [92.95319024155332, 25.95653983590648], [92.95278205337641, 25.957071670507002], [92.95265761514999, 25.95722663966182], [92.95257405296395, 25.957318537455098], [92.9520466206196, 25.957882031592394], [92.95140949679255, 25.958554928063904], [92.95068097747017, 25.959310650712503], [92.94993440740048, 25.960094427931523], [92.94926882314859, 25.960784171053305], [92.9484415969428, 25.961634783167533], [92.94721464109682, 25.96291368701838], [92.94704040925421, 25.963096565848378], [92.94610775497004, 25.96408533682678], [92.94541800244374, 25.964837876578226], [92.94521806171599, 25.96505967019309], [92.94480619583635, 25.965526021041132], [92.94460435427348, 25.965747232668697], [92.94368247528114, 25.966734011564622], [92.94356334879296, 25.96686298095031], [92.94256304148647, 25.96796913784932], [92.94179963878496, 25.968807135575037], [92.94128453851283, 25.969389634310513], [92.94109894118526, 25.969594032324927], [92.94048542957543, 25.970258130805213], [92.94030175823583, 25.97046321861895], [92.93974812293295, 25.971105204173654], [92.93961394966381, 25.971252878389297], [92.93946835072256, 25.971389367201994], [92.93904410605828, 25.971777370873138], [92.93895504438608, 25.971863999059668], [92.93881939698153, 25.97203740626112], [92.93841972303689, 25.97259290261906], [92.93827451935435, 25.97276290799482], [92.93729884025967, 25.973836830578602], [92.93680578194966, 25.97439344742956], [92.93635434438343, 25.97492529097164], [92.93583560773101, 25.975560110037], [92.93572876390778, 25.975696685913935], [92.93537020675201, 25.9761697644022], [92.93469938801695, 25.977077365283645], [92.93410303961896, 25.9778817338214], [92.93392687999174, 25.978123724721083], [92.93311728232507, 25.979256029750537], [92.9330046299952, 25.97941931724428], [92.93290639921888, 25.979590491761087], [92.93253920745659, 25.980259088298514], [92.9322822973702, 25.98074640946028], [92.93213928737356, 25.980999307438427], [92.93175966831765, 25.981628385306998], [92.93165182017792, 25.98179234863505], [92.93157221147744, 25.981888161500155], [92.93066681477394, 25.98292455373323], [92.9298940695935, 25.98381888916343], [92.92929379016783, 25.984496659159326], [92.92908186501587, 25.98474531612783], [92.9284235050155, 25.98553760449781], [92.92823440335998, 25.98577210947441], [92.9275848755955, 25.986601911068433], [92.92747933343108, 25.9867417428452], [92.92741119981002, 25.986845706526438], [92.92700355870713, 25.98749892440826], [92.92692128829849, 25.987649561694088], [92.92689393729303, 25.987741352549165], [92.92675184627296, 25.988450195172184], [92.92672843617665, 25.98859239470044], [92.92672122539987, 25.988737064131374], [92.92671232668866, 25.989414142026202], [92.92672208149435, 25.98953390961599], [92.92686051816783, 25.990414148884533], [92.92699922613252, 25.9913457408659], [92.92701826143339, 25.991489261123434], [92.92705822029387, 25.992075720299656], [92.92706545263022, 25.992337435515417], [92.92706450041602, 25.992770630068275], [92.92705773879686, 25.992962512355813], [92.92704562052369, 25.99305705165213], [92.92694017986891, 25.993741369227113], [92.92688574106437, 25.994023632543513], [92.92676614475732, 25.99453950417085], [92.92673046636918, 25.994679466997574], [92.92667663302915, 25.994840242934355], [92.92652176796574, 25.995274558666594], [92.92647012831166, 25.99541035992087], [92.92611525065527, 25.99625553145238], [92.92577856568006, 25.997026159870614], [92.92567467461915, 25.99729646630278], [92.92513620287826, 25.998848411471716], [92.92503862517717, 25.999145941877035], [92.92432108865746, 26.001486331861578], [92.92405489358426, 26.002344318893346], [92.92382475059834, 26.003070996439895], [92.92347630308281, 26.004202436223032], [92.92309055931328, 26.005413362960514], [92.92280951508843, 26.00631262327752], [92.92245652209753, 26.0074024048973], [92.92218405858029, 26.00825690539135], [92.92188120775192, 26.009235349366644], [92.9216830142474, 26.009906040195258], [92.921625532849, 26.010114900920613], [92.92160094416305, 26.01023200986006], [92.92138462624939, 26.01133576699717], [92.92133507338167, 26.011644530311475], [92.92122595861737, 26.012483902346002], [92.92104660727597, 26.01393555079449], [92.92100152622173, 26.01424508954796], [92.9208423213972, 26.015174312034638], [92.92078546612454, 26.015484172861356], [92.92063711474529, 26.0162470987109], [92.92045992744536, 26.01711567278043], [92.92038576433215, 26.017418059522214], [92.92016288602193, 26.018177527351426], [92.92007413876007, 26.018453813821235], [92.91970445956278, 26.01951328857505], [92.91929001282331, 26.02073183453401], [92.91896159055207, 26.021665927483323], [92.91886776241894, 26.021941394455776], [92.91860960187765, 26.022728992924563], [92.91851443166152, 26.023004655983378], [92.91822503939274, 26.02380193012182], [92.91812197747682, 26.02409743733516], [92.91793912899398, 26.02464214111839], [92.91788211382124, 26.02479978515219], [92.91783122785364, 26.024910943886237], [92.91747428497042, 26.025637882149038], [92.91705338114069, 26.02655470033414], [92.91693018708094, 26.026848392451736], [92.91659576496193, 26.02771436553446], [92.91650165745277, 26.027965854723476], [92.91619613233978, 26.02881510401497], [92.91609409629993, 26.02908877109919], [92.915925835559, 26.029518139577508], [92.9158777110126, 26.02965490215337], [92.91585542920029, 26.02974697821502], [92.91576585369174, 26.030212471004926], [92.91574413152983, 26.030304580531038], [92.9156934117506, 26.0304380415857], [92.91552282976299, 26.030809193122952], [92.91544683947645, 26.030985792931936], [92.91521281307358, 26.03167916804072], [92.91483960170059, 26.03274815783323], [92.91442943453512, 26.03393889909292], [92.9139300565771, 26.035404128133127], [92.91352934507833, 26.036574971233666], [92.91305053135379, 26.03799453089899], [92.91294845309312, 26.038316294044], [92.9126326449651, 26.039401912363108], [92.91241094434623, 26.040223605983947], [92.91235788625227, 26.040410940068952], [92.91229251405242, 26.04059407843865], [92.91199512408268, 26.04139236461603], [92.91187958905903, 26.04165994173806], [92.91137810365338, 26.042739383793997], [92.91089720673567, 26.043765008222355], [92.91050193004435, 26.04454712770409], [92.91036106432634, 26.044804277259253], [92.90979948971301, 26.04572961212588], [92.90918869191366, 26.04670698823443], [92.90903593609455, 26.04695820991113], [92.90872447311756, 26.047485219785106], [92.90863948620347, 26.047633439599014], [92.90831565342499, 26.048251757396823], [92.9079484670526, 26.04890859391055], [92.90788124971316, 26.049037161554025], [92.90783547785449, 26.049147629877858], [92.90766745516713, 26.049595155582338], [92.90762932707321, 26.04968286110024], [92.90754271959835, 26.049832874645645], [92.90701790853801, 26.0506781885921], [92.9069432926739, 26.050806582392756], [92.90654503177919, 26.051569238992453], [92.90641258417371, 26.051832770580678], [92.90606271462504, 26.052564233299226], [92.9057301430355, 26.053233804051136], [92.90556734674645, 26.05353559813799], [92.90496451341043, 26.054590317395554], [92.90448932977796, 26.055418260645204], [92.9043488269793, 26.055675069193978], [92.90401157426885, 26.056322393810245], [92.90353346931505, 26.05723149035353], [92.90280516738497, 26.058585203139977], [92.90270986870975, 26.05875713944804], [92.90215776054286, 26.05972446400416], [92.90207528621661, 26.05987628122695], [92.90198910723818, 26.060076151922516], [92.90177831126854, 26.060590674457266], [92.90170584956446, 26.060743812394914], [92.90163958533752, 26.060847552367935], [92.901081851022, 26.061665433603658], [92.90097031709465, 26.06185572164926], [92.90070659957502, 26.06245857709509], [92.90061692255684, 26.062631955422166], [92.90005421696453, 26.063688884573626], [92.89924197375937, 26.06521047776407], [92.8983691221203, 26.066837573232444], [92.8979784421083, 26.067575617251045], [92.8977033546121, 26.068112137698726], [92.8976229095801, 26.06826138769492], [92.89731054649117, 26.06878938465865], [92.89716344466844, 26.069044447567876], [92.89671930142231, 26.069836205642854], [92.89656075326623, 26.070114449026512], [92.8960292299941, 26.071034945909123], [92.89546367764065, 26.07197828711043], [92.8953608717446, 26.072144597392136], [92.89524718635212, 26.07230644123062], [92.89485689531065, 26.072849170073138], [92.89454320990164, 26.07331339110529], [92.89439226508614, 26.07350873720811], [92.89399612691047, 26.07393652931717], [92.89378068844746, 26.07418260436585], [92.89252033413753, 26.075756837578624], [92.89150859217574, 26.07702192913574], [92.89060518434228, 26.078141387776594], [92.88876693572523, 26.080450195913368], [92.88791575324747, 26.081512652469986], [92.8872372530184, 26.082363007249807], [92.88710050607597, 26.082539513243102], [92.88633515043705, 26.083551563797936], [92.88615935103427, 26.083792659091298], [92.88572048000051, 26.08442608978898], [92.88563359943782, 26.084547584608668], [92.8852057040202, 26.08510227259378], [92.88501353731294, 26.085334534124456], [92.88452231246444, 26.085879248637987], [92.8841096488808, 26.086386830613538], [92.88394719125662, 26.086545866445746], [92.88334790536764, 26.087060354975012], [92.88321386415083, 26.08717762991477], [92.8830692470682, 26.08731880213608], [92.88220043964455, 26.088197908379318], [92.8811982647405, 26.08923267589603], [92.88104208454354, 26.08939747798714], [92.8804512994121, 26.090078476782395], [92.88036628375193, 26.090170666726397], [92.8802535945911, 26.090274057917576], [92.87967405636704, 26.090778044394323], [92.87954152162494, 26.090896959814877], [92.87866879844496, 26.091726330923493], [92.8779887324524, 26.09236405503613], [92.87747128398414, 26.092846692063926], [92.87725217769977, 26.093054364321937], [92.87651276899955, 26.093766725408543], [92.87635108123155, 26.093924752449023], [92.87508309483498, 26.095195672400315], [92.8749081533233, 26.095375907169178], [92.8741889324624, 26.096138230775082], [92.8733808897795, 26.097013485563018], [92.87331927343585, 26.097091821682323], [92.87327170584491, 26.09717733120466], [92.87296777793654, 26.097847197869203], [92.87289363278961, 26.09805279119286], [92.87278434824371, 26.09857528101201], [92.87275950713119, 26.098741846341163], [92.87276432928763, 26.098836528676525], [92.87289129447493, 26.099761981202036], [92.87291188565787, 26.099879687908505], [92.87297588523198, 26.100063258472254], [92.87326453549232, 26.100766907200125], [92.8733129681609, 26.10087964681422], [92.87339140276326, 26.10103044262428], [92.87381875739507, 26.101794156428227], [92.87390939201735, 26.10196547911353], [92.87397966632373, 26.10214386498793], [92.87423544812613, 26.102841246912188], [92.87433081776828, 26.103113952152334], [92.87460050638963, 26.103915366487723], [92.87470454657087, 26.10418665188092], [92.87503157196186, 26.10494564133453], [92.87510287124599, 26.105100219248754], [92.87520400178401, 26.10527021172253], [92.87551972277545, 26.105774970913004], [92.87570176636778, 26.10607040046804], [92.87600696090074, 26.106580136563267], [92.8761030977041, 26.10675215645543], [92.87613933753931, 26.10684104609964], [92.87632048640961, 26.10736242056876], [92.87639310442053, 26.107592858413465], [92.87659140392624, 26.108268494306365], [92.87664803911164, 26.10847902296757], [92.87691530407835, 26.10977862472159], [92.87694848155675, 26.109991915835472], [92.87695335312054, 26.11011097224317], [92.87697990642201, 26.111160311357573], [92.87698024868014, 26.1112793262436], [92.87695196252848, 26.111467934885518], [92.87679155755472, 26.112171545635213], [92.87675531232964, 26.112311192204515], [92.87669578816225, 26.112470849383005], [92.87644958779066, 26.113082537983168], [92.87637950572378, 26.11323860384003], [92.87631814899325, 26.11334560684814], [92.87570376332268, 26.114362618540344]]}, "properties": {"OBJECTID": 46061, "Name": "NH 27", "Road_Type": "National Highway", "Class_Code": 1, "Lane": " ", "Oneway": " ", "T_Elevatio": 0, "F_Elevatio": 0, "SL": 90, "Remarks": "Verify", "Bridge_Fly": " ", "Shape_Leng": 23189.5157243, "ID": 46200, "Type": " ", "NSEW_Corr": "EW", "Shape_Length": 23189.515724316334}, "id": 46061}, {"type": "Feature", "geometry": {"type": "LineString", "coordinates": [[92.08086819706665, 26.113887799302695], [92.08168813344393, 26.113800960596407], [92.08189858086722, 26.113790131767], [92.08212986561185, 26.11384145113349], [92.08307608625344, 26.114099289007974], [92.08317364598825, 26.114135153508357], [92.08326180754857, 26.114186602588212], [92.08394973110491, 26.114678553829517]]}, "properties": {"OBJECTID": 46063, "Name": "NH 27", "Road_Type": "National Highway", "Class_Code": 1, "Lane": " ", "Oneway": " ", "T_Elevatio": 1, "F_Elevatio": 1, "SL": 90, "Remarks": " ", "Bridge_Fly": " ", "Shape_Leng": 373.41055261, "ID": 46202, "Type": " ", "NSEW_Corr": "EW", "Shape_Length": 373.41055261042743}, "id": 46063}, {"type": "Feature", "geometry": {"type": "LineString", "coordinates": [[92.87525673019624, 26.115025491062745], [92.87570376332268, 26.114362618540344]]}, "properties": {"OBJECTID": 46065, "Name": "NH 27", "Road_Type": "National Highway", "Class_Code": 1, "Lane": " ", "Oneway": " ", "T_Elevatio": 0, "F_Elevatio": 0, "SL": 90, "Remarks": " ", "Bridge_Fly": " ", "Shape_Leng": 96.0726721411, "ID": 46204, "Type": "", "NSEW_Corr": "", "Shape_Length": 96.07267214108579}, "id": 46065}, {"type": "Feature", "geometry": {"type": "LineString", "coordinates": [[92.08482717942331, 26.115326300695752], [92.08394973110491, 26.114678553829517]]}, "properties": {"OBJECTID": 46066, "Name": "NH 27", "Road_Type": "National Highway", "Class_Code": 1, "Lane": " ", "Oneway": " ", "T_Elevatio": 1, "F_Elevatio": 0, "SL": 90, "Remarks": " ", "Bridge_Fly": " ", "Shape_Leng": 126.450420681, "ID": 46205, "Type": " ", "NSEW_Corr": "EW", "Shape_Length": 126.45042068139092}, "id": 46066}, {"type": "Feature", "geometry": {"type": "LineString", "coordinates": [[92.87502141920251, 26.115822086569047], [92.87525673019624, 26.115025491062745]]}, "properties": {"OBJECTID": 46070, "Name": "NH 27", "Road_Type": "National Highway", "Class_Code": 1, "Lane": " ", "Oneway": " ", "T_Elevatio": 0, "F_Elevatio": 0, "SL": 90, "Remarks": "Verify", "Bridge_Fly": " ", "Shape_Leng": 102.173883106, "ID": 46209, "Type": "", "NSEW_Corr": "", "Shape_Length": 102.1738831059983}, "id": 46070}, {"type": "Feature", "geometry": {"type": "LineString", "coordinates": [[92.1901031352913, 26.117183285279697], [92.18958716724661, 26.11690041265408], [92.18931970554888, 26.116747650665808], [92.18872186504919, 26.116392227479515], [92.18858768100026, 26.116315223886815], [92.18842788688086, 26.11623392832546], [92.187897760489, 26.115974542451895], [92.18772908023485, 26.115899368764396], [92.18574496408029, 26.11503291508467], [92.18540891870552, 26.114883589230512], [92.18365150588767, 26.11408490706839], [92.18248794055803, 26.113571829611306], [92.18229626522921, 26.11349106612339], [92.18121183069634, 26.113047677404044], [92.18099320141741, 26.112961870550393], [92.18017371868937, 26.112674468997664], [92.17994849487796, 26.1126036417028], [92.17921818521324, 26.112395287068033], [92.17891292869652, 26.11231271108306], [92.17758054926377, 26.111966515963033], [92.17735056438134, 26.111909823619452], [92.176841298667, 26.111792485553597], [92.17653346308711, 26.11173105981522], [92.17581129395548, 26.11160307483669], [92.1756297767759, 26.1115730011777], [92.17466363060299, 26.111426699003918], [92.1739126749581, 26.11130932899439]]}, "properties": {"OBJECTID": 46082, "Name": "NH 27", "Road_Type": "National Highway", "Class_Code": 1, "Lane": " ", "Oneway": " ", "T_Elevatio": 0, "F_Elevatio": 0, "SL": 90, "Remarks": " ", "Bridge_Fly": " ", "Shape_Leng": 1958.74411335, "ID": 46221, "Type": " ", "NSEW_Corr": "EW", "Shape_Length": 1958.744113346056}, "id": 46082}, {"type": "Feature", "geometry": {"type": "LineString", "coordinates": [[92.1901031352913, 26.117183285279697], [92.19087851343384, 26.117611304056723]]}, "properties": {"OBJECTID": 46087, "Name": "NH 27", "Road_Type": "National Highway", "Class_Code": 1, "Lane": " ", "Oneway": " ", "T_Elevatio": 0, "F_Elevatio": 1, "SL": 90, "Remarks": " ", "Bridge_Fly": " ", "Shape_Leng": 101.321923955, "ID": 46226, "Type": " ", "NSEW_Corr": "EW", "Shape_Length": 101.32192395540346}, "id": 46087}, {"type": "Feature", "geometry": {"type": "LineString", "coordinates": [[91.9631563443927, 26.11796056846282], [91.96391854604664, 26.117953687460638], [91.96468689756703, 26.117962497014656], [91.96489957640551, 26.1179843273157], [91.96583018432746, 26.118117547315116]]}, "properties": {"OBJECTID": 46106, "Name": "NH 27", "Road_Type": "National Highway", "Class_Code": 1, "Lane": " ", "Oneway": " ", "T_Elevatio": 1, "F_Elevatio": 0, "SL": 90, "Remarks": " ", "Bridge_Fly": " ", "Shape_Leng": 299.13948252, "ID": 46245, "Type": " ", "NSEW_Corr": "EW", "Shape_Length": 299.1394825199234}, "id": 46106}, {"type": "Feature", "geometry": {"type": "LineString", "coordinates": [[92.31642868169641, 26.099578237528444], [92.31705891005534, 26.099553564960203], [92.31734972795047, 26.099548498790053], [92.31875882440684, 26.099549177237353], [92.31886486603455, 26.099552856664452], [92.3190474818537, 26.099573517439985], [92.31962025217045, 26.099651976885447], [92.31972261519708, 26.099671881752325], [92.31989502076472, 26.099729330273696], [92.32067388526886, 26.100021992753643], [92.32081780525887, 26.100080515642556], [92.32091039192025, 26.100127127414584], [92.32206658477634, 26.100764049845267], [92.32233363504571, 26.100918006476828], [92.3229450598691, 26.10128683974647], [92.32316284383332, 26.101423161183625], [92.32420604479637, 26.1020926461639], [92.32433402687657, 26.10217899744845], [92.32443430042184, 26.102257800411977], [92.32486568759096, 26.10261553418936], [92.32494196623666, 26.102682213064313], [92.32507051066226, 26.102831749723354], [92.32540439648707, 26.103286799160134], [92.32603705838211, 26.10417365218339], [92.32614132044722, 26.104312791222842], [92.32657082205257, 26.10480943129189], [92.3267589014253, 26.105014898634895], [92.32733815668006, 26.105620210775996], [92.32752338480006, 26.10582650675948], [92.32781169639554, 26.10617255469489], [92.32793424187165, 26.106329648598688], [92.32801374457092, 26.1064550096148], [92.32875949807203, 26.10767995502243], [92.32951156403462, 26.108931703881165], [92.32957862776217, 26.10903590288461], [92.32968617766127, 26.109174777203773], [92.33003537527007, 26.109604948399006], [92.33014969846639, 26.10973887650362], [92.33065936662601, 26.110252953273708], [92.33080529255399, 26.11039035886858], [92.33092670166128, 26.110484767194556], [92.33146148402128, 26.110885838183858], [92.33162788884283, 26.111007204693173], [92.33175731361737, 26.11109352922832], [92.33284259346497, 26.111805154492163], [92.33386440733773, 26.112464005969013], [92.335084329375, 26.1132610367623], [92.3353252162117, 26.11341526570862], [92.33625287855783, 26.113989228004336], [92.33634432705375, 26.114038540425224], [92.3364916292008, 26.114094830042227], [92.33739628748913, 26.11439686166868], [92.33752284034972, 26.114435673439157], [92.33770369008106, 26.114470588453944], [92.33869607424678, 26.11461789750153], [92.33900721742351, 26.114673320539705], [92.33970080755272, 26.11482419535296], [92.33990396335085, 26.114874714915654], [92.34009867318868, 26.11495390294728], [92.34060352727668, 26.115177284146995], [92.34088983742572, 26.115308439207734], [92.34153089317877, 26.115608390692227], [92.34279815912647, 26.116212837349668], [92.34293780583066, 26.116281720165752], [92.34309445943978, 26.116372493231676], [92.34399705609455, 26.116927472309687], [92.34416541026027, 26.11704299199661], [92.34455721855628, 26.117358261861035], [92.34478814038154, 26.117554900790807], [92.34558267419919, 26.11826831927862]]}, "properties": {"OBJECTID": 46113, "Name": "NH 27", "Road_Type": "National Highway", "Class_Code": 1, "Lane": " ", "Oneway": " ", "T_Elevatio": 0, "F_Elevatio": 0, "SL": 90, "Remarks": " ", "Bridge_Fly": " ", "Shape_Leng": 4165.13366868, "ID": 46252, "Type": " ", "NSEW_Corr": "EW", "Shape_Length": 4165.133668684619}, "id": 46113}, {"type": "Feature", "geometry": {"type": "LineString", "coordinates": [[91.9667540108673, 26.118519875389], [91.96583018432746, 26.118117547315116]]}, "properties": {"OBJECTID": 46117, "Name": "NH 27", "Road_Type": "National Highway", "Class_Code": 1, "Lane": " ", "Oneway": " ", "T_Elevatio": 1, "F_Elevatio": 1, "SL": 90, "Remarks": " ", "Bridge_Fly": " ", "Shape_Leng": 114.298291046, "ID": 46256, "Type": " ", "NSEW_Corr": "EW", "Shape_Length": 114.29829104580249}, "id": 46117}, {"type": "Feature", "geometry": {"type": "LineString", "coordinates": [[92.16824136892264, 26.109851663932506], [92.16733249394237, 26.10926767162658], [92.16718512801495, 26.109165787911405], [92.16708699695162, 26.109084878602413], [92.1664894007937, 26.10857150413035], [92.16628446812794, 26.108382340677334], [92.16400687775993, 26.10614687760107], [92.16383537050758, 26.105995738293743], [92.16325960341106, 26.10553091848015], [92.16307477953295, 26.105394766393182], [92.16296098724095, 26.105334528752447], [92.1619371818032, 26.104832465193805], [92.16182013671158, 26.10477720366589], [92.16169776281369, 26.104734802999612], [92.16156884468897, 26.104708129340967], [92.16057927853825, 26.10452996760206], [92.16034121690316, 26.10449771811865], [92.15766163942868, 26.104164213183985], [92.15637268096346, 26.10400746647185], [92.1554347957894, 26.103888176363714], [92.15511895352539, 26.103851863429394], [92.1541351940847, 26.103750531608224], [92.1527670320592, 26.103599788513534], [92.15125046745048, 26.103422631832935], [92.15014538783574, 26.103302609461178], [92.1499616410376, 26.10328594326287], [92.14907026344245, 26.103217428706394], [92.14808587607936, 26.10313120080556], [92.14787373173849, 26.103109529068675], [92.14636330262317, 26.10294869182337], [92.14620417505373, 26.102933526021136], [92.14598984151853, 26.10292577048723], [92.14483516681523, 26.10290609285458], [92.14467411146121, 26.102905601579238], [92.14448695825156, 26.102914147672415], [92.14098559207369, 26.103117176493893], [92.1406656525937, 26.1031423694322], [92.14008181862592, 26.103211288990902], [92.13992338186094, 26.10323365365526], [92.13974158620364, 26.10327366464543], [92.13728498226077, 26.103864653424555], [92.13692674310862, 26.103958541061655], [92.135838046968, 26.104267834818184], [92.13551173483938, 26.104370910237023], [92.13479115842074, 26.104625753629694], [92.13464152334892, 26.104676121103903], [92.13366447971327, 26.104979565357013], [92.13331011589327, 26.105086262934066], [92.13200611424033, 26.105467111376328], [92.13167687450216, 26.10556995583607], [92.12969261192221, 26.106225173722546], [92.12941377665466, 26.106310702380355], [92.12869592213133, 26.10650991380297], [92.12791214114763, 26.106687061772842], [92.12713129675659, 26.10682989073292], [92.12689552672376, 26.106866472975025], [92.12607918899751, 26.106976159132852], [92.12573629307042, 26.107017579696894], [92.124706516531, 26.107133014798105], [92.12439069133495, 26.107166217836387], [92.12349782253641, 26.107252095090395], [92.12140087169396, 26.107415857014935], [92.11989823007382, 26.107524709377607], [92.11960645367628, 26.107560432309707], [92.11908113416948, 26.10764733534462], [92.11884986739115, 26.10769847671633], [92.1182577823975, 26.10789047103023], [92.11813629962836, 26.107934234609445], [92.11797288889166, 26.108009588463933], [92.11748908412741, 26.108248229521315], [92.1173067243281, 26.10834691565181], [92.116354191225, 26.10887610953067], [92.11603948712647, 26.109058680246026], [92.11474744294827, 26.109840791178456], [92.11218935003956, 26.111387286099117], [92.11192590381114, 26.11155183676393], [92.11124109651048, 26.112006492506204], [92.11103214837539, 26.11215532918629], [92.10976812714246, 26.113120135418274], [92.10617874582972, 26.115914510299888], [92.10542349174615, 26.116490359054502], [92.10515201817235, 26.116684966820735], [92.10389991758325, 26.11749997113974], [92.10317273675068, 26.117968001170745], [92.1029299535704, 26.118109868607682], [92.10229600169458, 26.118450917266582], [92.10210782710047, 26.11853542955597], [92.10200662379887, 26.11856535704504], [92.10113662790408, 26.11880051631471], [92.10095624619504, 26.11884082928485], [92.10085110827248, 26.11884757634222], [92.10000077649927, 26.118845069485797], [92.09973673738277, 26.11883449116415], [92.0990338335207, 26.118752553702414], [92.09869326602683, 26.11870403130197], [92.09698123070723, 26.11842332319802], [92.09687734683281, 26.11840143893777], [92.09672602202993, 26.118353284194384], [92.09612736496167, 26.118139755876413], [92.09600386547471, 26.118092910922606], [92.09583619313032, 26.11801779505885], [92.09455308179928, 26.117417941597456], [92.09433514152819, 26.11732877849523], [92.09368566766261, 26.11712583081557], [92.09337823093473, 26.117046412763], [92.09197001303073, 26.116735328292815], [92.09160774942612, 26.11665017749], [92.0903497343292, 26.116336269674594], [92.09022105515629, 26.116305543887876], [92.09003821116505, 26.11627378725882], [92.089274023336, 26.116170071408007], [92.08906335941873, 26.11615334654897], [92.08838010261027, 26.11615821034955], [92.0882191523591, 26.11616788068148], [92.08709319499886, 26.11625007887395], [92.08698672846799, 26.116249813502613], [92.08688340604068, 26.116234175951654], [92.08624193346931, 26.116087294019838], [92.08611465926154, 26.11605583174085], [92.08601699981375, 26.11602149553282], [92.08587996361379, 26.115947548716974], [92.08482717942331, 26.115326300695752]]}, "properties": {"OBJECTID": 46120, "Name": "NH 27", "Road_Type": "National Highway", "Class_Code": 1, "Lane": " ", "Oneway": " ", "T_Elevatio": 0, "F_Elevatio": 0, "SL": 90, "Remarks": " ", "Bridge_Fly": " ", "Shape_Leng": 10155.8016815, "ID": 46259, "Type": " ", "NSEW_Corr": "EW", "Shape_Length": 10155.801681487064}, "id": 46120}, {"type": "Feature", "geometry": {"type": "LineString", "coordinates": [[91.71936569365751, 26.115596204515246], [91.72040075588409, 26.115393316742146], [91.72283362993039, 26.1149065630717], [91.72389418185314, 26.114700846125203], [91.72480017234307, 26.114539192402606], [91.72645197831781, 26.114216775594894], [91.72757621091273, 26.113998358890086], [91.72959370756493, 26.11360856219451], [91.72988241262253, 26.11355209085419], [91.73445304977129, 26.11265106317354], [91.73648293688618, 26.112223967565612], [91.73671850569639, 26.112179169882108], [91.73751704959348, 26.112069484572675], [91.73780883407588, 26.112037028252058], [91.73873446712778, 26.11195405595898], [91.73944797650006, 26.11188870363134], [91.73971326607145, 26.11186985672276], [91.74096345504564, 26.111799005548075], [91.74130920222545, 26.11178458944698], [91.74282523053995, 26.111741465354225], [91.74773298565191, 26.111645014038796], [91.74924663882081, 26.111631731236177], [91.74959122986887, 26.111623448742115], [91.75078201504992, 26.111573014083792], [91.75115228533868, 26.111559336829874], [91.75186600042518, 26.11153697053154], [91.75207899457232, 26.11153330922744], [91.75405396677557, 26.11151183263974], [91.75442931703725, 26.111504665709965], [91.75806523557333, 26.111405731382174], [91.75841524076759, 26.11139907423812], [91.76029913278421, 26.111381041950313], [91.76115154685225, 26.111367383226497], [91.76231677586182, 26.111327799295385], [91.7626342755175, 26.11132015966693], [91.76366582443299, 26.111305579760092], [91.7655332647035, 26.11125909424582], [91.7688616378155, 26.11118139275884], [91.77148489271829, 26.111097834241164], [91.77159189195011, 26.111097225231493], [91.77180493460627, 26.111109319921116], [91.77244381913128, 26.111155813561247], [91.77257691711702, 26.11116114138488], [91.7727350430649, 26.11115388651039], [91.77360469580327, 26.11108935005042], [91.77394962731279, 26.111073360922585], [91.77619138927399, 26.111021250644267], [91.77637819932724, 26.111017903105402], [91.77659335212599, 26.111021483762045], [91.77898951741653, 26.111087827929442], [91.78236992633968, 26.11119900643406], [91.7834283205091, 26.11123229059427], [91.78452631870451, 26.111263275030918], [91.78590789617043, 26.111291905701425], [91.78686658991975, 26.111316874247404], [91.78798683758805, 26.111348641096257], [91.78937880317193, 26.111375102708603], [91.79126916036367, 26.111422197184687], [91.79158965051097, 26.111433369052516], [91.79247469318675, 26.111477620124887], [91.79265956198064, 26.11149491836212], [91.79358313789054, 26.111589721045718], [91.79389878252519, 26.111628164310943], [91.79520975779971, 26.11181321515003], [91.79609349163015, 26.111934789613557], [91.79768014998385, 26.11215845728977], [91.79876712405407, 26.11230232414737], [91.7994538869871, 26.11239060218191], [91.7997458574207, 26.112419946440482], [91.80025308395938, 26.112454239342146], [91.80043812792475, 26.112473918594354], [91.80149931136316, 26.11266585747469], [91.80165346945243, 26.1126977191386], [91.80180408278959, 26.112741249417102], [91.8027522563686, 26.113039158670073], [91.80405658321169, 26.113421763027212], [91.80595059744493, 26.113978903327002], [91.80615407573823, 26.114036815075643], [91.80747191234491, 26.114403571071808], [91.80856842203184, 26.114716036212588], [91.81127213903463, 26.115494036744742], [91.81152361970348, 26.115575908736314], [91.812139834344, 26.115810287583695], [91.81233415341465, 26.115890048475645], [91.8125157092218, 26.115993073317394], [91.81316353288219, 26.116383658980183], [91.81342924106852, 26.11654827359174], [91.81501248043428, 26.117550194333557], [91.81523739163194, 26.117679105218027], [91.8158350300107, 26.11798797309257], [91.81599904172033, 26.11806562488583], [91.81612204174398, 26.11811153501632], [91.81676803463782, 26.118338528522678], [91.81696834636978, 26.11840351992685], [91.81717833385562, 26.11844524617021], [91.81781313374105, 26.11855544977584], [91.81810053983475, 26.118608218093634], [91.819031712797, 26.118786351924292], [91.82015760008868, 26.11899672694299]]}, "properties": {"OBJECTID": 46122, "Name": "NH 27", "Road_Type": "National Highway", "Class_Code": 1, "Lane": " ", "Oneway": " ", "T_Elevatio": 0, "F_Elevatio": 0, "SL": 90, "Remarks": " ", "Bridge_Fly": " ", "Shape_Leng": 11444.8769252, "ID": 46261, "Type": " ", "NSEW_Corr": "EW", "Shape_Length": 11444.876925150513}, "id": 46122}, {"type": "Feature", "geometry": {"type": "LineString", "coordinates": [[91.8211205374794, 26.1191827977309], [91.82015760008868, 26.11899672694299]]}, "properties": {"OBJECTID": 46127, "Name": "NH 27", "Road_Type": "National Highway", "Class_Code": 1, "Lane": " ", "Oneway": " ", "T_Elevatio": 1, "F_Elevatio": 0, "SL": 90, "Remarks": " ", "Bridge_Fly": " ", "Shape_Leng": 109.647948885, "ID": 46266, "Type": " ", "NSEW_Corr": "EW", "Shape_Length": 109.64794888476646}, "id": 46127}, {"type": "Feature", "geometry": {"type": "LineString", "coordinates": [[92.27820462165376, 26.119236167473453], [92.27787145627782, 26.118611540411017], [92.27731218314821, 26.117537878497927], [92.27693529227582, 26.11680453021293], [92.27686085068486, 26.11665241902309], [92.27681511206387, 26.116539159037156], [92.27655736744254, 26.115853470670523], [92.27651761070298, 26.115738638647056], [92.2764974686777, 26.115645457376036], [92.27648670955554, 26.11552736323858], [92.27644027204525, 26.114791650263555], [92.27644152878833, 26.114697264774676], [92.27645708132084, 26.11460277596337], [92.27662289864419, 26.113921353720183], [92.27665552455701, 26.113805089667125], [92.27673556714375, 26.113628808304778], [92.27700433229698, 26.113109073412158], [92.27707681645894, 26.112982014331592], [92.27718404476114, 26.112843409914365], [92.27755483068286, 26.11239787875856], [92.27892241509163, 26.110749818974984], [92.27903764738303, 26.1106160493231], [92.27912656891806, 26.110526163929652], [92.27967482690565, 26.109997857567404], [92.27987987635238, 26.10981033713666], [92.28047721289718, 26.109312162286436], [92.28096910249901, 26.108943911725856], [92.28122216869433, 26.10876849905607], [92.2823039235527, 26.108071486438305], [92.2826046292042, 26.10787443387209], [92.2831575216003, 26.107503633770218], [92.28330388231291, 26.107398775972555], [92.28435952314602, 26.106616226010413], [92.28456230524498, 26.106460103719137], [92.28527052982847, 26.105884537900764], [92.28552395984147, 26.105673178534882], [92.28617955931897, 26.105109512164113], [92.28627720439374, 26.105027893398837], [92.28642021528866, 26.104921688648734], [92.28712872284142, 26.10442154402587], [92.28732819824187, 26.104299927061977], [92.2880982942905, 26.10385669870112], [92.28832471555619, 26.10372814203542], [92.28954728133539, 26.10304405160013], [92.28980787541278, 26.102921879006363], [92.29044097478737, 26.102659175512077], [92.29066647797481, 26.102582835656047], [92.29331604183734, 26.101734020996997], [92.29349354624253, 26.1016800116171], [92.29362177446114, 26.10164860354308], [92.29434453827749, 26.1014866421665], [92.29465303771237, 26.101414513336994], [92.29588218724426, 26.101115673374288], [92.2961876521701, 26.101032759480404], [92.29755111421002, 26.100608962813585], [92.29788231766537, 26.10051249424735], [92.29965371904888, 26.100025731862516], [92.30062042397388, 26.099757968608817], [92.3009249869912, 26.099676471149095], [92.30170984595324, 26.099478403301713], [92.30233395498846, 26.099358238933508], [92.30254252403448, 26.099320682249015], [92.30330201187797, 26.09922336476032], [92.30361883150903, 26.099188517796655], [92.3057159961505, 26.098981901936273], [92.30657073595683, 26.098904310071458], [92.30678301504496, 26.098888804115795], [92.30741219057839, 26.098859070849155], [92.3076220972159, 26.098856765244037], [92.30830484288295, 26.098874365448193], [92.308935564417, 26.098909627159255], [92.30917183660806, 26.098925075028372], [92.30979847799406, 26.09898345648362], [92.30998063836738, 26.0990043771232], [92.31070268442981, 26.099132005609093]]}, "properties": {"OBJECTID": 46129, "Name": "NH 27", "Road_Type": "National Highway", "Class_Code": 1, "Lane": " ", "Oneway": " ", "T_Elevatio": 0, "F_Elevatio": 0, "SL": 90, "Remarks": " ", "Bridge_Fly": " ", "Shape_Leng": 5133.2182324, "ID": 46268, "Type": " ", "NSEW_Corr": "EW", "Shape_Length": 5133.218232399352}, "id": 46129}, {"type": "Feature", "geometry": {"type": "LineString", "coordinates": [[91.9865049016083, 26.11913334390933], [91.98529264848857, 26.119291786739893]]}, "properties": {"OBJECTID": 46130, "Name": "NH 27", "Road_Type": "National Highway", "Class_Code": 1, "Lane": " ", "Oneway": " ", "T_Elevatio": 0, "F_Elevatio": 0, "SL": 90, "Remarks": " ", "Bridge_Fly": " ", "Shape_Leng": 136.369643415, "ID": 46269, "Type": " ", "NSEW_Corr": "EW", "Shape_Length": 136.36964341541722}, "id": 46130}, {"type": "Feature", "geometry": {"type": "LineString", "coordinates": [[92.34558267419919, 26.11826831927862], [92.34624187951424, 26.118736337360016], [92.34649773497854, 26.11890569861587], [92.34718107712695, 26.11932730523782]]}, "properties": {"OBJECTID": 46131, "Name": "NH 27", "Road_Type": "National Highway", "Class_Code": 1, "Lane": " ", "Oneway": " ", "T_Elevatio": 1, "F_Elevatio": 0, "SL": 90, "Remarks": " ", "Bridge_Fly": " ", "Shape_Leng": 221.24201244, "ID": 46270, "Type": " ", "NSEW_Corr": "EW", "Shape_Length": 221.24201243960346}, "id": 46131}, {"type": "Feature", "geometry": {"type": "LineString", "coordinates": [[92.19087851343384, 26.117611304056723], [92.19176656007595, 26.118065477280343], [92.19204793218586, 26.118206049221396], [92.19341225391351, 26.11887199479858], [92.19360157296133, 26.118961767305258], [92.19372300811976, 26.119012161672533], [92.19465409664039, 26.119380182901683]]}, "properties": {"OBJECTID": 46133, "Name": "NH 27", "Road_Type": "National Highway", "Class_Code": 1, "Lane": " ", "Oneway": " ", "T_Elevatio": 1, "F_Elevatio": 1, "SL": 90, "Remarks": " ", "Bridge_Fly": " ", "Shape_Leng": 474.454795324, "ID": 46272, "Type": " ", "NSEW_Corr": "EW", "Shape_Length": 474.4547953238629}, "id": 46133}, {"type": "Feature", "geometry": {"type": "LineString", "coordinates": [[92.19565717614786, 26.119660875801934], [92.19465409664039, 26.119380182901683]]}, "properties": {"OBJECTID": 46136, "Name": "NH 27", "Road_Type": "National Highway", "Class_Code": 1, "Lane": " ", "Oneway": " ", "T_Elevatio": 1, "F_Elevatio": 0, "SL": 90, "Remarks": " ", "Bridge_Fly": " ", "Shape_Leng": 116.959582939, "ID": 46275, "Type": " ", "NSEW_Corr": "EW", "Shape_Length": 116.95958293889}, "id": 46136}, {"type": "Feature", "geometry": {"type": "LineString", "coordinates": [[91.87599568967842, 26.099541954717694], [91.87495469587604, 26.099984423374924], [91.87478688878434, 26.100059195066557], [91.87467353487021, 26.100118681149894], [91.87431608893044, 26.100317886987046], [91.87413385040371, 26.100410447208453], [91.8739858664354, 26.10045733393667], [91.87348154504835, 26.100591745249954], [91.87332914496209, 26.100626540972975], [91.87314669353461, 26.10064548488542], [91.87238582048897, 26.100700705610407], [91.87222872760366, 26.10070559264169], [91.872123446849, 26.100696104959916], [91.87157207530066, 26.100615559262252], [91.8714417279563, 26.100592789129855], [91.87128846548737, 26.100554174440838], [91.87078098472546, 26.10041240347792], [91.87057666111748, 26.10036170664328], [91.87039207708953, 26.10034071444932], [91.8697282948581, 26.100285985647456], [91.86959551667259, 26.100277577309612], [91.869411976487, 26.100281176849485], [91.86883524190492, 26.1003103450578], [91.8687315349986, 26.100318038648474], [91.86863382614348, 26.100338512938936], [91.86854869280403, 26.100387415662386], [91.86846959883817, 26.100449187791526], [91.8680600604934, 26.100785965642142], [91.86756668777306, 26.101159086959527], [91.86746240684332, 26.101234320947903], [91.86737335415425, 26.10128135819929], [91.86727240148261, 26.101299975291013], [91.86716600951195, 26.101305925531655], [91.86646703667759, 26.10133196267122], [91.86637159786517, 26.101320150122813], [91.8663358413236, 26.10129877249692], [91.86628780391378, 26.10122565533983], [91.86610875171135, 26.100775924566218], [91.86604057137791, 26.100684149560138], [91.86596678915038, 26.100704142182437], [91.86562183787788, 26.10093403410189], [91.86474617181705, 26.101521791765183], [91.86458236222833, 26.101641152050085], [91.86451095245147, 26.10171230463268], [91.86411183905557, 26.102166216949307], [91.86404000886714, 26.102236856153493], [91.86389456353781, 26.102339275905514], [91.86346179206484, 26.102616690181655], [91.86330465246714, 26.102698221086946], [91.86309871458656, 26.102718976496647], [91.86235729725334, 26.1027360324085], [91.8621992512555, 26.10274512061173], [91.86204416700316, 26.10277013615778], [91.86132298691668, 26.102909118755672], [91.86112484731107, 26.102965216092063], [91.86097143212855, 26.10305910525804], [91.86039408848869, 26.103449503423377], [91.86030690699039, 26.103504634895344], [91.86011603026387, 26.103587972160813], [91.85911863619378, 26.103934640608166], [91.8589216257705, 26.104008190067606], [91.85880350988708, 26.104061262618927], [91.85800614907122, 26.104433744274683], [91.85741273457096, 26.104702799609917], [91.85713245750736, 26.104837894947053], [91.8554025996125, 26.105741905420622], [91.85463365340738, 26.106121180334853], [91.85438234162183, 26.10625618933302], [91.85375370328092, 26.10661846531593], [91.85358248887935, 26.106731345295053], [91.8534859065116, 26.106813513823376], [91.85293502364676, 26.107300537545548], [91.8521925696577, 26.107967731043285], [91.85173147250718, 26.108372153442634], [91.85158845712068, 26.108475030033144], [91.85149031797255, 26.108504068746395], [91.85135944691038, 26.108525880647704], [91.85075225225364, 26.10861692431876], [91.85064705324565, 26.108623735691857], [91.85054368769917, 26.108612798291375], [91.84974448533697, 26.10845617531437], [91.84956276154492, 26.108424427039218], [91.84829816988177, 26.10825347277868], [91.84819486272579, 26.10825288230723], [91.84809468530024, 26.10827877673537], [91.8471384753927, 26.108664772512423], [91.84614825886175, 26.109077195268316], [91.84602668895606, 26.109125349800195], [91.84590045499736, 26.109162508884523], [91.8457443574454, 26.109195982380307], [91.8448827482221, 26.109372127651042], [91.84470318847151, 26.109417015948054], [91.84460693488715, 26.109457243423595], [91.84406909825519, 26.109725141763313], [91.84397274046623, 26.109764947257744], [91.84387010794501, 26.10979178189824], [91.84331627950439, 26.109896478640845], [91.84303029364717, 26.109959838060302], [91.8424782932781, 26.11012551761337], [91.84230491214005, 26.11018346998989], [91.84168348906753, 26.11045372124692], [91.8415853265632, 26.110488464830294], [91.8414585051063, 26.1105199987855], [91.84086740286959, 26.110646925026927], [91.84074026610405, 26.11067661335112], [91.84064585586263, 26.11071135444828], [91.84056600371873, 26.1107703003119], [91.84006392452665, 26.11126881096126], [91.83996451875393, 26.11134707784032], [91.83985461347217, 26.11141358314954], [91.83913795999639, 26.11182570662768], [91.83897710945826, 26.111906877807655], [91.83877336167035, 26.111957121150745], [91.83786290116358, 26.112135720863723], [91.8376332585393, 26.112191239454297], [91.83754183878945, 26.11223442065171], [91.83688295327465, 26.112617410789777], [91.83633636705183, 26.11291979630814], [91.83615284393423, 26.113017549266374], [91.8356437318318, 26.113274659773523], [91.83556217917703, 26.113331011061533], [91.83550162464205, 26.113405991199034], [91.83522978994549, 26.113871687145345], [91.8351345119315, 26.114014796095862], [91.83505051496087, 26.114108477961356], [91.834645825722, 26.1145284281705], [91.8345178427435, 26.114680583261844], [91.83446507211043, 26.114812013127267], [91.83430468510296, 26.1153622551595], [91.83425952859025, 26.11549635008783], [91.83422449878577, 26.115554717622796], [91.83414820846195, 26.115613252095674], [91.83403415026865, 26.115673378775035], [91.83358986508868, 26.115894066968043], [91.83345811906743, 26.115972490457196], [91.8333034112092, 26.116132415265547], [91.83294655007269, 26.116546546666], [91.83286357448652, 26.11663758086371], [91.83278795520424, 26.11669449998766], [91.83263948075573, 26.116722335636805], [91.83196779694308, 26.116750623779875], [91.83186275873352, 26.116757209638685], [91.83177564191392, 26.11677771170106], [91.83175132811245, 26.116803027524643], [91.83174144215272, 26.116883981500262], [91.83180194189048, 26.117439770387076], [91.83178660675028, 26.117568969346205], [91.83173818126826, 26.117612959180157], [91.8316005764347, 26.117680432058446], [91.83106859412347, 26.11791408559534], [91.83097898627555, 26.117964441698202], [91.83086718824349, 26.118063776994422], [91.83043327231685, 26.118515066534414], [91.83032660366507, 26.118619790953126], [91.83026696002179, 26.118663099635388], [91.83017313099035, 26.118699910470173], [91.8300465035696, 26.118732518191276], [91.82940676834002, 26.11888608335997], [91.82912278303094, 26.118946047845867], [91.82821354602957, 26.119120929837777], [91.8271242282548, 26.119341046915565], [91.82621607821497, 26.119514458732613], [91.82509188245098, 26.11971592623024]]}, "properties": {"OBJECTID": 46137, "Name": "NH 27", "Road_Type": "National Highway", "Class_Code": 1, "Lane": " ", "Oneway": " ", "T_Elevatio": 0, "F_Elevatio": 0, "SL": 90, "Remarks": " ", "Bridge_Fly": " ", "Shape_Leng": 6664.32871883, "ID": 46276, "Type": " ", "NSEW_Corr": "EW", "Shape_Length": 6664.32871883}, "id": 46137}, {"type": "Feature", "geometry": {"type": "LineString", "coordinates": [[91.82408109180508, 26.119728918553413], [91.82236901336631, 26.119420230307743], [91.8211205374794, 26.1191827977309]]}, "properties": {"OBJECTID": 46138, "Name": "NH 27", "Road_Type": "National Highway", "Class_Code": 1, "Lane": " ", "Oneway": " ", "T_Elevatio": 1, "F_Elevatio": 1, "SL": 90, "Remarks": " ", "Bridge_Fly": " ", "Shape_Leng": 336.455372844, "ID": 46277, "Type": " ", "NSEW_Corr": "EW", "Shape_Length": 336.45537284423733}, "id": 46138}, {"type": "Feature", "geometry": {"type": "LineString", "coordinates": [[91.82408109180508, 26.119728918553413], [91.82509188245098, 26.11971592623024]]}, "properties": {"OBJECTID": 46139, "Name": "NH 27", "Road_Type": "National Highway", "Class_Code": 1, "Lane": " ", "Oneway": " ", "T_Elevatio": 1, "F_Elevatio": 0, "SL": 90, "Remarks": " ", "Bridge_Fly": " ", "Shape_Leng": 112.532229184, "ID": 46278, "Type": " ", "NSEW_Corr": "EW", "Shape_Length": 112.5322291842949}, "id": 46139}, {"type": "Feature", "geometry": {"type": "LineString", "coordinates": [[91.96807815005398, 26.11981335168074], [91.96751003570539, 26.119112689010013], [91.96741146087433, 26.118999271705437], [91.96723318301967, 26.11885844180583], [91.9667540108673, 26.118519875389]]}, "properties": {"OBJECTID": 46140, "Name": "NH 27", "Road_Type": "National Highway", "Class_Code": 1, "Lane": " ", "Oneway": " ", "T_Elevatio": 1, "F_Elevatio": 0, "SL": 90, "Remarks": " ", "Bridge_Fly": " ", "Shape_Leng": 219.637446807, "ID": 46279, "Type": " ", "NSEW_Corr": "EW", "Shape_Length": 219.6374468066994}, "id": 46140}, {"type": "Feature", "geometry": {"type": "LineString", "coordinates": [[92.1975050026025, 26.11994900544926], [92.19565717614786, 26.119660875801934]]}, "properties": {"OBJECTID": 46141, "Name": "NH 27", "Road_Type": "National Highway", "Class_Code": 1, "Lane": " ", "Oneway": " ", "T_Elevatio": 0, "F_Elevatio": 0, "SL": 90, "Remarks": " ", "Bridge_Fly": " ", "Shape_Leng": 208.777929611, "ID": 46280, "Type": " ", "NSEW_Corr": "EW", "Shape_Length": 208.77792961068508}, "id": 46141}, {"type": "Feature", "geometry": {"type": "LineString", "coordinates": [[92.27820462165376, 26.119236167473453], [92.27869127048422, 26.120143412265275]]}, "properties": {"OBJECTID": 46143, "Name": "NH 27", "Road_Type": "National Highway", "Class_Code": 1, "Lane": " ", "Oneway": " ", "T_Elevatio": 0, "F_Elevatio": 0, "SL": 90, "Remarks": " ", "Bridge_Fly": " ", "Shape_Leng": 124.84688007, "ID": 46282, "Type": " ", "NSEW_Corr": "EW", "Shape_Length": 124.84688006964133}, "id": 46143}, {"type": "Feature", "geometry": {"type": "LineString", "coordinates": [[92.20076054390451, 26.120729158559502], [92.19967713434937, 26.12049933863469], [92.19936606573278, 26.120440099246487], [92.19819385411854, 26.120242024633683]]}, "properties": {"OBJECTID": 46148, "Name": "NH 27", "Road_Type": "National Highway", "Class_Code": 1, "Lane": " ", "Oneway": " ", "T_Elevatio": 0, "F_Elevatio": 0, "SL": 90, "Remarks": " ", "Bridge_Fly": " ", "Shape_Leng": 292.107816889, "ID": 46287, "Type": " ", "NSEW_Corr": "EW", "Shape_Length": 292.10781688939227}, "id": 46148}, {"type": "Feature", "geometry": {"type": "LineString", "coordinates": [[92.20076054390451, 26.120729158559502], [92.20174497528505, 26.120776468653098]]}, "properties": {"OBJECTID": 46149, "Name": "NH 27", "Road_Type": "National Highway", "Class_Code": 1, "Lane": " ", "Oneway": " ", "T_Elevatio": 1, "F_Elevatio": 0, "SL": 90, "Remarks": " ", "Bridge_Fly": " ", "Shape_Leng": 109.743265528, "ID": 46288, "Type": " ", "NSEW_Corr": "EW", "Shape_Length": 109.74326552814077}, "id": 46149}, {"type": "Feature", "geometry": {"type": "LineString", "coordinates": [[92.20174497528505, 26.120776468653098], [92.202388224724, 26.120727668020248], [92.20260275499027, 26.120713670823164], [92.20279044269753, 26.120710552627507], [92.2035684555988, 26.120707246501144], [92.20478359770048, 26.120723986033273]]}, "properties": {"OBJECTID": 46150, "Name": "NH 27", "Road_Type": "National Highway", "Class_Code": 1, "Lane": " ", "Oneway": " ", "T_Elevatio": 1, "F_Elevatio": 1, "SL": 90, "Remarks": " ", "Bridge_Fly": " ", "Shape_Leng": 338.598819685, "ID": 46289, "Type": " ", "NSEW_Corr": "EW", "Shape_Length": 338.59881968490674}, "id": 46150}, {"type": "Feature", "geometry": {"type": "LineString", "coordinates": [[92.20687633903749, 26.120876853323374], [92.20613340355145, 26.120827897064764], [92.20581545563641, 26.120804943745217], [92.20478359770048, 26.120723986033273]]}, "properties": {"OBJECTID": 46152, "Name": "NH 27", "Road_Type": "National Highway", "Class_Code": 1, "Lane": " ", "Oneway": " ", "T_Elevatio": 1, "F_Elevatio": 0, "SL": 90, "Remarks": " ", "Bridge_Fly": " ", "Shape_Leng": 233.737589722, "ID": 46291, "Type": " ", "NSEW_Corr": "EW", "Shape_Length": 233.73758972236197}, "id": 46152}, {"type": "Feature", "geometry": {"type": "LineString", "coordinates": [[92.85722966067142, 26.121492006479656], [92.85821453042976, 26.121277314377693], [92.85849767850902, 26.121207404522046], [92.85916182815139, 26.12102109418141], [92.85926285807815, 26.120990147013927], [92.85944993762595, 26.120905080774786], [92.85985460889852, 26.120686133748755], [92.86000978927056, 26.12059819912621], [92.8601369269344, 26.12051257768129], [92.86086571575139, 26.119996444104018], [92.86111889603274, 26.119824410632543], [92.86176247695006, 26.119410278749204], [92.86193699266032, 26.119304274998516], [92.8620797672983, 26.11923851542538], [92.86256544684655, 26.119034500729864], [92.86266492807775, 26.118999460445366], [92.86284513461533, 26.11895295137391], [92.86359686281138, 26.11877295217223], [92.86380459103432, 26.11872819248848], [92.86487115358462, 26.118524988325557], [92.86834294363008, 26.117875564545287], [92.8694311825282, 26.11767272670482], [92.8709212135984, 26.117387911377374], [92.87175684623861, 26.1172364857443], [92.87193949529542, 26.117201675606307], [92.87251504410133, 26.117075680032848], [92.87269624956552, 26.117030505109476], [92.87284161853803, 26.116977191627843], [92.87339155457857, 26.116754102629773], [92.87359439506804, 26.116647088223385], [92.87422630147992, 26.116266335084738], [92.87502141920251, 26.115822086569047]]}, "properties": {"OBJECTID": 46155, "Name": "NH 27", "Road_Type": "National Highway", "Class_Code": 1, "Lane": " ", "Oneway": " ", "T_Elevatio": 0, "F_Elevatio": 0, "SL": 90, "Remarks": "Verify", "Bridge_Fly": " ", "Shape_Leng": 2131.83209693, "ID": 46294, "Type": " ", "NSEW_Corr": "EW", "Shape_Length": 2131.832096932138}, "id": 46155}, {"type": "Feature", "geometry": {"type": "LineString", "coordinates": [[92.35025391637157, 26.12186934374401], [92.34994224768037, 26.12121520643044], [92.34989340987163, 26.121132113215776], [92.34977960679984, 26.12100299159368], [92.34937853238169, 26.120593831550824], [92.34922681860829, 26.120465144882086], [92.34911687200403, 26.120401636295675], [92.34857704021385, 26.120109824951513], [92.34797818461787, 26.119790974863268], [92.34770816631485, 26.119639433777305], [92.34718107712695, 26.11932730523782]]}, "properties": {"OBJECTID": 46158, "Name": "NH 27", "Road_Type": "National Highway", "Class_Code": 1, "Lane": " ", "Oneway": " ", "T_Elevatio": 0, "F_Elevatio": 0, "SL": 90, "Remarks": " ", "Bridge_Fly": " ", "Shape_Leng": 479.112537703, "ID": 46297, "Type": " ", "NSEW_Corr": "EW", "Shape_Length": 479.1125377030879}, "id": 46158}, {"type": "Feature", "geometry": {"type": "LineString", "coordinates": [[91.88799754299703, 26.110811744537475], [91.88860622526384, 26.11121177545961], [91.88871292356002, 26.111284512900617], [91.88878625573162, 26.111350565724013], [91.88883344513181, 26.111433100443733], [91.88886911363849, 26.111523167438733], [91.88911247443548, 26.112185920550555], [91.88919596206135, 26.112388005651482], [91.88927726678106, 26.112511608987177], [91.88968897725222, 26.113075121096973], [91.88980300939438, 26.113204332140644], [91.88989097691858, 26.11325524038791], [91.89084382083874, 26.113652485763247], [91.8910383132843, 26.11373566415133], [91.8911792535625, 26.11380294326018], [91.89190289503287, 26.11415868890016], [91.89215370286355, 26.114293545845694], [91.89298736549837, 26.11480764533563], [91.89307260483905, 26.114863780519883], [91.8931465469667, 26.11492922233094], [91.89322938870392, 26.115050979880017], [91.89343090687328, 26.11539124618535], [91.89392477456535, 26.11621845128577], [91.89443618365996, 26.11711211226854], [91.89491143286945, 26.117935546488088], [91.89497538123956, 26.11803913736421], [91.89510977100271, 26.11818522477503], [91.89578705491286, 26.11879715125384], [91.89586747838531, 26.118858630545937], [91.89605126470927, 26.11894976053895], [91.89662109663672, 26.119200168226506], [91.89674134422232, 26.119248742848576], [91.89689352691632, 26.119295790596905], [91.89799666527172, 26.119604844550512], [91.89830497426374, 26.119688056611345], [91.90041430658574, 26.120241118853055], [91.90074854904174, 26.120323926368414], [91.90154477618368, 26.12050360297258], [91.90175104194935, 26.120545918875386], [91.90190870795982, 26.120564148971983], [91.9027800791753, 26.12064309763018], [91.90307245115588, 26.120658503105783], [91.90514243637011, 26.120638972027365], [91.90548999904514, 26.12063885104194], [91.90644629429262, 26.120648787977558], [91.90676510728527, 26.12064697238979], [91.9078279319457, 26.120628332568764], [91.90814572265556, 26.120629058481402], [91.90912232072677, 26.120650785043416], [91.90943859058888, 26.12064857343009], [91.910334333098, 26.12062269384086], [91.91205728923653, 26.120556688199226], [91.9123534628874, 26.12054773204503], [91.9129728386994, 26.12053491967805], [91.91334675435158, 26.120532732259633], [91.91446234695007, 26.12053925337966], [91.91864493165903, 26.120579577848535], [91.91931517996389, 26.120586445790963], [91.91944844054471, 26.120595405168498], [91.92008320539583, 26.120684525449832], [91.9219078732824, 26.12094382101904], [91.92211868901494, 26.12097537231759], [91.92376972154025, 26.121241592411476], [91.92646192034448, 26.121693216500578], [91.92974460603946, 26.122233756304013], [91.92998532938276, 26.1222557818008], [91.93073856585018, 26.122294234462593], [91.93089968228966, 26.122295954850905], [91.93103320967012, 26.122286034186533], [91.93167383692679, 26.122225029340996], [91.93183330136443, 26.122206278466592], [91.93201645707107, 26.12217026158384], [91.93342393566161, 26.121864260796496], [91.93379095404903, 26.121795161079792], [91.93452918595626, 26.121677205433116], [91.93482013410711, 26.121638100059133], [91.93569538065475, 26.121539267064033], [91.93603947134119, 26.121504992959384], [91.93709553977234, 26.121416098335235], [91.93833286487163, 26.121307514590026], [91.938517495612, 26.121290116984504], [91.94029383862787, 26.121101040253386], [91.94058555304163, 26.12106789279363], [91.94124853217922, 26.12098279112213], [91.94187368685341, 26.120861515628267], [91.94208190286155, 26.120818146461623], [91.9469758005619, 26.119717850720217], [91.94812481408226, 26.11946243448858], [91.948462551883, 26.119393043789973], [91.94926285468144, 26.119244071142447], [91.95037098946645, 26.119023857898885], [91.95177297036743, 26.11875872889791], [91.95208592275118, 26.118704904831173], [91.9527697697528, 26.1186089714426], [91.95297988479943, 26.118585123992506], [91.95360937025164, 26.118531083681294], [91.95451291193406, 26.118480026900748], [91.95483311731543, 26.118454503341617], [91.95769331275584, 26.11818953355959], [91.95867217278497, 26.118104196688197], [91.95885881395492, 26.118090930751347], [91.95974179320052, 26.118035317366072], [91.96000850300835, 26.118021394052548], [91.96093479811864, 26.11799352967565], [91.96164464775448, 26.117966667074338], [91.96193532820736, 26.117961463775476], [91.9631563443927, 26.11796056846282]]}, "properties": {"OBJECTID": 46173, "Name": "NH 27", "Road_Type": "National Highway", "Class_Code": 1, "Lane": " ", "Oneway": " ", "T_Elevatio": 0, "F_Elevatio": 0, "SL": 90, "Remarks": " ", "Bridge_Fly": " ", "Shape_Leng": 8972.43536164, "ID": 46312, "Type": " ", "NSEW_Corr": "EW", "Shape_Length": 8972.435361637417}, "id": 46173}, {"type": "Feature", "geometry": {"type": "LineString", "coordinates": [[91.98529264848857, 26.119291786739893], [91.98387880084269, 26.119386519379674], [91.983773189508, 26.119384761845918], [91.98361770640368, 26.119352670516967], [91.98302717639378, 26.119189181807748], [91.98281122229778, 26.119097294622726], [91.98180644677105, 26.11860618872951], [91.9817098078094, 26.11856962387325], [91.98150491377119, 26.11853940198213], [91.9809572881976, 26.118489105007676], [91.98085237215892, 26.118486932876074], [91.98069183064122, 26.118499863228884], [91.980236791729, 26.11854731295753], [91.98002512798683, 26.118577605825976], [91.97992445738618, 26.118609207771566], [91.97943067413577, 26.11880083814101], [91.97928799741415, 26.118864992056242], [91.9792082036607, 26.118924755714218], [91.97912000886272, 26.119012820648987], [91.97867165251792, 26.119483371628217], [91.97855513024578, 26.11961296838997], [91.97847942742014, 26.119711534424603], [91.97774166623013, 26.120710267102076], [91.97755418513539, 26.12094425817857], [91.9770841784939, 26.12147274815905], [91.97701487077477, 26.121546199475123], [91.97685466792197, 26.12166940194242], [91.97603969563497, 26.122199062992546], [91.97586009995179, 26.122294829702437], [91.97570620417058, 26.12233120707815], [91.97515556564748, 26.122434999729563], [91.97497185029042, 26.122464414862826], [91.97486652462, 26.12246616347814], [91.97428468221719, 26.12241886778013], [91.97415299009486, 26.122404639303774], [91.9739432792901, 26.122366797242375], [91.97315921893033, 26.12221161465862], [91.97117759200745, 26.121807726500784], [91.97070802554043, 26.121712674812237], [91.97055292961, 26.121677251407167], [91.97035889889852, 26.121605603647918], [91.96978751198733, 26.121366005853222], [91.96960484047263, 26.12127315734121], [91.96952051382026, 26.121213748966586], [91.96896152815157, 26.120797919341367], [91.96882175478493, 26.120685748208686], [91.96875296719038, 26.12061343442153], [91.96807815005398, 26.11981335168074]]}, "properties": {"OBJECTID": 46174, "Name": "NH 27", "Road_Type": "National Highway", "Class_Code": 1, "Lane": " ", "Oneway": " ", "T_Elevatio": 0, "F_Elevatio": 0, "SL": 90, "Remarks": " ", "Bridge_Fly": " ", "Shape_Leng": 2248.15549565, "ID": 46313, "Type": " ", "NSEW_Corr": "EW", "Shape_Length": 2248.155495651927}, "id": 46174}, {"type": "Feature", "geometry": {"type": "LineString", "coordinates": [[92.35092480787014, 26.123413088057752], [92.35062416779567, 26.12279244108711], [92.35050732482502, 26.12252399601121], [92.35025391637157, 26.12186934374401]]}, "properties": {"OBJECTID": 46181, "Name": "NH 27", "Road_Type": "National Highway", "Class_Code": 1, "Lane": " ", "Oneway": " ", "T_Elevatio": 1, "F_Elevatio": 0, "SL": 90, "Remarks": " ", "Bridge_Fly": " ", "Shape_Leng": 205.586926073, "ID": 46320, "Type": " ", "NSEW_Corr": "EW", "Shape_Length": 205.586926072751}, "id": 46181}, {"type": "Feature", "geometry": {"type": "LineString", "coordinates": [[91.9865049016083, 26.11913334390933], [91.98791448944311, 26.118932883633867], [91.98862952415476, 26.11882541550381], [91.98894621083515, 26.118772528716473], [91.9897866000548, 26.11861386175824], [91.99075247313986, 26.118436093854086], [91.99101435719798, 26.118401064682335], [91.9918043149976, 26.11837489745106], [91.9920685472519, 26.118380752452264], [91.99297169187898, 26.118469930883553], [91.99328847018754, 26.118511641778092], [91.99409978273808, 26.11865570246133], [91.99438998888049, 26.118699433779682], [91.99508238784361, 26.118782738435623], [91.99534791367194, 26.118805196104375], [91.99598026385155, 26.118812494059387], [91.996273356281, 26.118804694410294], [91.99691873742213, 26.11876747225151], [91.99760533416682, 26.1187308388862], [91.99781658737894, 26.11872310779118], [91.99794897749224, 26.118727488341776], [91.99863751998785, 26.11876628334905], [91.99884798268249, 26.118784907335414], [91.99900311095229, 26.118821790724237], [91.99964398614395, 26.119002423823176], [91.9997711759101, 26.119040734790836], [91.99996543569199, 26.11911741153594], [92.00054014726804, 26.11936354077305], [92.00068188704682, 26.119428149289277], [92.00081761979133, 26.1195030884126], [92.0016202537179, 26.119971589526028], [92.00190879797707, 26.12014456889083], [92.00319062920876, 26.12093172815369], [92.00334732503873, 26.121023727622138], [92.00346364069837, 26.121081061604524], [92.00429070071581, 26.121463264582342], [92.00445850421427, 26.121534101832736], [92.00456026177638, 26.121563796263647], [92.00546893014413, 26.121781127715337], [92.00559923706432, 26.12180988566566], [92.00578236043161, 26.121836227958113], [92.0065969311717, 26.121928579987905], [92.00675490530429, 26.12194213827053], [92.00752219771095, 26.121954668993602], [92.0083696036713, 26.121954044715856], [92.00850185903731, 26.121955640898904], [92.00868657871091, 26.121972823860304], [92.00939736618787, 26.122073993091796], [92.00950100751713, 26.122094311132408], [92.00970020084655, 26.122160165078913], [92.01036583540412, 26.12240381984153], [92.01066739265845, 26.122498890325186], [92.0115588987127, 26.12274868226458], [92.01166187439038, 26.122772421593154], [92.01187027634978, 26.12279684084247], [92.01223729024564, 26.12282971519635], [92.01242085288908, 26.12284187077651], [92.01258118959088, 26.122837955761963], [92.01319601004606, 26.122805385481474], [92.01332576989223, 26.122784402156935], [92.01345099504282, 26.122748333832842], [92.01404865048957, 26.122559975683373], [92.01459987830746, 26.12237579600469], [92.01480234509778, 26.122318094060663], [92.01490642210996, 26.122308492795085], [92.01559399981497, 26.12229789059022], [92.01580500060045, 26.122304194647622], [92.0159897121892, 26.122335531034455], [92.0171742819268, 26.122563149482072], [92.0174897774411, 26.122617494419817], [92.01840814042743, 26.12275225691594], [92.0185394534607, 26.122768844522767], [92.01874953257474, 26.1227676145267], [92.01953814918961, 26.12271045316812], [92.01982653893853, 26.122679805680185], [92.02063699629292, 26.122561795274216], [92.02124717964459, 26.12250099543801], [92.02143313270506, 26.12248628142447], [92.02156515271245, 26.12248449732096], [92.0223583507353, 26.122491882154264], [92.02259561466647, 26.122505141945584], [92.02272693488625, 26.122526840735844], [92.02435236812092, 26.122820974566388], [92.02469090991386, 26.122884702833613], [92.02525922728171, 26.1229975259699], [92.02549320158231, 26.123034659673493], [92.02565368830275, 26.123038845683226], [92.02648529738882, 26.12304047008079], [92.02739030422347, 26.12302939207608], [92.02763161326838, 26.123020471599744], [92.02824955716578, 26.122991893002173], [92.02857231016925, 26.12298425090996], [92.0297566634129, 26.12297528606976], [92.02991809875428, 26.122976099075526], [92.03010554032318, 26.122985208288735], [92.03074796151544, 26.123023739752615], [92.03098801112232, 26.123044823046744], [92.0315464739715, 26.12310704455191], [92.03186477222948, 26.123146697889737], [92.03300251728292, 26.123298242492552], [92.03399994548896, 26.123417019184014], [92.03426417235339, 26.123434688280284], [92.03557134416099, 26.123426827641893], [92.03575784699036, 26.123423884540017], [92.03716576575538, 26.123375013229875], [92.03862913572625, 26.12331749244671], [92.03953909856637, 26.123280465297768], [92.03975297306245, 26.123269355860334], [92.03996416159588, 26.123246913567492], [92.04078166084375, 26.123150919383722], [92.04096512916412, 26.123121711707267], [92.04174361188429, 26.12293470029775], [92.04197595574263, 26.12287602027965], [92.04268860183393, 26.122675257514203], [92.0429930202225, 26.12258482325834], [92.04420794493184, 26.12221085246073], [92.04442998691052, 26.122131245096387], [92.04521888290148, 26.121797684004132], [92.04669011582601, 26.121185529655424], [92.04700653480843, 26.121062172623706], [92.04759718968415, 26.120845259250153], [92.04789563427606, 26.120740524727342], [92.04874790910524, 26.12045207601655], [92.04894576484317, 26.12037880710436], [92.04908830591921, 26.120311587434504], [92.04965380437373, 26.120033562629914], [92.04992909129592, 26.1198850707109], [92.0508734416451, 26.119340763806544], [92.05102990660801, 26.11924882753941], [92.05170322804943, 26.118814771040608], [92.05191795145348, 26.118671106585772], [92.05261956443645, 26.118186469337846], [92.05278697537115, 26.118066245957994], [92.0528844452744, 26.11798357880223], [92.05347352630176, 26.117455396484452], [92.05358469371646, 26.11735091622629], [92.05366947581466, 26.117258375062242], [92.05406319572562, 26.116803678447575], [92.054131526976, 26.11673006202462], [92.0542601899792, 26.116611271276454], [92.05488135882851, 26.116062929830484], [92.05496224672996, 26.116004010833926], [92.05512907735294, 26.115929621989135], [92.05584725347313, 26.115657291062018], [92.05599792969237, 26.115608431829028], [92.05623377877694, 26.115576666137883], [92.05702792452242, 26.11549810042062], [92.05723713496556, 26.115468615778944], [92.05738619870885, 26.115418540106], [92.05826615692015, 26.115070006955822], [92.05835885048106, 26.115024453764544], [92.05844188984761, 26.114965397927612], [92.05970815327545, 26.113893116515754], [92.05988500370712, 26.113747540781365], [92.06048268071343, 26.113279596289722], [92.06070661454409, 26.113111093998892], [92.06133226508835, 26.11266069104455], [92.06150267998932, 26.11254559050456], [92.06166697376995, 26.112465094914004], [92.06205051127712, 26.112291823476323], [92.06224537203191, 26.1122148236352], [92.06234871601883, 26.112195972746065], [92.06309116012645, 26.11212081114765], [92.06330301431146, 26.11211078959756], [92.06348780135866, 26.112132793610055], [92.06404091474037, 26.11221721851261], [92.06414424165926, 26.112241636741015], [92.06698970383076, 26.113004632019585], [92.06729556581196, 26.113090546929133], [92.06810477810134, 26.11333210161167], [92.06843283475826, 26.113436241036073], [92.06981749434395, 26.11390623289851], [92.07014297822592, 26.114021066722273], [92.07108816760154, 26.11436971511957], [92.0713644633318, 26.114462998234224], [92.07199958661073, 26.114654520056934], [92.07210220565719, 26.114681631855625], [92.07230997879589, 26.114718685121], [92.07293681242135, 26.11481755856884], [92.07322768152046, 26.114853080039826], [92.07376438986843, 26.114896482071394], [92.07397919501918, 26.114911137351562], [92.07411119256871, 26.114912931249997], [92.07471896124892, 26.114909988740305], [92.07492957126729, 26.11489974722505], [92.07506030129395, 26.114881991337654], [92.07602647890789, 26.11473763562293], [92.07634078954433, 26.114685851235645], [92.0791230094215, 26.11419540597329]]}, "properties": {"OBJECTID": 46182, "Name": "NH 27", "Road_Type": "National Highway", "Class_Code": 1, "Lane": " ", "Oneway": " ", "T_Elevatio": 0, "F_Elevatio": 0, "SL": 90, "Remarks": " ", "Bridge_Fly": " ", "Shape_Leng": 10941.9937444, "ID": 46321, "Type": " ", "NSEW_Corr": "EW", "Shape_Length": 10941.993744447404}, "id": 46182}, {"type": "Feature", "geometry": {"type": "LineString", "coordinates": [[94.25768729921299, 26.028214114547836], [94.25684829789046, 26.029015571722752], [94.25677043461658, 26.029079699780787], [94.2566143083185, 26.029169965744632], [94.25580332095811, 26.029588178464355], [94.25572765316677, 26.02964419307687], [94.25570630111079, 26.029680103632653], [94.25569654989837, 26.02976772799018], [94.25578358856457, 26.030940355540313], [94.25578802175052, 26.031084516745782], [94.255777478224, 26.03205029466465], [94.25579633026857, 26.032139351609665], [94.25585379639558, 26.03221368796644], [94.2567246852158, 26.032965123909694], [94.25683737347829, 26.033068065151223], [94.25693780512705, 26.033178710761867], [94.2576170644325, 26.033972367461647], [94.25767483239348, 26.034051411664827], [94.25775871887133, 26.034228163182807], [94.25807068849817, 26.034974281566434], [94.258165441896, 26.035172789461164], [94.25848391891873, 26.035666651598707], [94.25853300735746, 26.035749753033322], [94.25856377555425, 26.035836372793252], [94.25856720083041, 26.035927740972397], [94.2585193116426, 26.03656044416718], [94.25843467417319, 26.03747398797204], [94.2584073626936, 26.037561722736037], [94.25834564843359, 26.037631964255638], [94.25826818041844, 26.037694987469866], [94.2577647816012, 26.038079855157996], [94.25765539554568, 26.038179736086732], [94.2575590539264, 26.038344973228792], [94.25731428367274, 26.03884159451164], [94.25724445043917, 26.038994694681563], [94.25685518078215, 26.040006995555782], [94.25681520305709, 26.04012007697913], [94.25679130787053, 26.040237162434035], [94.256779006341, 26.040381500272705], [94.25673507243539, 26.041008670856815], [94.25671896384574, 26.041152254705302], [94.25669268632704, 26.041244815697056], [94.25645993283693, 26.041809997027226], [94.25639582366838, 26.041941609617844], [94.25629081600152, 26.04207798240154], [94.25570890263185, 26.04275847589568], [94.25552040194924, 26.042989495325422], [94.25505156042269, 26.0436005414277], [94.25499795974632, 26.043682463716806], [94.25492271416317, 26.043862364546513], [94.2547793286708, 26.044252348352263], [94.25473091307025, 26.044414223457892], [94.254725085699, 26.04455670710253], [94.25474580174776, 26.04515640219726], [94.25473924943607, 26.045250109323035], [94.25470655884456, 26.045337678465472], [94.25465657748049, 26.045421238736548], [94.2541444587168, 26.046206521425383], [94.25410068650794, 26.046291429711204], [94.25408375865473, 26.04638308675017], [94.25408478363245, 26.04647898815501], [94.25410529576367, 26.04686622968355], [94.25414847059284, 26.04776080529687], [94.25416829641118, 26.04802503710669], [94.25428316488485, 26.049195690430274], [94.25429633059365, 26.049386209368393], [94.25432508297095, 26.050098367248204], [94.2543246374066, 26.050407131053852], [94.25430055986202, 26.051048694189497], [94.25430637016527, 26.051142545102092], [94.2543627313645, 26.051327576182263], [94.25459001231793, 26.051947326364065], [94.25463588927947, 26.052031649420996], [94.2546855616231, 26.052083868286086], [94.2548034448429, 26.052177079999986], [94.25513002466951, 26.05241868537283], [94.25520773433148, 26.05248076447314], [94.25526722795611, 26.05255031752812], [94.25528683548383, 26.052637660895666], [94.25527552389774, 26.053382326496592], [94.25526547893624, 26.05354906831042], [94.25520089006733, 26.053728968524844], [94.25469999395648, 26.054810588168394], [94.25467275524042, 26.054900601903707], [94.25467882695342, 26.0550638382766], [94.25479591246925, 26.055960757037443], [94.25482711994222, 26.056123844249992], [94.25489305179248, 26.05630380507286], [94.25513147814364, 26.056907874581842], [94.25517264074658, 26.0570203513935], [94.25519964140906, 26.057135048981422], [94.2552578243917, 26.057602910550965], [94.25526199706623, 26.057786868608485], [94.25522782066122, 26.05787287248442], [94.25496505894905, 26.05831016762955], [94.25493590771974, 26.05839111285372], [94.25494128683167, 26.058429729348482], [94.25499273514464, 26.058503155690712], [94.25537343038226, 26.05887620602276], [94.25554476785302, 26.059058946748152], [94.25601905766177, 26.059655388103334], [94.25614739996642, 26.05983367303567], [94.25620198789132, 26.05994310469405], [94.25661727545388, 26.060856344433954], [94.25699470980705, 26.06170334775719], [94.25706790363809, 26.06188326773157], [94.25709148621092, 26.06197505541127], [94.25717776580068, 26.06241761364277], [94.25722882604143, 26.06262595399003], [94.25727055907458, 26.062740671913424], [94.25754940332531, 26.06347216015039], [94.25766053660406, 26.0637443414234], [94.25806354419672, 26.064666813766653], [94.25817159176246, 26.064939005175127], [94.25852333519677, 26.06592221508188], [94.25864223081791, 26.06623955536128], [94.25901170160604, 26.067183362059538], [94.25908398544368, 26.067362505413136], [94.25948084676318, 26.068247235743588], [94.2595356071646, 26.068403912548913], [94.25953774964654, 26.068498408014705], [94.25946761637567, 26.069123311578444], [94.25945745463316, 26.069243615121493], [94.25945634162053, 26.06941173518007], [94.25946723549, 26.070205103799683], [94.25946656444847, 26.07136632224099], [94.25947834585344, 26.071654518418907], [94.25958393652687, 26.072724270904498], [94.25960444775976, 26.072816207434105], [94.25969809083992, 26.07298570054586], [94.26015195655236, 26.07369016004217], [94.26021457361924, 26.07379535547963], [94.26029461351106, 26.073994857074947], [94.26049004739103, 26.07455866125186], [94.26059304552656, 26.074804052367814], [94.26090176504866, 26.07544522289757], [94.26095755671602, 26.075554629481054], [94.26104507148932, 26.075701815676762], [94.26141865117158, 26.076306823601865], [94.26148654045086, 26.076408904573277], [94.26161934109426, 26.07655625591098], [94.26225591694899, 26.077194210347198], [94.26240529240768, 26.077359082643387], [94.26248271640542, 26.07751166531751], [94.262842643492, 26.078345706189676], [94.26288754398482, 26.078459062871953], [94.26291202846619, 26.078574962666032], [94.2629200522183, 26.078693093309973], [94.26295387289046, 26.0794046058708], [94.26295990777253, 26.079667627845144], [94.2629542340132, 26.080416368053886], [94.26296303840131, 26.080511498495667], [94.26303472396096, 26.080716154067403], [94.26323840527354, 26.081211972902377], [94.26330244527182, 26.081394054283567], [94.2633151797893, 26.08148742340691], [94.26335835821176, 26.082364464391137], [94.26336663798371, 26.082649961270704], [94.26337850113538, 26.083963368329695], [94.26335915322075, 26.08405099647959], [94.26330067738736, 26.084123821813076], [94.2625328504831, 26.084756649639775], [94.262324432354, 26.084943377606198], [94.26159139270914, 26.08564764815966], [94.26153540880233, 26.08572463080018], [94.2615163303823, 26.085791310428338], [94.26150457143522, 26.085934678842243], [94.26147932787742, 26.086443352185096], [94.26146694010968, 26.08663776468948], [94.26146535637984, 26.086779776637247], [94.261483497857, 26.086841501089324], [94.26155171681798, 26.0869020774293], [94.26164159416047, 26.08695203703251], [94.262323073203, 26.087299533345675], [94.26245696080791, 26.087375071536204], [94.26250581748124, 26.087422134530403], [94.2625287883014, 26.087505930220235], [94.26253122363413, 26.087600336043177], [94.26252729799634, 26.088010950828576], [94.26252114723157, 26.088104680957585], [94.26248966936572, 26.088187342613942], [94.2624196807236, 26.088253355234745], [94.26191394628664, 26.088611060844123], [94.26171027755048, 26.08872323854638], [94.26066361627694, 26.089242091896846], [94.26044503011718, 26.089330012184362], [94.25938879370106, 26.08967826303905], [94.25930377983751, 26.089725769644247], [94.25926037144637, 26.08978065506194], [94.25919728456061, 26.089912247647277], [94.2588728966233, 26.090656859391096], [94.25884468593009, 26.090748567234307], [94.25884373551253, 26.090962469093437], [94.25888019274004, 26.091540234993705], [94.2588814315168, 26.09168011999526], [94.25886164342772, 26.091737833834713], [94.25878773004615, 26.09178651506543], [94.25869036794072, 26.091821130271363], [94.25820670960185, 26.091972343563533], [94.25806541538742, 26.092033506993854], [94.25794339632408, 26.0921521008523], [94.25760767344454, 26.092547001665174], [94.25756441237708, 26.092622826902684], [94.25756249627058, 26.092661767721825], [94.25759861123994, 26.09274173802797], [94.25794040583251, 26.093226627581274], [94.25805832588324, 26.093384128538645], [94.25842758736391, 26.093844318261088], [94.25846838884411, 26.09392136731006], [94.25846911737783, 26.093960660248307], [94.25843026973334, 26.094040797471163], [94.25801474860877, 26.094605394125974], [94.25790108297927, 26.09473636008859], [94.25781648683231, 26.09479056629433], [94.25716231208284, 26.09510980404106], [94.25694688080637, 26.095200288595294], [94.25679038350408, 26.095232752816372], [94.25575934752662, 26.095409174858087], [94.2555518609505, 26.095454797811005], [94.25536476972462, 26.095544735933657], [94.25478927212268, 26.095855031324508], [94.25472831873569, 26.095904709586282], [94.25472816512378, 26.095929829051425], [94.25478895950894, 26.095980633489955], [94.25545492195155, 26.096350964305593], [94.25623318907607, 26.096807507213946], [94.25634149445828, 26.096874403184653], [94.25641122887717, 26.09693752683352], [94.25643907036277, 26.096999415340704], [94.25646604677075, 26.09713950033788], [94.25657054060125, 26.097830986694127], [94.25661216134498, 26.098017843039745], [94.25664936058091, 26.098105571185503], [94.25688071359748, 26.098581378214607], [94.25691406804398, 26.09866922049214], [94.25692470409695, 26.098761342355647], [94.25691818412461, 26.098879862435847], [94.25686990237304, 26.099427199444637], [94.25684617247649, 26.099518281661954], [94.25677781966651, 26.09964652188325], [94.2563287410762, 26.10038188002355], [94.25628083931201, 26.100466208539203], [94.25625186684745, 26.10055193501922], [94.2562586105003, 26.1006176115265], [94.25628752098108, 26.100706673629087], [94.2564433750896, 26.101111279256425], [94.25648888643686, 26.101221008727936], [94.25654029702058, 26.10129506327674], [94.25667155435829, 26.101356396887002], [94.25712551798712, 26.10148607182844], [94.25724647703846, 26.10154890418939], [94.25726841389768, 26.101605014278785], [94.25727327917328, 26.101742265470044], [94.25726318031286, 26.102310613194916], [94.2572891209633, 26.102545792257995], [94.25736860030638, 26.10301557460124], [94.25741607087926, 26.103198699790035], [94.2575126685184, 26.1033673018769], [94.2578382862493, 26.10388714703355], [94.2579233674865, 26.104057086416386], [94.25792266141067, 26.104220659211926], [94.2578861682506, 26.10453096546603], [94.25779967396346, 26.105319431827006], [94.25777317456088, 26.105401823989773], [94.25774439703076, 26.105430152786113], [94.25765596148432, 26.105461221041292], [94.25668946137517, 26.105626582686867], [94.25650773398982, 26.10566097680205], [94.25582039703333, 26.105842534518473], [94.25572126434848, 26.10587226842962], [94.25563647326712, 26.105915643948773], [94.25558340259677, 26.10598908003494], [94.25554466364846, 26.10607615121849], [94.25525676527799, 26.106793178606296], [94.25520956869128, 26.106903648103888], [94.25516092851193, 26.106984833994744], [94.25502503856225, 26.1070970336033], [94.25463900912845, 26.107361739746793], [94.25446393736107, 26.107473459837383], [94.25436935284647, 26.107516095055306], [94.25387615529762, 26.10770096848528], [94.25373545666623, 26.10776067089902], [94.25368423922032, 26.107801771748537], [94.25365795092185, 26.107928948584956], [94.25366959488457, 26.10841179161373], [94.25364101947535, 26.108530779451772], [94.25356142784285, 26.108561737984907], [94.25345794192214, 26.10857331425913], [94.25294578273427, 26.10861114384713], [94.2528121673189, 26.10861591116328], [94.25201373840618, 26.10860003059526], [94.2518808335582, 26.10859534636367], [94.25169783864997, 26.108577966225464], [94.25117712839891, 26.108515285259035], [94.25096728644013, 26.10850560784075], [94.25038282454999, 26.108539679254463], [94.25020036503766, 26.10855991333618], [94.25010664021083, 26.10859555206009], [94.25001868166977, 26.10864515392455], [94.24956286751146, 26.108922753289317], [94.24946122673033, 26.109019110859485], [94.2494303866683, 26.10910701789488], [94.24927436277817, 26.109889553605143], [94.2492328210862, 26.110052980305202], [94.2491705615488, 26.11018449361815], [94.24888449394487, 26.11070282667104], [94.24884270521616, 26.110787292131594], [94.24883304293698, 26.110860784042295], [94.24887390280766, 26.110898950064243], [94.24896227906531, 26.11093831715538], [94.24935783153943, 26.11108329463838], [94.24945564010758, 26.111114159732526], [94.2495283695096, 26.111123598170856], [94.24962414339363, 26.111101630266965], [94.24974297433604, 26.111051847145152], [94.25064469243843, 26.11064914650917], [94.25081386317275, 26.110590780557796], [94.25102132369773, 26.110595319514417], [94.25175825753935, 26.110665993958197], [94.25196869867446, 26.110681608861622], [94.25259715825058, 26.11068696251926], [94.25275394301376, 26.110695733902386], [94.25288535576004, 26.11071649837868], [94.25369767801696, 26.11086617963683], [94.25379942120604, 26.11089272363533], [94.25396452975863, 26.110968073969627], [94.2549107072811, 26.111458824774537], [94.25519179642171, 26.111593116966127], [94.25590806452024, 26.111900349752887], [94.25605162967567, 26.111956721869188], [94.25612429170405, 26.111971172634096], [94.25622460567352, 26.111958521459368], [94.25632594192577, 26.11192992483058], [94.25726500568949, 26.111638221394244], [94.25736637158617, 26.111609565802997], [94.2574669182193, 26.111596462875262], [94.25756587213941, 26.111618104806926], [94.25876667353589, 26.112102544242315], [94.25884905892889, 26.11215507751835], [94.25888996910527, 26.11221145515818], [94.25894812783339, 26.11234388237077], [94.2592456094313, 26.113091291440867], [94.25928665884653, 26.113205187965292], [94.25931847358063, 26.113369409390035], [94.25941655074503, 26.114129641912186], [94.25943990963736, 26.11422124181549], [94.25953755471214, 26.1143870379338], [94.2599510663054, 26.11499551023762], [94.26001466343425, 26.115061284297433], [94.26005478938136, 26.115079456367255], [94.2601517409567, 26.11508629478845], [94.26107572919334, 26.115011677895993], [94.26131564495121, 26.115000512016447], [94.26206624576157, 26.114978487571953], [94.26225319415536, 26.114979845094137], [94.26241041999134, 26.115003665855244], [94.26381940415827, 26.11527827132249], [94.26392018435338, 26.115280343494515], [94.26399021791123, 26.115258294097984], [94.26412490591504, 26.115186928748646], [94.26472697658141, 26.114843226498742], [94.2648553997344, 26.1147615685522], [94.265019645006, 26.114608334320614], [94.26544145793082, 26.114182228320303], [94.26553162992074, 26.114096536838833], [94.26561329396657, 26.114040656983047], [94.26575901328206, 26.113987146129993], [94.26636471493882, 26.11380414350578], [94.26659481570391, 26.11374326167783], [94.26711252917518, 26.1136211018774], [94.2672157213468, 26.113599403046695], [94.26731703154792, 26.113592720215763], [94.26739011398784, 26.113610484365214], [94.26753299642368, 26.113672214017395], [94.26829190665045, 26.114026465397433], [94.26853623044144, 26.11411817992085], [94.26906083488926, 26.114282929201213], [94.26914877905726, 26.11432462787773], [94.26918137712227, 26.114355238839554], [94.26922382431609, 26.114435979145217], [94.26942837429952, 26.115051019403815], [94.26949011820396, 26.11517720913252], [94.26956284401274, 26.115242783858218], [94.26964785248637, 26.115300507847937], [94.27017093428981, 26.115638435081834], [94.27026297567382, 26.115681327048218], [94.27044179431427, 26.115701607483352], [94.27086451094426, 26.115711819890628], [94.27104848052457, 26.11570981790075], [94.2712816454431, 26.115670445963758], [94.27195298340436, 26.11553580193733], [94.27216032894498, 26.11550072591977], [94.27232079949574, 26.115494569104037], [94.27293998216997, 26.115491308000003], [94.27304623580008, 26.115493473734453], [94.27314439830445, 26.115511711878657], [94.27322352191466, 26.115564984892007], [94.27329472507903, 26.115634119750368], [94.27358985129425, 26.115941306424954], [94.27364441316797, 26.116018982162966], [94.2736771325056, 26.116156286607563], [94.27371826187087, 26.11656545492851], [94.27373845150687, 26.116707223243473], [94.27376234040521, 26.116771596088995], [94.27382569319231, 26.116841899797333], [94.2742323102158, 26.117151461135236], [94.27437977765281, 26.117252441765334], [94.27452190640214, 26.11731529388385], [94.27520759764505, 26.117575740674745], [94.27530756935636, 26.11760171450326], [94.27541107683665, 26.11760597491394], [94.27554280399329, 26.11759863010135], [94.27615296309047, 26.117553232761104], [94.27625734283491, 26.117547657605467], [94.276349130894, 26.117557514144895], [94.27638180172258, 26.117579111416926], [94.27642023614202, 26.117656201288575], [94.27656446245751, 26.118223714266133], [94.27662320329395, 26.11834681941333], [94.27668155515983, 26.118383473870228], [94.2768276966835, 26.11843260940818], [94.27771225247245, 26.1186923302041], [94.27788054645102, 26.1187561800973], [94.27803531988624, 26.118882761856973], [94.27863963813748, 26.119453149166823], [94.27879578419845, 26.119581217499103], [94.27890508401572, 26.119649116726396], [94.27966029048855, 26.120098018333337], [94.2797531924586, 26.120141649903463], [94.27993057648956, 26.120180923545362], [94.28071207485412, 26.12030506388204], [94.2808086626118, 26.120305492978254], [94.28085008572617, 26.120289960824323], [94.28091891554156, 26.120226802195095], [94.2813325834417, 26.11969043278436], [94.2814004394833, 26.11961686899419], [94.28154237778976, 26.11951256650238], [94.28181987995747, 26.11932905148034], [94.28194868130119, 26.119251508608205], [94.28201534168517, 26.11923058594547], [94.28211117036643, 26.11924422761879], [94.28220965985754, 26.1192786959655], [94.28263012441111, 26.119442119216654], [94.28285544524057, 26.119517758440082], [94.28298560304039, 26.119542338071817], [94.28390538805981, 26.119688068709983], [94.2840082730076, 26.119690064179114], [94.28410643102039, 26.119663866586567], [94.28489839026645, 26.11932697050772], [94.28501624563847, 26.11927278858168], [94.28519203875304, 26.119162778425107], [94.28606855372183, 26.118556503174354], [94.28615143588323, 26.118519751175047], [94.28618994126955, 26.11852338402983], [94.2862611713834, 26.11857391973832], [94.28708370658677, 26.1194483968111], [94.28729992927904, 26.11966075320234], [94.28792367359821, 26.120229133995668], [94.28811838972426, 26.12042553338246], [94.28860226545542, 26.12095893770393], [94.28878029717171, 26.12113305931778], [94.2891956610911, 26.121495728770594], [94.28935366486812, 26.121617686764804], [94.28944767535923, 26.12165966834732], [94.2901469320612, 26.121895143207595], [94.29026621934779, 26.121947901145074], [94.29037954092257, 26.12201248564867], [94.29096268408587, 26.12235928173879], [94.29114683512586, 26.122457025994976], [94.29202880556339, 26.122909381769755], [94.29214340723743, 26.122970860511376], [94.29229444547775, 26.123067693657887], [94.29311615692602, 26.123632189670484], [94.29318638541831, 26.123698673471022], [94.29323000401523, 26.12378240929212], [94.2932613525237, 26.123873658040186], [94.29343527714248, 26.124429693552287], [94.29349097808, 26.124562711826588], [94.29361941650437, 26.124713790024824], [94.29404146478778, 26.125152125878856], [94.29410831830954, 26.12519842923519], [94.2941386427386, 26.125195432139915], [94.29419305908525, 26.12513686214], [94.29471723952825, 26.124263115622643], [94.29479789386772, 26.12413797453576], [94.29488986428483, 26.124021935994826], [94.29564055313011, 26.123130398275713], [94.29571484649905, 26.123070139932274], [94.29581006971578, 26.123039517541827], [94.29591439645962, 26.123022534762402], [94.29649826186844, 26.122944397491732], [94.29662933594985, 26.122923969101116], [94.29672661091871, 26.122894887190306], [94.2968072661565, 26.122838730054106], [94.29765533058192, 26.12201188798769], [94.29776774934984, 26.121911203445418], [94.29794648983689, 26.121811393935502], [94.29921783054273, 26.121214098209443], [94.29936065818134, 26.121150995732766], [94.29956044978873, 26.121081896400792], [94.30046743112037, 26.12078706293035], [94.30064189742329, 26.120725937929972], [94.30076159883322, 26.12067249224375], [94.30135106793276, 26.120387034131163], [94.30154253575074, 26.12030220135873], [94.30164261346327, 26.12027311637568], [94.30233416351844, 26.120113704568258], [94.3024373395204, 26.1200985135693], [94.30267544607129, 26.12011002336852], [94.30347219423615, 26.120182825443667], [94.30360447385668, 26.120191630796757], [94.30370825172986, 26.120184390194538], [94.30385939866632, 26.120138966435345], [94.30450854464684, 26.11990521894489], [94.30475486539268, 26.1198124426705], [94.30582910135215, 26.119394554510727], [94.30601438067612, 26.119305088029858], [94.30614994363901, 26.119189623006722], [94.30652441534835, 26.118843103039193], [94.30660763617459, 26.118790085593552], [94.30670505577221, 26.118768565170654], [94.30683592324111, 26.118759557258123], [94.30757680248348, 26.1187250597213], [94.3077829200271, 26.118703298924753], [94.30787261501159, 26.118660520989103], [94.30795432936308, 26.11859952634947], [94.30869323231185, 26.11799915481844], [94.3088355101815, 26.117888548200607], [94.3089420054584, 26.117817238498866], [94.30948536672939, 26.117472956785775], [94.30957648913686, 26.117426154314014], [94.30977575163655, 26.117372228002928], [94.31031151675347, 26.117255425352283], [94.3105357856557, 26.117185253367406], [94.31117728068494, 26.116960199901403], [94.31196231571681, 26.116674260861227], [94.31223649232129, 26.116583558203647], [94.31317624599114, 26.116309102604376], [94.31327808889321, 26.116293798186902], [94.3133533829854, 26.116300984988033], [94.31352951566316, 26.11634351616144], [94.31398266901162, 26.116463322689015], [94.31408438525122, 26.11648144695155], [94.31426842849336, 26.116481042039254], [94.3150623891859, 26.116438758541644], [94.31529846374761, 26.11641378947655], [94.3158665709097, 26.11629828126671], [94.31609971696359, 26.11625802146166], [94.31625927213108, 26.116255557299517], [94.3170874918736, 26.11627861798379], [94.3171919821108, 26.11629076295304], [94.31738777980846, 26.11635804543073], [94.31787014547162, 26.11655426419283], [94.31796824599222, 26.116585560985165], [94.31807152799536, 26.116596375036853], [94.31820468526995, 26.116592039575796], [94.31887377025652, 26.116554889306045], [94.31900710809245, 26.116545064945967], [94.31918850399944, 26.116516011291687], [94.31988249028566, 26.116378545949942], [94.32011435713858, 26.11634229497036], [94.3202709029499, 26.11634989636039], [94.32100396056109, 26.116428863191118], [94.32115691490787, 26.116423436395976], [94.32125361226, 26.11639113131175], [94.32175211525896, 26.116173106645], [94.32189755160513, 26.116120732462004], [94.32207772490504, 26.116096961131245], [94.32273202182537, 26.116047658451443], [94.32283532448979, 26.116049467657874], [94.32293695718607, 26.116070140037227], [94.32338881516387, 26.116206787042646], [94.32358406219429, 26.116276704729568], [94.3237142307739, 26.11635976187346], [94.32415036823421, 26.116682509120345], [94.32423447569764, 26.116741650395436], [94.32432388322125, 26.1167885160558], [94.3245023506204, 26.11681367297766], [94.3254032503576, 26.116857044437086], [94.32566904927374, 26.116866415464273], [94.32668517052255, 26.11688084787711], [94.32678778238251, 26.11686872716702], [94.32697314435151, 26.11677954509406], [94.32753604847144, 26.116450046886744], [94.327742402272, 26.116338657208154], [94.32789169059413, 26.11628722682079], [94.32847684239042, 26.11611326414619], [94.32857888292187, 26.11608566307281], [94.328682464064, 26.116070354593106], [94.32886854378692, 26.116080644401826], [94.3295635029486, 26.116148721501936], [94.32966692508893, 26.116147534186027], [94.32980427300429, 26.11609020746228], [94.3304252424276, 26.11567409342599], [94.33051166035796, 26.115619860603463], [94.33060214496155, 26.11558267130768], [94.33070184268675, 26.115583325463827], [94.33080561517005, 26.115601038494635], [94.33138051808726, 26.115715172134678], [94.33153424678184, 26.115752868741744], [94.33165672578262, 26.1157963607787], [94.33209568485124, 26.115962936259745], [94.33219014899157, 26.116002223405058], [94.33226853867822, 26.116053639398988], [94.33230332324264, 26.116110783042313], [94.33234471401767, 26.116246356415918], [94.33252583863346, 26.116943737298797], [94.33253474722615, 26.117035643922236], [94.3324878722363, 26.117194963944005], [94.33219027655234, 26.11791923082193], [94.33207553474111, 26.118192874440386], [94.33202903345043, 26.11832421082502], [94.33203319085356, 26.11837601779778], [94.33210250306423, 26.118412871471993], [94.33220326080148, 26.11843392978734], [94.33263090469079, 26.118508757433062], [94.33273347073664, 26.118520925561505], [94.33280185229275, 26.118512429004245], [94.33287134865805, 26.118456513350335], [94.33293022244513, 26.118378535149866], [94.33315751687329, 26.11804983674597], [94.33322217850575, 26.117976879283646], [94.33335573912387, 26.117908892779766], [94.33444519164594, 26.117571653679956], [94.33459816306072, 26.117528017117273], [94.3347537261151, 26.11749618822716], [94.3356413200063, 26.11733561839802], [94.3358252006534, 26.117308737093808], [94.33595936673603, 26.117300548566742], [94.33668591245971, 26.11727122489174], [94.33690046069229, 26.11725759911995], [94.33705660136339, 26.117231503419426], [94.3380686218029, 26.117033240271024], [94.3381594028506, 26.117000696603355], [94.3381922353759, 26.116972571452973], [94.3382327556834, 26.116892587066303], [94.33843757875475, 26.116200219704655], [94.33847125389977, 26.11606120854378], [94.3386264953573, 26.115363697370825], [94.33864699670869, 26.115224855409075], [94.33863287159916, 26.115134049187457], [94.33859341938853, 26.115021905689126], [94.33839228120652, 26.11450736753817], [94.33832305613241, 26.114304423025285], [94.33830462629605, 26.114139009124994], [94.33828144167687, 26.113780079708558], [94.33827904048013, 26.113639746042537], [94.33829586772201, 26.113577642102364], [94.3383605059983, 26.11351306584298], [94.33844595374812, 26.113457780993123], [94.33920407794899, 26.113002522702562], [94.33928942059595, 26.11294634951979], [94.33935901667424, 26.112879040879427], [94.33940478404136, 26.112794818917422], [94.3395886745699, 26.112341696412294], [94.33963735607178, 26.11226419972162], [94.33967316651227, 26.112238109359172], [94.33976774384034, 26.11221126721394], [94.34080368282261, 26.112075406033277], [94.34090818204298, 26.112073865372665], [94.34108427249991, 26.112121431444805], [94.34175623029874, 26.11236125630271], [94.34198075522085, 26.112438906994644], [94.34320918160894, 26.11282137941707], [94.34338048045217, 26.112883206280767], [94.34346910194988, 26.11293228121456], [94.34406417923176, 26.113319511080746], [94.34418847193109, 26.113405873432637], [94.34428380653893, 26.113486125583016], [94.3446718329276, 26.1138363710633], [94.34477589287181, 26.11394101820631], [94.34489789037559, 26.114123951247375], [94.34508771517491, 26.114438849878326], [94.34514081728629, 26.114519745802273], [94.3452057403285, 26.114585508837266], [94.34527125266555, 26.114611789842566], [94.34542261340103, 26.114638370901197], [94.34583751468803, 26.114696128260483], [94.34601684716486, 26.11470797091526], [94.34611918593696, 26.114687290228872], [94.34664989084386, 26.114515582879108], [94.34677423205224, 26.114471022411205], [94.34686809072807, 26.1144258730993], [94.34772302906208, 26.113929916753722], [94.34779592195748, 26.113870307831654], [94.34781557799421, 26.113833605175508], [94.34782183745511, 26.113746626077617], [94.34774634034369, 26.11310990261901], [94.34772146868842, 26.112968960761687], [94.34758610245657, 26.112265646810922], [94.34756495521647, 26.1121245861679], [94.34756372093126, 26.111932489912654], [94.34757718667738, 26.111427114419943], [94.34757613475018, 26.11130710026496], [94.34755081573388, 26.111141238473753], [94.34745907079392, 26.110716660512924], [94.34743478753519, 26.110528930702337], [94.34748674698953, 26.110346553456868], [94.34771652705606, 26.10973440043202], [94.34777937319333, 26.10955221554207], [94.34793654423206, 26.108933083253138], [94.34796818379469, 26.108844518666487], [94.34804490530983, 26.108719566764897], [94.34853514560479, 26.108032202274025], [94.34860482342981, 26.107967510019275], [94.34869824193113, 26.107934036978428], [94.34993851080964, 26.107731430336504], [94.35004390834528, 26.107723609781484], [94.35027614979569, 26.107757010283322], [94.35076601639147, 26.10785170387276], [94.35097453603017, 26.107877080515557], [94.35108142297257, 26.107876403729893], [94.35183144886116, 26.107853163923245], [94.35199199576876, 26.10784992922574], [94.35212396996207, 26.10785860482945], [94.35225357799295, 26.10788072176772], [94.35315894056048, 26.10805556062356], [94.35339208032616, 26.108090001616926], [94.353602401087, 26.108070253867595], [94.35407795392705, 26.108004108038568], [94.35423254949586, 26.10797734558684], [94.35429964646107, 26.107950781566636], [94.35436579390704, 26.107884459012013], [94.35465906689785, 26.10742332830644], [94.35470772773844, 26.10733970095646], [94.35473064196471, 26.10725760459085], [94.35470887848034, 26.107198695675873], [94.35462063517335, 26.107083477631843], [94.35444208333254, 26.106873225563596], [94.35404327895709, 26.1063948854538], [94.35355231821329, 26.105801144998388], [94.35349213917408, 26.105723844833374], [94.3534497925916, 26.105642729054185], [94.3534468955248, 26.105553051185534], [94.35355919481677, 26.10493878699322], [94.35357994410323, 26.104847354865743], [94.35361987511591, 26.104773018615454], [94.3536795187592, 26.104742861724883], [94.35383262402297, 26.104712651585718], [94.35444317388728, 26.10461766343581], [94.35454914454809, 26.10460338116477], [94.3547596862945, 26.10459422131142], [94.35552369715543, 26.104587810623634], [94.35576125393737, 26.10459828617288], [94.35634263909769, 26.1046310777175], [94.35649938253833, 26.104635039322645], [94.35657301474723, 26.104624181410397], [94.35666103886531, 26.1045796897733], [94.35674358595506, 26.104520360841807], [94.35753870008439, 26.103914074178522], [94.35762104505324, 26.103855639523346], [94.35770755012015, 26.103817895518727], [94.35777807236153, 26.103820818947167], [94.35792631594296, 26.103862470534256], [94.35859939214433, 26.104080364891697], [94.35882432490158, 26.10414964609836], [94.35895253784884, 26.10418221835097], [94.35959719225289, 26.10433587927029], [94.3598039952111, 26.104372608302103], [94.36001061401466, 26.104350518934076], [94.36065795887302, 26.1042414829194], [94.360813258721, 26.104225954277563], [94.36091686142272, 26.104235006870997], [94.36148864628758, 26.10433780078679], [94.36163944737267, 26.10435787748601], [94.36170154162004, 26.104347163944063], [94.36175405623322, 26.104284760628275], [94.36179122133318, 26.104198435099168], [94.36205591442321, 26.10349273544416], [94.36209167545634, 26.10340433936791], [94.36213794588, 26.103333596806053], [94.36217258042579, 26.103317047582056], [94.36226518325685, 26.103322150696677], [94.36322932439003, 26.103550149014428], [94.36333428534448, 26.103568569719926], [94.36349488345603, 26.103576459927975], [94.36438373948017, 26.103582908585462], [94.36448243827877, 26.103565343777444], [94.36454380039922, 26.103528181300888], [94.36465296097761, 26.103426132860054], [94.36508283358714, 26.102998061336248], [94.36515079383332, 26.102926247242042], [94.36519725829308, 26.10284965264563], [94.36519951036948, 26.102784444466913], [94.36516621970338, 26.10264561257256], [94.36500517423083, 26.102084212948313], [94.36497510671995, 26.101943155348266], [94.36496615141489, 26.10182487796205], [94.36493629500808, 26.10106420240812], [94.36491524478603, 26.100877241217415], [94.36481903791406, 26.10068546852637], [94.36450129661154, 26.100140973801697], [94.36445579873902, 26.100056151344095], [94.36439741812701, 26.09987656835035], [94.3642857458591, 26.099367405650714], [94.36425152094509, 26.09923016054626], [94.36422527935902, 26.099165515858473], [94.36413621229694, 26.09905125796136], [94.36375512000394, 26.098655202905856], [94.36365903799776, 26.098545705783124], [94.36363053804708, 26.098487497554665], [94.36363746046464, 26.098401725191753], [94.36366678866206, 26.098311950610498], [94.36381643541196, 26.09790317985157], [94.36389239964734, 26.097759480017086], [94.36397230119861, 26.09770603996501], [94.36526783623, 26.09715663450965], [94.36558256548136, 26.097033877338532], [94.3661451453095, 26.09683277492422], [94.36626578006901, 26.09678720171954], [94.36635328855411, 26.09674080240106], [94.36642245523772, 26.096672457458226], [94.36676181359925, 26.096215078242167], [94.36693511658386, 26.09600337709107], [94.36731645591355, 26.09557271053756], [94.367402019546, 26.095481730931134], [94.36750036171343, 26.095404486064428], [94.36760917823706, 26.095338316936274], [94.36813955705556, 26.09502878658364], [94.36823218144617, 26.094989032545204], [94.36841514940492, 26.094966356513588], [94.36879162615399, 26.094950219966716], [94.36903181589801, 26.09493158411585], [94.36913405765209, 26.094908261868728], [94.36994293666653, 26.094669329781695], [94.37003196420274, 26.094660215134965], [94.37006487937309, 26.094675698255468], [94.37010743166975, 26.09474689541285], [94.37030135548173, 26.095322975083683], [94.3703282196003, 26.095413707143315], [94.3703307762056, 26.095498245767136], [94.3702795372001, 26.09556895192452], [94.3702040293089, 26.095633506631447], [94.36970424710898, 26.09602943154584], [94.36961975337, 26.096086749551052], [94.3695052118831, 26.096148227878526], [94.3687326005516, 26.096532890632847], [94.3685940812331, 26.096605592028006], [94.3684835552155, 26.096673024592842], [94.36787253463396, 26.097063690935666], [94.36773870541958, 26.097172515018308], [94.36769955144959, 26.097256857142202], [94.36767458547122, 26.097349582745547], [94.36754078859617, 26.097915156510496], [94.36750901518457, 26.09803156544085], [94.36745986745706, 26.09814225296385], [94.36720914766127, 26.098543620406943], [94.36716148574723, 26.09862715320734], [94.3671433802027, 26.098705882732393], [94.36717484279721, 26.09875769759265], [94.36728941392852, 26.098852905089817], [94.36753894435489, 26.099039995364674], [94.36815300124209, 26.09950966997669], [94.36824474079216, 26.099596053016853], [94.36832494148243, 26.09969106783363], [94.36865281937459, 26.10009767197139], [94.36877272200714, 26.10025521288663], [94.36883814990253, 26.100358483032462], [94.36916619577968, 26.100902574198333], [94.36923158594584, 26.101005512216815], [94.36929396226422, 26.10108078986601], [94.36941231350627, 26.101177061934486], [94.37019910384619, 26.10175917470497], [94.37084637773764, 26.102219707398717], [94.3710709700334, 26.102389879112934], [94.37171154698439, 26.102902350611032], [94.37182873670481, 26.103001013826063], [94.37191717494619, 26.103088277613608], [94.37237908058046, 26.10357469812304], [94.37245270380622, 26.103628412993867], [94.37249445390735, 26.103637896404297], [94.37258785174744, 26.10362204178081], [94.37320376275737, 26.103406941744698], [94.37335305646938, 26.103370374554], [94.37353443800336, 26.10338410520065], [94.37397914449316, 26.103453781290327], [94.37415998973289, 26.103488526147117], [94.37425983657842, 26.10352128573543], [94.3748230946346, 26.103742092865396], [94.37497274497781, 26.10379277290761], [94.3751024769762, 26.10382317527562], [94.37573070388866, 26.103954199485116], [94.37588452421139, 26.10399535410717], [94.37600729965622, 26.10404395198822], [94.37664053018482, 26.10431357451121], [94.37673569860435, 26.104356836866454], [94.37681758902566, 26.104410941811818], [94.3768696769391, 26.104489078566182], [94.37690850122735, 26.104578066732504], [94.37712642802371, 26.105125586808615], [94.37717366413628, 26.105194760108088], [94.37720728448411, 26.105208013795032], [94.37729413989398, 26.105192658716945], [94.3773904671402, 26.10515776513135], [94.37797643730173, 26.104930082132476], [94.37811859479712, 26.104901732241327], [94.37820711837848, 26.10493529246483], [94.37916535219037, 26.105584915594672], [94.37922893764112, 26.10565234782228], [94.3792480861297, 26.105714547126805], [94.379254227013, 26.105853400384323], [94.37925384343238, 26.106443579137647], [94.3792507119053, 26.106658307361396], [94.37923016743474, 26.107474619814962], [94.37923845618987, 26.10756892320982], [94.37926744033251, 26.107659971659363], [94.37972366232597, 26.10868717081973], [94.37977570622196, 26.108767593993154], [94.37991563859038, 26.10887220695467], [94.38068645778286, 26.10934436526965], [94.38079800159171, 26.109409331022484], [94.38096280651371, 26.10948424833715], [94.38185382747773, 26.109846537710215], [94.381952542446, 26.109875740638103], [94.38205674432402, 26.109885919675346], [94.38330964261708, 26.109887156260147], [94.38352266551028, 26.10989184285987], [94.38365547693346, 26.109902930176368], [94.38484978710372, 26.11001929087455], [94.38495448485176, 26.110035294666115], [94.38510739967268, 26.110078162069406], [94.38571600737934, 26.11027352100828], [94.38586041515454, 26.110326633467597], [94.38591125890129, 26.110365344952843], [94.38592939498857, 26.110444529586303], [94.38592322356257, 26.110537547222577], [94.3858901179494, 26.110824872558897], [94.38583992278629, 26.111300985979945], [94.38583783150828, 26.11139577430143], [94.38586572150292, 26.111561984196573], [94.38610896821388, 26.112651395502894], [94.38614198669046, 26.112817528596697], [94.38615174149614, 26.113007577803746], [94.38615511556833, 26.113793511491146], [94.38615340517603, 26.113960126124386], [94.38614337548587, 26.11410453764918], [94.38604930750259, 26.11518699811686]]}, "properties": {"OBJECTID": 46191, "Name": "NH 2", "Road_Type": "National Highway", "Class_Code": 1, "Lane": " ", "Oneway": " ", "T_Elevatio": 0, "F_Elevatio": 0, "SL": 90, "Remarks": " ", "Bridge_Fly": " ", "Shape_Leng": 35361.8743094, "ID": 46330, "Type": "", "NSEW_Corr": "", "Shape_Length": 35361.87430935378}, "id": 46191}, {"type": "Feature", "geometry": {"type": "LineString", "coordinates": [[92.22834166629487, 26.124796369345436], [92.22916635475997, 26.12452714975371], [92.22929223388411, 26.12448956324736], [92.22947336748305, 26.124455606979648], [92.23018020327109, 26.12435451481896], [92.23031247480681, 26.124346164670357], [92.23044657710905, 26.124349289221335], [92.23125218356088, 26.12438085008533], [92.23146544271101, 26.124398052047134], [92.23159578017392, 26.124425151100223], [92.2320886498377, 26.124542394215247], [92.2351242844565, 26.125260855260493], [92.23522878367689, 26.125281992995436], [92.23544139154843, 26.125307881231116], [92.23605512594042, 26.125370426565347]]}, "properties": {"OBJECTID": 46192, "Name": "NH 27", "Road_Type": "National Highway", "Class_Code": 1, "Lane": " ", "Oneway": " ", "T_Elevatio": 1, "F_Elevatio": 1, "SL": 90, "Remarks": " ", "Bridge_Fly": " ", "Shape_Leng": 881.763909324, "ID": 46331, "Type": " ", "NSEW_Corr": "EW", "Shape_Length": 881.7639093238356}, "id": 46192}, {"type": "Feature", "geometry": {"type": "LineString", "coordinates": [[92.23793492074105, 26.12522302057654], [92.23714929102451, 26.125288654994435], [92.23605512594042, 26.125370426565347]]}, "properties": {"OBJECTID": 46193, "Name": "NH 27", "Road_Type": "National Highway", "Class_Code": 1, "Lane": " ", "Oneway": " ", "T_Elevatio": 1, "F_Elevatio": 0, "SL": 90, "Remarks": " ", "Bridge_Fly": " ", "Shape_Leng": 210.056892863, "ID": 46332, "Type": " ", "NSEW_Corr": "EW", "Shape_Length": 210.05689286271962}, "id": 46193}, {"type": "Feature", "geometry": {"type": "LineString", "coordinates": [[92.22834166629487, 26.124796369345436], [92.22736508349499, 26.125098783841196], [92.22656551372185, 26.125344686746335], [92.22631551886647, 26.125423894298667], [92.22581440536332, 26.125592365931176], [92.22553760388156, 26.125675005927384], [92.22493059158285, 26.12582918058305]]}, "properties": {"OBJECTID": 46197, "Name": "NH 27", "Road_Type": "National Highway", "Class_Code": 1, "Lane": " ", "Oneway": " ", "T_Elevatio": 1, "F_Elevatio": 0, "SL": 90, "Remarks": " ", "Bridge_Fly": " ", "Shape_Leng": 400.867656158, "ID": 46336, "Type": " ", "NSEW_Corr": "EW", "Shape_Length": 400.86765615775033}, "id": 46197}, {"type": "Feature", "geometry": {"type": "LineString", "coordinates": [[92.20687633903749, 26.120876853323374], [92.20828044265753, 26.12101282203153], [92.20859671790947, 26.121051768721134], [92.20914634043795, 26.121139218256154], [92.20935364375777, 26.12118006113974], [92.20948065386085, 26.12121486767292], [92.2104429687191, 26.121490177999963], [92.21074768444996, 26.12158036952106], [92.21207055431717, 26.121981733124798], [92.21234616463283, 26.122070371639236], [92.21300498816387, 26.122302791236724], [92.2132731469543, 26.122405873336394], [92.21378455155732, 26.12261630474995], [92.21395374744446, 26.122688681015415], [92.2158693670586, 26.123547521370615], [92.21601023547159, 26.123616028044058], [92.21609781851683, 26.12366917073469], [92.21684258297282, 26.124165773730354], [92.21698835169566, 26.124268746915973], [92.21708717715667, 26.124348965797267], [92.21813930108543, 26.125231673114172], [92.2182777647084, 26.125343882628947], [92.2183805086207, 26.125417146814517], [92.21898777514265, 26.125829970986004]]}, "properties": {"OBJECTID": 46198, "Name": "NH 27", "Road_Type": "National Highway", "Class_Code": 1, "Lane": " ", "Oneway": " ", "T_Elevatio": 0, "F_Elevatio": 0, "SL": 90, "Remarks": " ", "Bridge_Fly": " ", "Shape_Leng": 1511.43431845, "ID": 46337, "Type": " ", "NSEW_Corr": "EW", "Shape_Length": 1511.4343184469885}, "id": 46198}, {"type": "Feature", "geometry": {"type": "LineString", "coordinates": [[92.21898777514265, 26.125829970986004], [92.21971465773458, 26.126138090629905]]}, "properties": {"OBJECTID": 46200, "Name": "NH 27", "Road_Type": "National Highway", "Class_Code": 1, "Lane": " ", "Oneway": " ", "T_Elevatio": 1, "F_Elevatio": 0, "SL": 90, "Remarks": " ", "Bridge_Fly": " ", "Shape_Leng": 89.4812864888, "ID": 46339, "Type": " ", "NSEW_Corr": "EW", "Shape_Length": 89.48128648880308}, "id": 46200}, {"type": "Feature", "geometry": {"type": "LineString", "coordinates": [[92.21971465773458, 26.126138090629905], [92.220572195793, 26.1263066983426], [92.22078212309172, 26.126332796049038], [92.22088936397037, 26.12633163383905], [92.22177625897228, 26.126300566292116], [92.22206927055333, 26.126280265113646], [92.22259639567388, 26.1262215262861], [92.2228610537296, 26.12618938521695], [92.22379125830798, 26.126067387635647], [92.22400325352851, 26.126036691829817], [92.22413255613222, 26.12601015369056], [92.22493059158285, 26.12582918058305]]}, "properties": {"OBJECTID": 46201, "Name": "NH 27", "Road_Type": "National Highway", "Class_Code": 1, "Lane": " ", "Oneway": " ", "T_Elevatio": 1, "F_Elevatio": 1, "SL": 90, "Remarks": " ", "Bridge_Fly": " ", "Shape_Leng": 588.634468781, "ID": 46340, "Type": " ", "NSEW_Corr": "EW", "Shape_Length": 588.634468780639}, "id": 46201}, {"type": "Feature", "geometry": {"type": "LineString", "coordinates": [[92.23793492074105, 26.12522302057654], [92.23869128424396, 26.125138158247264], [92.24007760661125, 26.124986888641377], [92.24018437228108, 26.124980011279114], [92.24037190547811, 26.124987101567786], [92.24136399319977, 26.125053036150767], [92.24149756280106, 26.125064681767], [92.24168112185127, 26.125097704692415], [92.24233236809292, 26.125239286024033], [92.24251280819247, 26.125283840772685], [92.24270835436181, 26.125357678443624], [92.24338605329363, 26.12563367666142], [92.24367017784158, 26.125764451400066], [92.24481101759115, 26.126336739981536], [92.24492843997523, 26.126393259987765], [92.24509845153263, 26.126461346403808], [92.24596003470477, 26.126780037953043], [92.24610936524773, 26.12682989099491], [92.24628878486111, 26.126868876878287], [92.24683214074217, 26.126971179071397], [92.24703990938927, 26.127005085409884], [92.24767168015556, 26.12705365033499], [92.24785614021599, 26.127064998950544], [92.24801702489012, 26.127067425784603], [92.2500561799238, 26.127070447834154], [92.25128453354837, 26.127062354354642], [92.25149742079599, 26.12705389793822], [92.25162925305551, 26.127035899520465], [92.25257633338484, 26.12688555584464], [92.25267987320449, 26.126863713495656], [92.2528275274911, 26.12681468393213], [92.25360479119743, 26.126521918350903], [92.25387136535967, 26.126413653090992], [92.25454862681192, 26.12612605233977], [92.25481274318358, 26.12601144333587], [92.25540785819466, 26.125746802012994], [92.25554959168525, 26.125681553376058], [92.25570918188706, 26.12559508234199], [92.2561807390207, 26.125323618384925], [92.25646669882681, 26.1251483270833], [92.25768161904462, 26.124372460417963], [92.2577911209828, 26.12430473734243], [92.25795211435306, 26.124223849805215], [92.25861534861217, 26.123932895687584], [92.25875960726702, 26.12387580990799], [92.25893687541529, 26.12382952054532], [92.2593727999749, 26.123730184504787], [92.2595530128007, 26.12369302924544], [92.25976471786538, 26.123668290790203], [92.2606152149286, 26.123585917148826], [92.2620364925402, 26.123469163456342], [92.26330169865096, 26.123367820411406], [92.26348692317772, 26.12335973796711], [92.2641550029495, 26.12337543586239], [92.26431513303876, 26.123381218830012], [92.26444741984582, 26.123395169734135], [92.2662326094706, 26.123696270763407], [92.26657537334538, 26.123744854001536], [92.26848335368632, 26.12395549109251], [92.26866840034666, 26.123978387334866], [92.2688267131441, 26.124006253510785], [92.2708527384016, 26.124394166120318], [92.27121972983959, 26.124462277091208], [92.27221084917737, 26.124638521948206], [92.2725497709577, 26.124703462262325], [92.27387889309922, 26.124973898515943], [92.27416876955994, 26.125024982300875], [92.27491142207668, 26.125144064527998], [92.27504448053656, 26.12516145752698], [92.27520458816797, 26.125169610822], [92.27603449494659, 26.125192091459343], [92.27621955687827, 26.12518574642431], [92.27631965255712, 26.125159689595087], [92.27705547518273, 26.12489017564692], [92.27722370538093, 26.124820573631894], [92.27787193148659, 26.124492471641062], [92.27804774705908, 26.12438928733821], [92.2781658027554, 26.124260081402305], [92.27857081089616, 26.123746574368514], [92.27864641041553, 26.1236467938491], [92.27875007240605, 26.123454695562472], [92.27910008658348, 26.12268530880752], [92.2791324133573, 26.122595710151433], [92.27915832885493, 26.122432261468223], [92.2792044887858, 26.121983113149295], [92.27920652706317, 26.12179456341773], [92.27919066191693, 26.121700633646423], [92.27907660282533, 26.12113769223323], [92.2790355192741, 26.120975322310418], [92.27899192313507, 26.120862177820552], [92.27869127048422, 26.120143412265275]]}, "properties": {"OBJECTID": 46205, "Name": "NH 27", "Road_Type": "National Highway", "Class_Code": 1, "Lane": " ", "Oneway": " ", "T_Elevatio": 0, "F_Elevatio": 0, "SL": 90, "Remarks": " ", "Bridge_Fly": " ", "Shape_Leng": 5234.99377712, "ID": 46344, "Type": " ", "NSEW_Corr": "EW", "Shape_Length": 5234.993777119026}, "id": 46205}, {"type": "Feature", "geometry": {"type": "LineString", "coordinates": [[92.85722966067142, 26.121492006479656], [92.85646714909866, 26.121640489904042], [92.85628461592451, 26.121679142795774], [92.85546508019588, 26.121879048285468], [92.85526155249521, 26.121932595852986], [92.85513742778083, 26.12197547583047], [92.85408051672992, 26.122371864843405], [92.85376509487747, 26.12249768936236], [92.85256214560917, 26.12299671941668], [92.8515895135999, 26.123411570936568], [92.85144419583133, 26.123474931094865], [92.85125677582201, 26.123565913921844], [92.8504209437558, 26.123985599472853], [92.85012402270661, 26.124144979381754], [92.84936791342695, 26.12459511224333], [92.84832675882612, 26.125232184459122], [92.84736854837043, 26.125823222718775], [92.84642570808924, 26.12639859114938], [92.84550237202953, 26.126954221059307], [92.84523814336849, 26.127116131019108], [92.84424571338869, 26.127735137946487], [92.84291242575914, 26.12855478975316], [92.84073265923067, 26.129883354894698], [92.8391384298757, 26.130842745896405], [92.83896234211372, 26.130950663482924], [92.8387713530978, 26.1310787369547], [92.83811747030079, 26.131524905792645], [92.83796580054485, 26.131620415650925], [92.83784999692496, 26.131679747762057], [92.83714610581441, 26.13202317063615], [92.8356835802599, 26.132766843193643], [92.83552063215556, 26.132848595012717], [92.83470009211042, 26.13324335432803], [92.83373406002356, 26.13370070479742], [92.83354363874291, 26.133785949628624], [92.83339425250442, 26.133836513413616], [92.83246172218774, 26.13412523715025], [92.83225616968446, 26.134172661983627], [92.83212241323356, 26.13418354940972], [92.83155787328147, 26.134217065739698], [92.83128955459095, 26.13422856285723], [92.83048587861863, 26.134248575548956], [92.83019295237754, 26.134259250058427], [92.82918605503006, 26.134305603838435], [92.82884078755062, 26.134333252221904], [92.82748359036151, 26.13448160077244], [92.8271640326655, 26.13452023489872], [92.82601815426547, 26.13467206636693], [92.82580787033555, 26.134707080982317], [92.8248562508191, 26.1349149175939], [92.82467844008839, 26.13496065093774], [92.8245550196532, 26.135004591480204], [92.82342857450773, 26.13543328449681], [92.82318644799592, 26.135535359829568], [92.8199216675212, 26.137009237654972], [92.81963263098528, 26.137127451207878], [92.81886473580904, 26.137400303863377], [92.81874012780104, 26.137442207999282], [92.81853371650831, 26.137494774237048], [92.81777793601202, 26.1376670744276], [92.81764709818749, 26.137694417176405], [92.81743743948502, 26.137726525240787], [92.81638619141368, 26.137874143675038], [92.81609665990605, 26.137912729904745], [92.81493636264739, 26.138057227951577], [92.81483062375194, 26.13806697066416], [92.81462031646582, 26.138070474685627], [92.8139095074293, 26.138068595659163], [92.81297214597303, 26.138058536012196], [92.81278476279466, 26.13805896988189], [92.812157108109, 26.1380996028179], [92.81194882023563, 26.13812123984045], [92.8118191259665, 26.138148106678255], [92.81114776734395, 26.138304027763343], [92.81099629072583, 26.13834419448758], [92.81047297715705, 26.138494703250526], [92.81016968884916, 26.138572863989427], [92.80937517838767, 26.138754428635544]]}, "properties": {"OBJECTID": 46256, "Name": "NH 27", "Road_Type": "National Highway", "Class_Code": 1, "Lane": " ", "Oneway": " ", "T_Elevatio": 0, "F_Elevatio": 0, "SL": 90, "Remarks": "Verify", "Bridge_Fly": " ", "Shape_Leng": 5855.36666313, "ID": 46395, "Type": " ", "NSEW_Corr": "EW", "Shape_Length": 5855.366663129545}, "id": 46256}, {"type": "Feature", "geometry": {"type": "LineString", "coordinates": [[91.71936569365751, 26.115596204515246], [91.71845196687639, 26.115742846696453], [91.71826839974135, 26.115766009113884], [91.71813553082599, 26.115771762613797], [91.71725665149134, 26.11579246407998], [91.71701590838511, 26.11579226726886], [91.71237805928679, 26.115723626951944], [91.71200348337285, 26.115720340849588], [91.71018891704168, 26.11571883330779], [91.70935995439243, 26.115708729792615], [91.70922610182181, 26.115712539380926], [91.70855548610605, 26.11576643822674], [91.70842173684171, 26.115779238210905], [91.70818690824329, 26.115825098423596], [91.70746396206894, 26.115999351097116], [91.7072595719856, 26.116059103314942], [91.70593618468881, 26.116466078835415], [91.70560535762755, 26.116565560592772], [91.704460386526, 26.11690112326451], [91.70334849229151, 26.11723031772771], [91.70240790947662, 26.11751647802648], [91.70143112725074, 26.117811196340806], [91.70019959089512, 26.11818918108135], [91.6994204631846, 26.118424003148984], [91.69835333110241, 26.11874768678348], [91.69683082773129, 26.119205757821735], [91.69567425848109, 26.119550290114706], [91.69537228979836, 26.119637791587778], [91.69469148808555, 26.119829704991446], [91.69438886812421, 26.119919259793814], [91.6933795165794, 26.12023073504169], [91.6919307451302, 26.120647873327854], [91.69051149591449, 26.121068903421484], [91.6889511806565, 26.121521921113036], [91.68800381196797, 26.121792567177952], [91.68782746099959, 26.121845799419706], [91.68705624475176, 26.122088876534754], [91.68678797816352, 26.12218962544863], [91.68594882592402, 26.12254901539033], [91.68580682743043, 26.122613606014077], [91.6856470881083, 26.12270161332296], [91.68479048519606, 26.12319635729652], [91.68397154235551, 26.123679331633124], [91.683819586037, 26.12377596013584], [91.68300090370788, 26.12430986051096], [91.68273383187895, 26.124467603501657], [91.68170033631425, 26.12501849046662], [91.68138382839861, 26.12519655080817], [91.67736585457558, 26.12754783389588], [91.67721053676127, 26.127642685658895], [91.67668722588748, 26.127980634462318], [91.67658494640415, 26.12805790780962], [91.6754599250884, 26.129017407360504], [91.67497581310032, 26.129431599551786], [91.67490700214955, 26.129504055471863], [91.67480839587746, 26.129646598465207], [91.67439107183414, 26.13029182671678], [91.67433977713308, 26.1303760239702], [91.6742659158538, 26.130555414130466], [91.67405213927407, 26.131226371051135], [91.6739714382222, 26.13150632174237], [91.67347249415046, 26.133384374153124], [91.67334679289274, 26.133853785759477], [91.67331104802928, 26.134018853190728], [91.67330743141196, 26.13416167213408], [91.67333298668517, 26.135047137619505], [91.67334666712861, 26.13521323564407], [91.67337209484106, 26.135304887567862], [91.67364581240642, 26.13605107313417], [91.67374901715449, 26.13629679330222], [91.67410122950939, 26.137023286125547], [91.67416313421226, 26.137156126347424], [91.67423600644642, 26.137336877871466], [91.67458083015812, 26.13822170879824], [91.67464108106255, 26.138381172506683], [91.67494280360691, 26.139231174204173], [91.6750456005198, 26.139528296567992], [91.67561231708984, 26.14121513633787], [91.67596320622636, 26.142214489154224], [91.67627083609203, 26.14310311277637], [91.67661320201312, 26.144106317766752], [91.6767085393159, 26.14437811384883], [91.67728812065913, 26.145974283537225], [91.67760758223538, 26.146893319694453], [91.67767006814823, 26.147100776576632], [91.67784714046377, 26.147770809460646], [91.67787572305949, 26.147886598617045], [91.67789943498974, 26.14805308559673], [91.67794947294769, 26.148655689516623], [91.67795619504096, 26.148800018635356], [91.67792284598437, 26.149011564474065], [91.67778552412013, 26.149643272569275], [91.67771819988116, 26.14989824702992], [91.6774819519446, 26.15063173023121], [91.67738508570918, 26.1509525337915], [91.67720100114455, 26.151593982639625], [91.6771316035939, 26.151847686862336], [91.67693778308819, 26.152591633894286], [91.67677271765474, 26.153195845613006], [91.67669857340614, 26.153498089796322], [91.67653419069228, 26.154242465759506], [91.6764998085731, 26.154381201669654], [91.67645325248519, 26.15451979227445], [91.67605264698759, 26.15562190816771]]}, "properties": {"OBJECTID": 46336, "Name": "NH 27", "Road_Type": "National Highway", "Class_Code": 1, "Lane": " ", "Oneway": " ", "T_Elevatio": 0, "F_Elevatio": 0, "SL": 90, "Remarks": " ", "Bridge_Fly": " ", "Shape_Leng": 8744.51630812, "ID": 46475, "Type": " ", "NSEW_Corr": "EW", "Shape_Length": 8744.516308123053}, "id": 46336}, {"type": "Feature", "geometry": {"type": "LineString", "coordinates": [[91.67592631421425, 26.155806026538276], [91.67636461302118, 26.155240529787548]]}, "properties": {"OBJECTID": 46337, "Name": "NH 27", "Road_Type": "National Highway", "Class_Code": 1, "Lane": " ", "Oneway": " ", "T_Elevatio": 0, "F_Elevatio": 0, "SL": 90, "Remarks": " ", "Bridge_Fly": " ", "Shape_Leng": 85.4348915894, "ID": 46476, "Type": "", "NSEW_Corr": "", "Shape_Length": 85.43489158942506}, "id": 46337}, {"type": "Feature", "geometry": {"type": "LineString", "coordinates": [[91.67470205511076, 26.156366533442156], [91.67388995204279, 26.157266132935003]]}, "properties": {"OBJECTID": 46353, "Name": "NH 27", "Road_Type": "National Highway", "Class_Code": 1, "Lane": " ", "Oneway": " ", "T_Elevatio": 1, "F_Elevatio": 0, "SL": 90, "Remarks": " ", "Bridge_Fly": " ", "Shape_Leng": 143.59748199, "ID": 46492, "Type": " ", "NSEW_Corr": "EW", "Shape_Length": 143.59748199041}, "id": 46353}, {"type": "Feature", "geometry": {"type": "LineString", "coordinates": [[92.35364880883205, 26.159313490428396], [92.35361285106785, 26.159048038462668]]}, "properties": {"OBJECTID": 46373, "Name": "NH 27", "Road_Type": "National Highway", "Class_Code": 1, "Lane": " ", "Oneway": " ", "T_Elevatio": 0, "F_Elevatio": 0, "SL": 90, "Remarks": " ", "Bridge_Fly": " ", "Shape_Leng": 33.164545467, "ID": 46512, "Type": "", "NSEW_Corr": "", "Shape_Length": 33.164545466985885}, "id": 46373}, {"type": "Feature", "geometry": {"type": "LineString", "coordinates": [[92.35359341422004, 26.15933139275796], [92.353276030447, 26.157125374985966], [92.35308426618502, 26.1556732301183], [92.35306949788175, 26.155530206077003], [92.3530679851188, 26.15538941861831], [92.35307679310017, 26.154895976195313], [92.35308333193711, 26.154755304083366], [92.35310726485291, 26.154588199337116], [92.35330484929966, 26.153420644601745], [92.3533288028767, 26.153229882220995], [92.35332391514325, 26.153135285890574], [92.35323144616117, 26.15240116528235], [92.35320273959792, 26.15223660845991], [92.3531683188512, 26.15212070750491], [92.35285876299754, 26.151175258309642], [92.3528245713212, 26.151059334528746], [92.35279483888192, 26.150871390550066], [92.35271752897025, 26.150185669889122], [92.35270598022896, 26.15004370997585], [92.35270903180601, 26.149902153879964], [92.35273705834456, 26.149382705368964], [92.35275609993363, 26.149119974088666], [92.35288361399158, 26.147673162190692], [92.35290599372024, 26.14748143242995], [92.3529398934441, 26.14731856530457], [92.35311077816398, 26.14655211781204], [92.35313983057858, 26.146436732946544], [92.35320148195655, 26.146254273057004], [92.3534782618787, 26.14548225201074], [92.35358734969358, 26.14518682533828], [92.35446910543374, 26.14284524940375], [92.3545641355127, 26.142570253111455], [92.3547964937441, 26.141805766305225], [92.35486982142412, 26.141550660459927], [92.35508135670722, 26.140761162794142], [92.35514528172114, 26.14050394261994], [92.35548948200203, 26.139022112224602], [92.35550589422226, 26.13892751324935], [92.3555125669082, 26.138785688029174], [92.3555158987596, 26.13804985055393], [92.35550991867476, 26.137908088783682], [92.35548196310313, 26.137766585712146], [92.35511732614951, 26.136287654481592], [92.35457145588397, 26.1342022023909], [92.35437757698777, 26.133501831670845], [92.35429801320305, 26.13324707463157], [92.35408686060224, 26.13265049062973], [92.3539944589938, 26.132374164620828], [92.35352824324282, 26.130919785078664], [92.35317641087525, 26.129874233315277], [92.35308275521871, 26.12957561854285], [92.35255829360298, 26.12779031361365], [92.35246261134715, 26.12748955542334], [92.35173424833164, 26.1253420356592], [92.35165222855291, 26.12511408791199], [92.35143230570002, 26.12452663437299], [92.3513192814676, 26.124257705322226], [92.35092480787014, 26.123413088057752]]}, "properties": {"OBJECTID": 46374, "Name": "NH 27", "Road_Type": "National Highway", "Class_Code": 1, "Lane": " ", "Oneway": " ", "T_Elevatio": 0, "F_Elevatio": 0, "SL": 90, "Remarks": " ", "Bridge_Fly": " ", "Shape_Leng": 4581.48529538, "ID": 46513, "Type": " ", "NSEW_Corr": "EW", "Shape_Length": 4581.485295381082}, "id": 46374}, {"type": "Feature", "geometry": {"type": "LineString", "coordinates": [[91.67232691039786, 26.159426175157975], [91.67295475642466, 26.158200021893393]]}, "properties": {"OBJECTID": 46377, "Name": "NH 27", "Road_Type": "National Highway", "Class_Code": 1, "Lane": " ", "Oneway": " ", "T_Elevatio": 1, "F_Elevatio": 1, "SL": 90, "Remarks": " ", "Bridge_Fly": " ", "Shape_Leng": 167.362656357, "ID": 46516, "Type": " ", "NSEW_Corr": "EW", "Shape_Length": 167.36265635704495}, "id": 46377}, {"type": "Feature", "geometry": {"type": "LineString", "coordinates": [[92.35349316852255, 26.159079956815486], [92.3535692666069, 26.159619906686544]]}, "properties": {"OBJECTID": 46379, "Name": "NH 27", "Road_Type": "National Highway", "Class_Code": 1, "Lane": " ", "Oneway": " ", "T_Elevatio": 0, "F_Elevatio": 0, "SL": 90, "Remarks": " ", "Bridge_Fly": " ", "Shape_Leng": 67.499875345, "ID": 46518, "Type": "", "NSEW_Corr": "", "Shape_Length": 67.49987534503606}, "id": 46379}, {"type": "Feature", "geometry": {"type": "LineString", "coordinates": [[92.35369300594402, 26.159639771503496], [92.35364880883205, 26.159313490428396]]}, "properties": {"OBJECTID": 46380, "Name": "NH 27", "Road_Type": "National Highway", "Class_Code": 1, "Lane": " ", "Oneway": " ", "T_Elevatio": 0, "F_Elevatio": 0, "SL": 90, "Remarks": " ", "Bridge_Fly": " ", "Shape_Leng": 40.7643953597, "ID": 46519, "Type": "", "NSEW_Corr": "", "Shape_Length": 40.764395359650564}, "id": 46380}, {"type": "Feature", "geometry": {"type": "LineString", "coordinates": [[91.67140773263958, 26.16093158448647], [91.67171779424473, 26.16033134997105], [91.67180067999936, 26.160183345504226], [91.67186994370103, 26.160080125014893], [91.67232691039786, 26.159426175157975]]}, "properties": {"OBJECTID": 46386, "Name": "NH 27", "Road_Type": "National Highway", "Class_Code": 1, "Lane": " ", "Oneway": " ", "T_Elevatio": 1, "F_Elevatio": 0, "SL": 90, "Remarks": " ", "Bridge_Fly": " ", "Shape_Leng": 213.28887223, "ID": 46525, "Type": " ", "NSEW_Corr": "EW", "Shape_Length": 213.2888722303115}, "id": 46386}, {"type": "Feature", "geometry": {"type": "LineString", "coordinates": [[91.67140773263958, 26.16093158448647], [91.6709169955763, 26.161801258175696], [91.67083921404908, 26.161951476258363], [91.67079286726863, 26.162134296198865], [91.6706829745633, 26.162764331168287], [91.67066202405424, 26.162928245051067], [91.67066063346219, 26.163046844358412], [91.67067518437315, 26.163949797212016]]}, "properties": {"OBJECTID": 46400, "Name": "NH 27", "Road_Type": "National Highway", "Class_Code": 1, "Lane": " ", "Oneway": " ", "T_Elevatio": 0, "F_Elevatio": 0, "SL": 90, "Remarks": " ", "Bridge_Fly": " ", "Shape_Leng": 391.032450561, "ID": 46539, "Type": " ", "NSEW_Corr": "EW", "Shape_Length": 391.0324505613858}, "id": 46400}, {"type": "Feature", "geometry": {"type": "LineString", "coordinates": [[91.67067518437315, 26.163949797212016], [91.67032726596531, 26.16441218666485], [91.67027318558858, 26.164490741241647], [91.67025422484788, 26.164559127138144], [91.67029252002844, 26.164594315003406], [91.67042972960324, 26.164647139110343], [91.67092856497882, 26.164811210793516]]}, "properties": {"OBJECTID": 46403, "Name": "NH 27", "Road_Type": "National Highway", "Class_Code": 1, "Lane": " ", "Oneway": " ", "T_Elevatio": 0, "F_Elevatio": 0, "SL": 90, "Remarks": " ", "Bridge_Fly": " ", "Shape_Leng": 171.580638375, "ID": 46542, "Type": " ", "NSEW_Corr": "EW", "Shape_Length": 171.58063837507996}, "id": 46403}, {"type": "Feature", "geometry": {"type": "LineString", "coordinates": [[91.67092856497882, 26.164811210793516], [91.67067518437315, 26.163949797212016]]}, "properties": {"OBJECTID": 46404, "Name": "NH 27", "Road_Type": "National Highway", "Class_Code": 1, "Lane": " ", "Oneway": " ", "T_Elevatio": 0, "F_Elevatio": 1, "SL": 90, "Remarks": " ", "Bridge_Fly": " ", "Shape_Leng": 110.500276987, "ID": 46543, "Type": " ", "NSEW_Corr": "EW", "Shape_Length": 110.50027698699822}, "id": 46404}, {"type": "Feature", "geometry": {"type": "LineString", "coordinates": [[92.35382950045987, 26.164973776952472], [92.35402240648062, 26.164281086754954], [92.35408501366604, 26.164025351164202], [92.3542065036217, 26.163464146545962], [92.35421961902482, 26.16337023417211], [92.35421233638282, 26.163181443279374], [92.35415184023832, 26.162448116379064], [92.35412463475996, 26.16223467836979], [92.35359341422004, 26.15933139275796]]}, "properties": {"OBJECTID": 46406, "Name": "NH 27", "Road_Type": "National Highway", "Class_Code": 1, "Lane": " ", "Oneway": " ", "T_Elevatio": 0, "F_Elevatio": 0, "SL": 90, "Remarks": " ", "Bridge_Fly": " ", "Shape_Leng": 709.887978403, "ID": 46545, "Type": " ", "NSEW_Corr": "EW", "Shape_Length": 709.8879784029467}, "id": 46406}, {"type": "Feature", "geometry": {"type": "LineString", "coordinates": [[91.67227475331416, 26.16762640919639], [91.67226895918057, 26.166916914773573], [91.6722533024435, 26.166730796700854], [91.67218183697108, 26.166576880851895], [91.67187664962462, 26.166038100814585], [91.67175047854803, 26.16579926581658], [91.67153228046045, 26.165362637858696], [91.67147989161143, 26.165280955576204], [91.67133557815932, 26.16514635182197], [91.67092856497882, 26.164811210793516]]}, "properties": {"OBJECTID": 46416, "Name": "NH 27", "Road_Type": "National Highway", "Class_Code": 1, "Lane": " ", "Oneway": " ", "T_Elevatio": 1, "F_Elevatio": 1, "SL": 90, "Remarks": " ", "Bridge_Fly": " ", "Shape_Leng": 395.417688353, "ID": 46555, "Type": " ", "NSEW_Corr": "EW", "Shape_Length": 395.41768835271296}, "id": 46416}, {"type": "Feature", "geometry": {"type": "LineString", "coordinates": [[92.36517276111441, 26.174498174409123], [92.36487936595273, 26.17397431102759]]}, "properties": {"OBJECTID": 46445, "Name": "NH 27", "Road_Type": "National Highway", "Class_Code": 1, "Lane": " ", "Oneway": " ", "T_Elevatio": 0, "F_Elevatio": 0, "SL": 90, "Remarks": " ", "Bridge_Fly": " ", "Shape_Leng": 72.7257672106, "ID": 46584, "Type": " ", "NSEW_Corr": "EW", "Shape_Length": 72.72576721059447}, "id": 46445}, {"type": "Feature", "geometry": {"type": "LineString", "coordinates": [[92.36481237319212, 26.17409108837462], [92.36494599130242, 26.17434469287412], [92.36510617079904, 26.174617768888304]]}, "properties": {"OBJECTID": 46446, "Name": "NH 27", "Road_Type": "National Highway", "Class_Code": 1, "Lane": " ", "Oneway": " ", "T_Elevatio": 0, "F_Elevatio": 0, "SL": 90, "Remarks": " ", "Bridge_Fly": " ", "Shape_Leng": 73.0755620673, "ID": 46585, "Type": " ", "NSEW_Corr": "EW", "Shape_Length": 73.07556206732754}, "id": 46446}, {"type": "Feature", "geometry": {"type": "LineString", "coordinates": [[91.67227475331416, 26.16762640919639], [91.67237490558689, 26.168475427914068], [91.67243442526264, 26.16903971806489], [91.67244194685652, 26.169180628525964], [91.67243624704605, 26.16925079667344], [91.67236515167949, 26.169694377517477], [91.67234270098395, 26.169858085745805], [91.672337769233, 26.16995196387064], [91.67232874385937, 26.170540251413062], [91.67233283209222, 26.170824456569846], [91.67236748819755, 26.171611044346967], [91.6723727559184, 26.171801704913037], [91.67236310711394, 26.17199482654069], [91.67232636781544, 26.172549970933503], [91.6718424363887, 26.179935586733432], [91.6718350225927, 26.18019811235941], [91.67183268607465, 26.180862229820214], [91.671822498281, 26.181026885716882], [91.67179835515941, 26.18111784544623], [91.67165253792756, 26.18152180246047], [91.67160183880954, 26.181680072735777], [91.67158454264705, 26.181772958646746], [91.67150886317765, 26.182359820926088], [91.67148292252716, 26.182644324558414], [91.67143743184118, 26.18348229786933]]}, "properties": {"OBJECTID": 46495, "Name": "NH 27", "Road_Type": "National Highway", "Class_Code": 1, "Lane": " ", "Oneway": " ", "T_Elevatio": 1, "F_Elevatio": 1, "SL": 90, "Remarks": " ", "Bridge_Fly": " ", "Shape_Leng": 1974.94367461, "ID": 46635, "Type": " ", "NSEW_Corr": "EW", "Shape_Length": 1974.9436746069498}, "id": 46495}, {"type": "Feature", "geometry": {"type": "LineString", "coordinates": [[92.35382950045987, 26.164973776952472], [92.35335976421129, 26.166231610928268], [92.35329588590976, 26.166415672239427], [92.35308407484385, 26.167237642913676], [92.35305521107547, 26.167426516733382], [92.35306096837809, 26.16754541380819], [92.35313103158038, 26.16845117140487], [92.35315318942519, 26.168616068967324], [92.35320322828144, 26.168750900912794], [92.35361811609373, 26.169681488308573], [92.35366516086516, 26.169765988507656], [92.3537789378858, 26.169898585062427], [92.35425142297915, 26.170392045446103], [92.35434096435174, 26.170481272028308], [92.35442044998301, 26.170544591320674], [92.35452961325632, 26.170613677500672], [92.35517530341794, 26.171001989105296], [92.35536103549282, 26.171095270511827], [92.35546145456519, 26.171128415054085], [92.35599582370014, 26.17128978081355], [92.35614941674912, 26.171331589739133], [92.35638511581504, 26.171357939400053], [92.3569925593051, 26.171398880003547], [92.35717757811766, 26.171406622928544], [92.35731035360821, 26.171403518180156], [92.35808065716772, 26.171373210800684], [92.35880266550093, 26.171330207073098], [92.35909723116742, 26.1713155314629], [92.35979420794523, 26.171290400796387], [92.36008841428561, 26.171296789279832], [92.36091654778983, 26.17134340971902], [92.36104948318054, 26.171354337213167], [92.36123129410919, 26.17138989308236], [92.36182361985135, 26.17153328627279], [92.36195149682867, 26.17156648631953], [92.36207529096305, 26.171610545298435], [92.36274713198085, 26.17191255069241], [92.36286530086491, 26.17196914537585], [92.36301860824962, 26.172062379248143], [92.36348673561552, 26.172373662972674], [92.36360952273846, 26.172463183111702], [92.3637183976526, 26.1725696142587], [92.36418664988433, 26.173069425924947], [92.36430329522564, 26.173201914722068], [92.36438702449833, 26.173325480286852], [92.36493996989508, 26.174211023487565], [92.36505377386513, 26.17440265530112], [92.36584417812746, 26.175792251841486], [92.36598640658974, 26.176050849384765], [92.36641526050977, 26.17685783536405], [92.36656889128798, 26.17716441029132], [92.36708679430377, 26.178263685684744], [92.36721590376968, 26.17855106847352], [92.367526852012, 26.179285362264526], [92.3675901221541, 26.179442394085847], [92.36828231899628, 26.18118775247088], [92.3686453767116, 26.182119782739743], [92.36875386085858, 26.182392216583274], [92.36910445175442, 26.183253306069815], [92.3693424810502, 26.183841986784515], [92.36962405617936, 26.184554807465243]]}, "properties": {"OBJECTID": 46496, "Name": "NH 27", "Road_Type": "National Highway", "Class_Code": 1, "Lane": " ", "Oneway": " ", "T_Elevatio": 0, "F_Elevatio": 0, "SL": 90, "Remarks": " ", "Bridge_Fly": " ", "Shape_Leng": 3481.88463089, "ID": 46636, "Type": " ", "NSEW_Corr": "EW", "Shape_Length": 3481.8846308850343}, "id": 46496}, {"type": "Feature", "geometry": {"type": "LineString", "coordinates": [[92.36962405617936, 26.184554807465243], [92.36984362958762, 26.18510679813292], [92.36995536563593, 26.18537050597606], [92.37018173120606, 26.18587353881515]]}, "properties": {"OBJECTID": 46500, "Name": "NH 27", "Road_Type": "National Highway", "Class_Code": 1, "Lane": " ", "Oneway": " ", "T_Elevatio": 1, "F_Elevatio": 0, "SL": 90, "Remarks": " ", "Bridge_Fly": " ", "Shape_Leng": 175.004906632, "ID": 46640, "Type": " ", "NSEW_Corr": "EW", "Shape_Length": 175.00490663157635}, "id": 46500}, {"type": "Feature", "geometry": {"type": "LineString", "coordinates": [[91.67143743184118, 26.18348229786933], [91.67140224033993, 26.1842849534559], [91.67135862713288, 26.184927562778558], [91.67129151669295, 26.185877028502826], [91.67127924390954, 26.18614033879933], [91.67125923752985, 26.186935805715546], [91.67126842909185, 26.187619746438298]]}, "properties": {"OBJECTID": 46514, "Name": "NH 27", "Road_Type": "National Highway", "Class_Code": 1, "Lane": " ", "Oneway": " ", "T_Elevatio": 0, "F_Elevatio": 1, "SL": 90, "Remarks": " ", "Bridge_Fly": " ", "Shape_Leng": 513.779599473, "ID": 46654, "Type": " ", "NSEW_Corr": "EW", "Shape_Length": 513.7795994725849}, "id": 46514}, {"type": "Feature", "geometry": {"type": "LineString", "coordinates": [[92.37213383320052, 26.18782593058638], [92.37134480875051, 26.18732012429576], [92.37118810842898, 26.18719178608367], [92.37061754437457, 26.186597421457453], [92.37052033857601, 26.18648550541979], [92.37046853363186, 26.18640410234351], [92.37018173120606, 26.18587353881515]]}, "properties": {"OBJECTID": 46516, "Name": "NH 27", "Road_Type": "National Highway", "Class_Code": 1, "Lane": " ", "Oneway": " ", "T_Elevatio": 1, "F_Elevatio": 1, "SL": 90, "Remarks": " ", "Bridge_Fly": " ", "Shape_Leng": 331.327476587, "ID": 46656, "Type": " ", "NSEW_Corr": "EW", "Shape_Length": 331.32747658651954}, "id": 46516}, {"type": "Feature", "geometry": {"type": "LineString", "coordinates": [[92.3740132381323, 26.188686611529352], [92.37324218627619, 26.18835821511755], [92.37295657591476, 26.188227751550922], [92.37213383320052, 26.18782593058638]]}, "properties": {"OBJECTID": 46518, "Name": "NH 27", "Road_Type": "National Highway", "Class_Code": 1, "Lane": " ", "Oneway": " ", "T_Elevatio": 1, "F_Elevatio": 0, "SL": 90, "Remarks": " ", "Bridge_Fly": " ", "Shape_Leng": 234.966162197, "ID": 46658, "Type": " ", "NSEW_Corr": "EW", "Shape_Length": 234.96616219670278}, "id": 46518}, {"type": "Feature", "geometry": {"type": "LineString", "coordinates": [[91.67126842909185, 26.187619746438298], [91.67122015991669, 26.18879393633415]]}, "properties": {"OBJECTID": 46520, "Name": "NH 27", "Road_Type": "National Highway", "Class_Code": 1, "Lane": " ", "Oneway": " ", "T_Elevatio": 1, "F_Elevatio": 0, "SL": 90, "Remarks": " ", "Bridge_Fly": " ", "Shape_Leng": 145.76167326, "ID": 46660, "Type": " ", "NSEW_Corr": "EW", "Shape_Length": 145.76167325982163}, "id": 46520}, {"type": "Feature", "geometry": {"type": "LineString", "coordinates": [[91.67122015991669, 26.18879393633415], [91.67090154365509, 26.18981992910223]]}, "properties": {"OBJECTID": 46526, "Name": "NH 27", "Road_Type": "National Highway", "Class_Code": 1, "Lane": " ", "Oneway": " ", "T_Elevatio": 1, "F_Elevatio": 1, "SL": 90, "Remarks": " ", "Bridge_Fly": " ", "Shape_Leng": 132.128872224, "ID": 46666, "Type": " ", "NSEW_Corr": "EW", "Shape_Length": 132.1288722236086}, "id": 46526}, {"type": "Feature", "geometry": {"type": "LineString", "coordinates": [[91.67090154365509, 26.18981992910223], [91.6708874922074, 26.1898651774199]]}, "properties": {"OBJECTID": 46532, "Name": "NH 27", "Road_Type": "National Highway", "Class_Code": 1, "Lane": " ", "Oneway": " ", "T_Elevatio": 1, "F_Elevatio": 1, "SL": 90, "Remarks": " ", "Bridge_Fly": " ", "Shape_Leng": 5.82716556583, "ID": 46672, "Type": "", "NSEW_Corr": "", "Shape_Length": 5.827165565826548}, "id": 46532}, {"type": "Feature", "geometry": {"type": "LineString", "coordinates": [[92.3740132381323, 26.188686611529352], [92.37514596070497, 26.189068149749716], [92.37544986885044, 26.18916321348491], [92.37588392581256, 26.1892850403078], [92.37616603813429, 26.189357766987886], [92.3770430992788, 26.189550748284177], [92.37778153240863, 26.18970860299527], [92.37795723928494, 26.189753268551815], [92.3785316912479, 26.18990839356525], [92.37921461837466, 26.190128255416106], [92.37948879048758, 26.190223045828283], [92.38012873143136, 26.190455744020852]]}, "properties": {"OBJECTID": 46534, "Name": "NH 27", "Road_Type": "National Highway", "Class_Code": 1, "Lane": " ", "Oneway": " ", "T_Elevatio": 0, "F_Elevatio": 0, "SL": 90, "Remarks": " ", "Bridge_Fly": " ", "Shape_Leng": 716.311334663, "ID": 46674, "Type": " ", "NSEW_Corr": "EW", "Shape_Length": 716.3113346633112}, "id": 46534}, {"type": "Feature", "geometry": {"type": "LineString", "coordinates": [[91.6708874922074, 26.1898651774199], [91.67014153389043, 26.190852717797245]]}, "properties": {"OBJECTID": 46536, "Name": "NH 27", "Road_Type": "National Highway", "Class_Code": 1, "Lane": " ", "Oneway": " ", "T_Elevatio": 1, "F_Elevatio": 1, "SL": 90, "Remarks": " ", "Bridge_Fly": " ", "Shape_Leng": 148.001234392, "ID": 46676, "Type": " ", "NSEW_Corr": "EW", "Shape_Length": 148.00123439224137}, "id": 46536}, {"type": "Feature", "geometry": {"type": "LineString", "coordinates": [[92.38012873143136, 26.190455744020852], [92.38069589356577, 26.190671598593948], [92.38093717925445, 26.19077635983268], [92.38156952673914, 26.191099156827445], [92.38173610583384, 26.191170289556904], [92.38228853649592, 26.19139066249931]]}, "properties": {"OBJECTID": 46539, "Name": "NH 27", "Road_Type": "National Highway", "Class_Code": 1, "Lane": " ", "Oneway": " ", "T_Elevatio": 1, "F_Elevatio": 0, "SL": 90, "Remarks": " ", "Bridge_Fly": " ", "Shape_Leng": 267.263882558, "ID": 46679, "Type": " ", "NSEW_Corr": "EW", "Shape_Length": 267.2638825578264}, "id": 46539}, {"type": "Feature", "geometry": {"type": "LineString", "coordinates": [[91.67014153389043, 26.190852717797245], [91.66945332197484, 26.19156684657349]]}, "properties": {"OBJECTID": 46540, "Name": "NH 27", "Road_Type": "National Highway", "Class_Code": 1, "Lane": " ", "Oneway": " ", "T_Elevatio": 0, "F_Elevatio": 1, "SL": 90, "Remarks": " ", "Bridge_Fly": " ", "Shape_Leng": 117.123675597, "ID": 46680, "Type": " ", "NSEW_Corr": "EW", "Shape_Length": 117.12367559697837}, "id": 46540}, {"type": "Feature", "geometry": {"type": "LineString", "coordinates": [[92.38228853649592, 26.19139066249931], [92.38282936990767, 26.191633055488026], [92.38311108427571, 26.191762233577066], [92.38386114070704, 26.192113864387927]]}, "properties": {"OBJECTID": 46542, "Name": "NH 27", "Road_Type": "National Highway", "Class_Code": 1, "Lane": " ", "Oneway": " ", "T_Elevatio": 1, "F_Elevatio": 1, "SL": 90, "Remarks": " ", "Bridge_Fly": " ", "Shape_Leng": 196.719973531, "ID": 46683, "Type": " ", "NSEW_Corr": "EW", "Shape_Length": 196.71997353083077}, "id": 46542}, {"type": "Feature", "geometry": {"type": "LineString", "coordinates": [[92.38569298792936, 26.1930475016115], [92.38386114070704, 26.192113864387927]]}, "properties": {"OBJECTID": 46545, "Name": "NH 27", "Road_Type": "National Highway", "Class_Code": 1, "Lane": " ", "Oneway": " ", "T_Elevatio": 1, "F_Elevatio": 0, "SL": 90, "Remarks": " ", "Bridge_Fly": " ", "Shape_Leng": 234.518731026, "ID": 46686, "Type": " ", "NSEW_Corr": "EW", "Shape_Length": 234.5187310262528}, "id": 46545}, {"type": "Feature", "geometry": {"type": "LineString", "coordinates": [[92.38930344461701, 26.19453700769805], [92.38872566978583, 26.194353494582995]]}, "properties": {"OBJECTID": 46549, "Name": "NH 27", "Road_Type": "National Highway", "Class_Code": 1, "Lane": " ", "Oneway": " ", "T_Elevatio": 0, "F_Elevatio": 0, "SL": 90, "Remarks": " ", "Bridge_Fly": " ", "Shape_Leng": 68.2281195601, "ID": 46690, "Type": " ", "NSEW_Corr": "EW", "Shape_Length": 68.22811956014934}, "id": 46549}, {"type": "Feature", "geometry": {"type": "LineString", "coordinates": [[92.38866348660521, 26.19446013949502], [92.38920544830097, 26.194632021830838]]}, "properties": {"OBJECTID": 46550, "Name": "NH 27", "Road_Type": "National Highway", "Class_Code": 1, "Lane": " ", "Oneway": " ", "T_Elevatio": 0, "F_Elevatio": 0, "SL": 90, "Remarks": " ", "Bridge_Fly": " ", "Shape_Leng": 63.9884516267, "ID": 46691, "Type": " ", "NSEW_Corr": "EW", "Shape_Length": 63.98845162667383}, "id": 46550}, {"type": "Feature", "geometry": {"type": "LineString", "coordinates": [[92.38569298792936, 26.1930475016115], [92.38655362517551, 26.19348227831225], [92.38683676337327, 26.193617179830902], [92.3877464692952, 26.19402425891497], [92.38794196875217, 26.194101667467013], [92.38880231853743, 26.194430258068678], [92.3890005273133, 26.1945017901812], [92.38915296063723, 26.194547333309778], [92.3900968699136, 26.19481881757629], [92.39043025897006, 26.194905259072126], [92.39156640951384, 26.195161516137755], [92.39359937156198, 26.19559515002666], [92.39549991385239, 26.195992033742836], [92.396462093065, 26.196180773105297], [92.39861292395987, 26.196610089249727], [92.39945350721564, 26.196768892779325]]}, "properties": {"OBJECTID": 46555, "Name": "NH 27", "Road_Type": "National Highway", "Class_Code": 1, "Lane": " ", "Oneway": " ", "T_Elevatio": 0, "F_Elevatio": 0, "SL": 90, "Remarks": " ", "Bridge_Fly": " ", "Shape_Leng": 1608.12221748, "ID": 46696, "Type": " ", "NSEW_Corr": "EW", "Shape_Length": 1608.1222174849338}, "id": 46555}, {"type": "Feature", "geometry": {"type": "LineString", "coordinates": [[92.39945350721564, 26.196768892779325], [92.40066247968792, 26.196997001189917], [92.40220924206328, 26.197285003561053], [92.40326141989095, 26.19747669092854], [92.404719935366, 26.19773070477843], [92.40594969934558, 26.197937707693768], [92.40615977935794, 26.197969080190912], [92.40629285308914, 26.197981695443463], [92.40741274682125, 26.198074534503707], [92.40765273354604, 26.19809041901929], [92.40778562851254, 26.198091571648085], [92.40890290275729, 26.19808765190411], [92.40986999126292, 26.198093980884032], [92.41011052506171, 26.198102450690055], [92.41089944620548, 26.198189552308143], [92.41103039452275, 26.198206623289092], [92.41126449728243, 26.1982574243341], [92.41198987968782, 26.198433830158038], [92.41214429828854, 26.19847487086935], [92.41395229344343, 26.199021797398792], [92.41503899532411, 26.199341797201694], [92.41602553684723, 26.199638348100518]]}, "properties": {"OBJECTID": 46566, "Name": "NH 27", "Road_Type": "National Highway", "Class_Code": 1, "Lane": " ", "Oneway": " ", "T_Elevatio": 1, "F_Elevatio": 0, "SL": 90, "Remarks": " ", "Bridge_Fly": " ", "Shape_Leng": 1888.96873105, "ID": 46709, "Type": " ", "NSEW_Corr": "EW", "Shape_Length": 1888.9687310473043}, "id": 46566}, {"type": "Feature", "geometry": {"type": "LineString", "coordinates": [[92.4186293953264, 26.200441777374138], [92.41778840782875, 26.200212798762298], [92.41748483565323, 26.200120042814888], [92.41602553684723, 26.199638348100518]]}, "properties": {"OBJECTID": 46573, "Name": "NH 27", "Road_Type": "National Highway", "Class_Code": 1, "Lane": " ", "Oneway": " ", "T_Elevatio": 0, "F_Elevatio": 0, "SL": 90, "Remarks": " ", "Bridge_Fly": " ", "Shape_Leng": 306.631494261, "ID": 46716, "Type": " ", "NSEW_Corr": "EW", "Shape_Length": 306.63149426118616}, "id": 46573}, {"type": "Feature", "geometry": {"type": "LineString", "coordinates": [[92.4186293953264, 26.200441777374138], [92.4196654645644, 26.20074249821527], [92.41996500060937, 26.200836940656473], [92.42075386426096, 26.201105990608642]]}, "properties": {"OBJECTID": 46575, "Name": "NH 27", "Road_Type": "National Highway", "Class_Code": 1, "Lane": " ", "Oneway": " ", "T_Elevatio": 1, "F_Elevatio": 0, "SL": 90, "Remarks": "ROAD ELEVATED", "Bridge_Fly": " ", "Shape_Leng": 250.513123069, "ID": 46718, "Type": " ", "NSEW_Corr": "EW", "Shape_Length": 250.51312306882198}, "id": 46575}, {"type": "Feature", "geometry": {"type": "LineString", "coordinates": [[92.42279895985362, 26.20242587818721], [92.42243273647523, 26.202104673820543]]}, "properties": {"OBJECTID": 46580, "Name": "NH 27", "Road_Type": "National Highway", "Class_Code": 1, "Lane": " ", "Oneway": " ", "T_Elevatio": 1, "F_Elevatio": 1, "SL": 90, "Remarks": " ", "Bridge_Fly": " ", "Shape_Leng": 57.0141159062, "ID": 46723, "Type": " ", "NSEW_Corr": "EW", "Shape_Length": 57.01411590623964}, "id": 46580}, {"type": "Feature", "geometry": {"type": "LineString", "coordinates": [[93.10689296942309, 26.20279499363419], [93.10718346302642, 26.20274029674357]]}, "properties": {"OBJECTID": 46582, "Name": "NH 29", "Road_Type": "National Highway", "Class_Code": 1, "Lane": " ", "Oneway": " ", "T_Elevatio": 0, "F_Elevatio": 0, "SL": 90, "Remarks": " ", "Bridge_Fly": " ", "Shape_Leng": 33.0419866864, "ID": 46725, "Type": "", "NSEW_Corr": "", "Shape_Length": 33.04198668644884}, "id": 46582}, {"type": "Feature", "geometry": {"type": "LineString", "coordinates": [[93.10689296942309, 26.20279499363419], [93.10770345462522, 26.202658290047555], [93.10783449546899, 26.20263871224504], [93.10804594002227, 26.20262450161163], [93.10892101858492, 26.202590071587515], [93.1092414260872, 26.202586038348553], [93.11297121857045, 26.202611983582404], [93.12105876185315, 26.20261282827338], [93.1238475097875, 26.20262434202309], [93.12408907395391, 26.20262431139497], [93.12892636072338, 26.202598379865915], [93.13224269371564, 26.20258248065124], [93.13258931585457, 26.2025712312664], [93.13362453079473, 26.202493458388535], [93.13380868452964, 26.20247371290953], [93.13390868408877, 26.202446622313246], [93.13402997641505, 26.202400807426525], [93.13485026672855, 26.202074068143872], [93.13496562478404, 26.202017152783462], [93.13507531806341, 26.201950362192903], [93.13611679336277, 26.20129084960106], [93.13730056719304, 26.200533173314245], [93.13755772790942, 26.200358385931597], [93.1380772209433, 26.199976463952083], [93.13823032710536, 26.19984446503071], [93.13830945520715, 26.19975038288264], [93.13875537891421, 26.19919346021106], [93.13888363228564, 26.19901545557284], [93.1389554238465, 26.19886145903849], [93.13914728871983, 26.19841502785394], [93.13961983849191, 26.197322368331395], [93.13968332512798, 26.197165148620154], [93.13971798572489, 26.19705017413621], [93.13984828006866, 26.196562877609225], [93.13988444175043, 26.196399681655052], [93.13989173696885, 26.196256535082515], [93.1398939791638, 26.19505738675995], [93.13988969150493, 26.194792706976457], [93.13987006331598, 26.194285393778834], [93.13985242399708, 26.194068460137096], [93.13975198246685, 26.193129819769744], [93.13843461028921, 26.181737310819297], [93.13840824563393, 26.181521875820014], [93.13800151003284, 26.178297076489525], [93.13797580743591, 26.178106175021234], [93.13794668585103, 26.177940424245293], [93.13735526561071, 26.174752713209894], [93.1373048090378, 26.174493474278442], [93.13649400583206, 26.170625225049577], [93.13642242627358, 26.17029333192957], [93.13551392678909, 26.166196400175632], [93.13539244312163, 26.165651774618755], [93.13535934379667, 26.165485661862423], [93.13535109726237, 26.165390017656687], [93.13534398530025, 26.164620119538704], [93.1353547614904, 26.16452611214998], [93.13543096288103, 26.164349337321447], [93.13572162267268, 26.163782591952415], [93.13580948329735, 26.163636463223337], [93.13587985462175, 26.163565347551906], [93.13795372055804, 26.161846306930713], [93.13840758267725, 26.161469416538463], [93.13848162361961, 26.161399834717887], [93.1385988043568, 26.161267774357025], [93.13902448722388, 26.160769425514847], [93.14512182287608, 26.153644542473888], [93.14564669412357, 26.153031854353323], [93.14577484418874, 26.15287681170062], [93.14587238865217, 26.152736354868193], [93.14619683857323, 26.152248596483396], [93.14627233568466, 26.15212432399381], [93.14631262782007, 26.152035271248014], [93.14730030481371, 26.149482971911954], [93.14738956591195, 26.149232859773655], [93.14761579942973, 26.14855203951254], [93.147651005304, 26.148438146809884], [93.14767378657963, 26.148321884856614], [93.14772378231676, 26.147801020562525], [93.14773334488297, 26.147561699876796], [93.14770253626196, 26.14521604685016], [93.14769877681252, 26.144974707279612], [93.14761841891709, 26.140200198687005], [93.14761708671553, 26.13996000114356], [93.14763885199653, 26.13874621177327], [93.14764858883592, 26.13841266183756], [93.14769276708327, 26.137315553607802], [93.1477112427337, 26.13697998747576], [93.14788459153239, 26.13449893189549], [93.14789127859136, 26.134330673115024], [93.14788581593614, 26.134188393104292], [93.14782610402088, 26.133096818792346], [93.14757463413183, 26.129418159082164], [93.14755593839415, 26.12917771837619], [93.1472690650014, 26.126027694155987], [93.14722920495562, 26.12571834506249], [93.14705384932057, 26.124707587721648], [93.14701870992162, 26.124519990074443], [93.14698364148956, 26.124380359706812], [93.1468457420086, 26.12387004470888], [93.14677447686049, 26.12359018701991], [93.14650472176383, 26.122464822174074], [93.14647393200744, 26.122373994961798], [93.14637290477565, 26.12220597842678], [93.14551587426536, 26.120930202128044], [93.14502198142047, 26.1202090745405], [93.14494022394982, 26.120084107364207], [93.14484339903693, 26.11988759206337], [93.14457358644809, 26.119289438789046], [93.14450895535836, 26.119133189852572], [93.1444870292789, 26.119041560729286], [93.14443431703631, 26.11862040073021], [93.14428516076656, 26.11739644431303], [93.14425011299573, 26.11720850664401], [93.14407760771512, 26.11660097102868], [93.14269415726179, 26.1117411257626], [93.14123877061886, 26.10668897034404], [93.14121911637875, 26.106594632359432], [93.14121381721688, 26.106450666517638], [93.1412527618794, 26.104519459779468], [93.14124967436975, 26.104350986002895], [93.1412256085033, 26.104209491494963], [93.14105222107705, 26.10341068881222], [93.14100146806013, 26.103223073920798], [93.13819673101206, 26.09341325893575], [93.13815794535137, 26.093249080478024], [93.13806348570262, 26.09270894314989], [93.1380603523789, 26.092616096080658], [93.13810713214731, 26.0924581697315], [93.13833702899484, 26.09187568957872], [93.13842379457319, 26.09170529200075], [93.1385260390222, 26.09159688396597], [93.13909081253625, 26.091056704318753], [93.13916907376381, 26.090993491978566], [93.13937720263536, 26.090886182918265], [93.14018796092536, 26.090509963077995], [93.14259877504324, 26.089401606305962], [93.14381542631457, 26.088849679360994], [93.14409899121212, 26.08871686248748], [93.14461382378627, 26.088467762672867], [93.14470534055417, 26.08841952137641], [93.14485696988591, 26.088323459062728], [93.1454111289066, 26.087953874132456], [93.14566523894429, 26.08777728433008], [93.14785605475078, 26.08620800036383], [93.14808663072462, 26.086041243725496], [93.15014913027761, 26.084531819375066], [93.1523303233308, 26.082896574716987], [93.15375753072158, 26.081811504585552], [93.154877060636, 26.080984050460902], [93.15496119325225, 26.08092423110435], [93.15515987454195, 26.0808026348953], [93.15580966461452, 26.080423131044654], [93.15606199059803, 26.080286885186933], [93.16087642243005, 26.078020397051947], [93.16225620955365, 26.077380364591882], [93.16484583602377, 26.076158776422854], [93.16504966825332, 26.076043251855257], [93.16583154480863, 26.07553215866558], [93.16663236054507, 26.074979923444115], [93.16691402730241, 26.074799127944846], [93.16755750042188, 26.074411396964678], [93.16769249834446, 26.07433432458107], [93.16791015923951, 26.07424474374693], [93.1689956528861, 26.073843042013433]]}, "properties": {"OBJECTID": 46583, "Name": "NH 29", "Road_Type": "National Highway", "Class_Code": 1, "Lane": " ", "Oneway": " ", "T_Elevatio": 0, "F_Elevatio": 0, "SL": 90, "Remarks": " ", "Bridge_Fly": " ", "Shape_Leng": 21789.0910147, "ID": 46726, "Type": "", "NSEW_Corr": "", "Shape_Length": 21789.091014713882}, "id": 46583}, {"type": "Feature", "geometry": {"type": "LineString", "coordinates": [[93.10660247492143, 26.202849689693135], [93.10689296942309, 26.20279499363419]]}, "properties": {"OBJECTID": 46584, "Name": "NH 29", "Road_Type": "National Highway", "Class_Code": 1, "Lane": " ", "Oneway": " ", "T_Elevatio": 0, "F_Elevatio": 0, "SL": 90, "Remarks": " ", "Bridge_Fly": " ", "Shape_Leng": 33.0420640188, "ID": 46727, "Type": "", "NSEW_Corr": "", "Shape_Length": 33.04206401883104}, "id": 46584}, {"type": "Feature", "geometry": {"type": "LineString", "coordinates": [[92.42075386426096, 26.201105990608642], [92.42154166430724, 26.201519357800823], [92.42165053922135, 26.2015879009042], [92.42175167964089, 26.201664669293283], [92.42250916424129, 26.202261785305954], [92.4226366765026, 26.202380967629292], [92.42293135805177, 26.202682404028003], [92.42304899962475, 26.202809021284487], [92.42313901890107, 26.20292680302453], [92.42342690649173, 26.20332762967998], [92.42351123853398, 26.203449660111794], [92.42389450924152, 26.204027930108378], [92.42432009778547, 26.204690998530516], [92.42443002462679, 26.2048546317991], [92.42453974305899, 26.20498763332936], [92.4250411251584, 26.205567395619784], [92.42516003605084, 26.205693534209505], [92.42525501492587, 26.205775171240184], [92.4258982284322, 26.20630042057113]]}, "properties": {"OBJECTID": 46606, "Name": "NH 27", "Road_Type": "National Highway", "Class_Code": 1, "Lane": " ", "Oneway": " ", "T_Elevatio": 1, "F_Elevatio": 1, "SL": 90, "Remarks": " ", "Bridge_Fly": " ", "Shape_Leng": 874.474365084, "ID": 46749, "Type": " ", "NSEW_Corr": "EW", "Shape_Length": 874.4743650842364}, "id": 46606}, {"type": "Feature", "geometry": {"type": "LineString", "coordinates": [[92.42675226755262, 26.20677008354583], [92.4258982284322, 26.20630042057113]]}, "properties": {"OBJECTID": 46608, "Name": "NH 27", "Road_Type": "National Highway", "Class_Code": 1, "Lane": " ", "Oneway": " ", "T_Elevatio": 1, "F_Elevatio": 0, "SL": 90, "Remarks": " ", "Bridge_Fly": " ", "Shape_Leng": 111.508873999, "ID": 46751, "Type": " ", "NSEW_Corr": "EW", "Shape_Length": 111.50887399864067}, "id": 46608}, {"type": "Feature", "geometry": {"type": "LineString", "coordinates": [[93.05855259199542, 26.21059975851504], [93.06133129496826, 26.210421335298435], [93.06353459017068, 26.21027455904232], [93.06379719647431, 26.21025099871022], [93.06449994852107, 26.210177465426835], [93.06571682976114, 26.210009774420865], [93.06603286785786, 26.20996376666435], [93.06744875198453, 26.209746871904258], [93.06781690314753, 26.209692216965774], [93.06961028001778, 26.20943444847504], [93.0699258941097, 26.209385100609808], [93.07178625565578, 26.20906183607265], [93.07215604714249, 26.209003587849224], [93.07558390058738, 26.20850509173291], [93.07698036223927, 26.2083219560618], [93.07729712437815, 26.208275722774317], [93.07925468184132, 26.20795968708741], [93.07957108375575, 26.207915760331048], [93.08062077145344, 26.207802724335856], [93.0809090866422, 26.20776310299693], [93.08213982439553, 26.207571247997567], [93.08299296250568, 26.207422458865388], [93.08330282378652, 26.207359108837817], [93.08446370944169, 26.207074226317438], [93.08508551070493, 26.20691567621698], [93.08526669011795, 26.206872251993968], [93.08601691812748, 26.20670173450944], [93.08635268682112, 26.206629140362587], [93.08741024825228, 26.20641078863095], [93.08774584896096, 26.206331682814067], [93.09020006338518, 26.20569179248349], [93.09056001203132, 26.205591763688055], [93.0949097651298, 26.20430719507209], [93.09841046206276, 26.203246434232106], [93.09863944532363, 26.203180611545417], [93.09953506206863, 26.202978662706563], [93.09966342772947, 26.202952486232302], [93.09987587480259, 26.202936231619727], [93.10111476836038, 26.202917673454852], [93.10143733990418, 26.202918023259166], [93.10497412845032, 26.20296469230274], [93.10564030918356, 26.202974157164874], [93.10582646346661, 26.202973007808414], [93.10606138189657, 26.202940736356876], [93.10689296942309, 26.20279499363419]]}, "properties": {"OBJECTID": 46626, "Name": "NH 29", "Road_Type": "National Highway", "Class_Code": 1, "Lane": " ", "Oneway": " ", "T_Elevatio": 0, "F_Elevatio": 0, "SL": 90, "Remarks": " ", "Bridge_Fly": " ", "Shape_Leng": 5496.41635601, "ID": 46769, "Type": "", "NSEW_Corr": "", "Shape_Length": 5496.416356011447}, "id": 46626}, {"type": "Feature", "geometry": {"type": "LineString", "coordinates": [[92.42675226755262, 26.20677008354583], [92.42745029805425, 26.20702434953974], [92.42760046582704, 26.207077178592602], [92.42783187723408, 26.207135605093764], [92.42858634439347, 26.207295895790747], [92.42869110592191, 26.207313271705267], [92.42890554905159, 26.20732538704982], [92.42965900470793, 26.207347066840036], [92.4297929848393, 26.207341395228706], [92.43072795318365, 26.207248530512814], [92.43102010328035, 26.207215106902034], [92.43186411540553, 26.20710368619978], [92.43215489467313, 26.207069287321335], [92.43287049442509, 26.206995431250796], [92.43300304174353, 26.206984033187492], [92.43324101803874, 26.20699150374687], [92.43413978248049, 26.20706455062398], [92.43434762119621, 26.207097434276925], [92.43444828640695, 26.207129204067854], [92.43554771921183, 26.20750925772057], [92.435671920283, 26.20755389630064], [92.43588974916301, 26.20764724515968], [92.43699400592092, 26.20814368893441], [92.43730479516148, 26.208280814852323], [92.43893379380948, 26.208984949249803], [92.43928701048087, 26.209147157997027], [92.44083319973109, 26.209896152114002], [92.44206172044227, 26.210485633066465], [92.44234703615628, 26.210616860720148], [92.44314074172725, 26.21095286534852], [92.44338250082811, 26.21105237856815], [92.44413977971428, 26.211346518077324], [92.44443449539943, 26.21145322721322], [92.44497858700072, 26.211631095972777], [92.44522911276042, 26.211709889513145], [92.44648024586398, 26.2120808243418], [92.44768447792652, 26.2124230941113], [92.44855197919975, 26.212663000533436], [92.44875710679995, 26.212715582023424], [92.44886264716773, 26.2127342756348], [92.44971380000109, 26.212857730764], [92.44984716029494, 26.212873444016843], [92.4500589830389, 26.212881784604512], [92.45085480593902, 26.212898644694803], [92.45114792621622, 26.21290293950421], [92.45216436996019, 26.212911765260497], [92.45240576434503, 26.21290932409393], [92.45345408660351, 26.212882544598102], [92.45380151542955, 26.212867685634194], [92.45465096326053, 26.21281419592735], [92.45496755741442, 26.21279029036444], [92.45580662790722, 26.212716383120686], [92.45648760658815, 26.212664253759613], [92.45674733828287, 26.21262519984091], [92.45728941047142, 26.21251449434574], [92.45759937146522, 26.212455412096034], [92.45809043461699, 26.212368247005116], [92.45834744621303, 26.21231465310306], [92.4590630513549, 26.21214302575726], [92.45934440190521, 26.21208065590091], [92.46006103921137, 26.2119326349509], [92.4607926298737, 26.2117796653451], [92.46097516933605, 26.21174903722799], [92.46173187958868, 26.211640001613628], [92.46191552936872, 26.211620775099846], [92.46296627618015, 26.211519727048362], [92.46481880082368, 26.211354933727023], [92.46583361592205, 26.211270483839407], [92.46701936604595, 26.211164220222784], [92.46788479490581, 26.211093889532286], [92.46820086983348, 26.21106563474065], [92.46960115741018, 26.210931921251966], [92.46986598704413, 26.21090062397704], [92.47084728150766, 26.210769029937694], [92.47116336092691, 26.21072480120563], [92.47218427019618, 26.210575013505697], [92.47310637556397, 26.21043380816072], [92.4739413443492, 26.21031043024922], [92.4742817205019, 26.2102579919376], [92.47525328351598, 26.21010282391439], [92.47554308721317, 26.210060285814865], [92.47636303347191, 26.20995245915832], [92.47657447982179, 26.20992270260062], [92.4772094494888, 26.2098131833154], [92.47752626552656, 26.209765254894485], [92.47837003869991, 26.209651538052288], [92.47865808259743, 26.209606762458474], [92.47951523707525, 26.209452954825817], [92.47972196906652, 26.209412128338805], [92.47982284268642, 26.20938468876632], [92.4807477229501, 26.20910319945046], [92.48087127992925, 26.20906227854367], [92.48108450135014, 26.208964230467597], [92.48162123754585, 26.208695312316657], [92.48175795125063, 26.208621601544873], [92.4824576759749, 26.20819862507553], [92.4826317065949, 26.20809029216031], [92.48349547806306, 26.20751914131703], [92.48415032565069, 26.20707932892565], [92.48440135895851, 26.206905515314524], [92.48497937723313, 26.206488658026935], [92.48567965082805, 26.205974108924323], [92.48586321167488, 26.205836586164622], [92.48642925989833, 26.20540485707269], [92.48653209723544, 26.20533019718606], [92.48664376321514, 26.20526760606319], [92.4872662876222, 26.204999317713323], [92.48746006860203, 26.20492210258838], [92.48756196989459, 26.20489352229178], [92.4885987038859, 26.204651117410055], [92.48878081305526, 26.204611726317218], [92.48891086575216, 26.20459186352305], [92.48966894234235, 26.204493416746466], [92.48998168452032, 26.20444063891038], [92.49070915640708, 26.204288799129994], [92.49089184768471, 26.20425745815731], [92.49105042458687, 26.20425208703026], [92.49184732636364, 26.20425664168797], [92.49208553891572, 26.204265173913054], [92.49221615665297, 26.204283580336767], [92.4926592928877, 26.20435630732281], [92.49281360638552, 26.20438801902452], [92.49296089954939, 26.204439039825907], [92.49366243348065, 26.204715585205044], [92.49377797479248, 26.204772994122834], [92.49388779473428, 26.204841299962403], [92.49451771047949, 26.205248878207225], [92.49464272722095, 26.20533824171214], [92.49476800986375, 26.205463475431195], [92.49529873453359, 26.206041236523696], [92.49538278719977, 26.206135421589412], [92.49548901388044, 26.206271614133275], [92.49598475186492, 26.20694365637332], [92.49639545801956, 26.207488509660823], [92.49713754369937, 26.208422758653146], [92.49731621591442, 26.208660992892742], [92.49774523422613, 26.209268303029553], [92.49784193966309, 26.209411898641434], [92.49792985149175, 26.209560868988238], [92.4984606875527, 26.210480720811397], [92.49860318730623, 26.210740132727814], [92.49919624248038, 26.211875153000054], [92.49967947322118, 26.212778703474463], [92.50006218337997, 26.213481289068767], [92.50056481952753, 26.21435649168217], [92.50104537239045, 26.2151778598024]]}, "properties": {"OBJECTID": 46639, "Name": "NH 27", "Road_Type": "National Highway", "Class_Code": 1, "Lane": " ", "Oneway": " ", "T_Elevatio": 0, "F_Elevatio": 0, "SL": 90, "Remarks": " ", "Bridge_Fly": " ", "Shape_Leng": 9393.51060821, "ID": 46782, "Type": " ", "NSEW_Corr": "EW", "Shape_Length": 9393.510608210387}, "id": 46639}, {"type": "Feature", "geometry": {"type": "LineString", "coordinates": [[92.50207135175117, 26.216823049552435], [92.50154514560721, 26.21597740532978], [92.50104537239045, 26.2151778598024]]}, "properties": {"OBJECTID": 46646, "Name": "NH 27", "Road_Type": "National Highway", "Class_Code": 1, "Lane": " ", "Oneway": " ", "T_Elevatio": 0, "F_Elevatio": 1, "SL": 90, "Remarks": "ROAD ELEVATED", "Bridge_Fly": " ", "Shape_Leng": 233.918152546, "ID": 46789, "Type": " ", "NSEW_Corr": "EW", "Shape_Length": 233.91815254626516}, "id": 46646}, {"type": "Feature", "geometry": {"type": "LineString", "coordinates": [[92.97814341175025, 26.22170955402943], [92.97844102180724, 26.221827364188734]]}, "properties": {"OBJECTID": 46670, "Name": "NH 29", "Road_Type": "National Highway", "Class_Code": 1, "Lane": " ", "Oneway": " ", "T_Elevatio": 0, "F_Elevatio": 0, "SL": 90, "Remarks": " ", "Bridge_Fly": " ", "Shape_Leng": 36.2118600609, "ID": 46813, "Type": "", "NSEW_Corr": "", "Shape_Length": 36.211860060946364}, "id": 46670}, {"type": "Feature", "geometry": {"type": "LineString", "coordinates": [[92.87502141920251, 26.115822086569047], [92.87596655467925, 26.115988766065033], [92.87615110636786, 26.11601646798646], [92.87628443791557, 26.116027945923673], [92.87711298913642, 26.116086664064536], [92.877405443762, 26.116115258869744], [92.87819856722467, 26.116216599332187], [92.8784041808134, 26.1162591410221], [92.87856877283474, 26.116338576548234], [92.8794940932729, 26.116830811525844], [92.87958142748484, 26.116886208510174], [92.87972105532438, 26.116999083414164], [92.88046479570092, 26.117629015167], [92.88056019229252, 26.11771384342732], [92.88069414367781, 26.11786324955052], [92.88157188484696, 26.118923716837468], [92.88167285997649, 26.1190349806453], [92.88181187606334, 26.119147930098933], [92.88263642978116, 26.119767805177798], [92.8828877631263, 26.11994713661673], [92.88363306297816, 26.12045024429431], [92.88385977619633, 26.120619182843352], [92.88470117691898, 26.12129900452379], [92.88477220760682, 26.121369700724983], [92.88485901271103, 26.121516163056853], [92.88521905747692, 26.12223893924867], [92.88530740588679, 26.12243924625257], [92.88576927558844, 26.123791572481135], [92.8863362356019, 26.125427101087556], [92.88642298321395, 26.125704199254436], [92.88658432063899, 26.126306438639826], [92.88662371805239, 26.126469199579258], [92.88664119657288, 26.12658582364865], [92.88670149149476, 26.12710153372638], [92.88672521240815, 26.127362657152766], [92.88681219088721, 26.12861006262141], [92.88681622522115, 26.12877755216474], [92.88679381764472, 26.1289205936628], [92.88655852012572, 26.130037722396164], [92.88652505788137, 26.130228404122487], [92.88651604598246, 26.130348160120246], [92.88646236266105, 26.13133268980879], [92.8864663017736, 26.131498775373505], [92.88649447922911, 26.13158893094035], [92.88682113720911, 26.132318457223395], [92.88687045831148, 26.13240089083898], [92.88701486967994, 26.132537760691108], [92.88746372997963, 26.132910097556934], [92.88754817161633, 26.13296693536322], [92.88771344186569, 26.133046345013252], [92.88927848136379, 26.133744253058694], [92.88944539912336, 26.133821983092005], [92.8895606933985, 26.133884294021065], [92.89028861354457, 26.134297001167948], [92.8908957893367, 26.134631404818094], [92.89119472710367, 26.13478522570775], [92.89222059956487, 26.135290436462867], [92.89252779464596, 26.135435173243305], [92.8930561675264, 26.135670593721475], [92.893238579428, 26.13576760827885], [92.89334014205572, 26.135841744972463], [92.89383931968942, 26.13622438837118], [92.89457777797209, 26.136800020889268], [92.89472161352043, 26.13690448052764], [92.89483232638761, 26.13697166564924], [92.89559611266975, 26.137415550677023], [92.8957551297464, 26.137504117802305], [92.89589643204565, 26.1375700235451], [92.89654019891421, 26.13785415821752], [92.89673316332545, 26.13793423954284], [92.89685850974863, 26.137976927356277], [92.89834742511124, 26.13845988896318], [92.89867041976154, 26.138573269631582], [92.89979799319102, 26.138995500423828], [92.90009065173413, 26.139108061227102], [92.90120490045302, 26.13955184861819], [92.90139598918192, 26.1396333852067], [92.90157311359975, 26.13973516171156], [92.90222753179266, 26.14013273478383], [92.90243420629177, 26.140239918800816], [92.90320595344392, 26.140615957627602], [92.90419017372037, 26.14110196548707], [92.90428102753154, 26.14115205676298], [92.90440821190779, 26.141239942848543], [92.90544188713557, 26.142007384864417], [92.90752261081073, 26.143504250814345], [92.90764657472666, 26.14359700907691], [92.90779568518236, 26.143735058485476], [92.90817321924852, 26.14411027561437], [92.91027891159699, 26.146198586797027], [92.9105264280005, 26.146451989869494], [92.91163695679573, 26.147627125788325], [92.91172567261657, 26.147717040695422], [92.91182454838327, 26.147796947527493], [92.91193172997309, 26.14786869856332], [92.9129064891929, 26.14850485275685], [92.91310594932197, 26.148625436704354], [92.91327452267662, 26.14870043611855], [92.9152716931489, 26.14954495032173], [92.91550914123468, 26.14965655588791], [92.91735226321212, 26.15071563542838], [92.91751365812935, 26.150799788118086], [92.9182628710426, 26.151120333987848], [92.91838522248261, 26.151168149452115], [92.91856396835952, 26.15121278945775], [92.91939600234873, 26.15137556809365], [92.91962641572752, 26.151430445526625], [92.92034867469069, 26.151656910621046], [92.92049582142918, 26.151708312532115], [92.92063680931807, 26.151774460225237], [92.92197740564073, 26.15245741464022], [92.92206202963547, 26.152513374491562], [92.92217283323248, 26.152615925955736], [92.92286728664267, 26.15331157697425], [92.92299692611459, 26.15346257120855], [92.92304930777712, 26.153546388091552], [92.92342511348464, 26.15418584150874], [92.92350731023146, 26.154337027326143], [92.92355837945534, 26.154471441164], [92.92380247956584, 26.155198961830532], [92.9238468293914, 26.155359256248115], [92.923855062451, 26.15550247724317], [92.92385055829816, 26.15608027723965], [92.92386059517482, 26.15627104544219], [92.92391440785359, 26.156429143577608], [92.92416479706938, 26.157032121914664], [92.92425230914773, 26.15728208832468], [92.92455380801158, 26.1582463298824], [92.92482276989584, 26.159148674049995], [92.92485996014861, 26.159263385983746], [92.92491119106927, 26.15937269155033], [92.92523092124182, 26.15989538850878], [92.9253407573533, 26.160057619649628], [92.92540984588348, 26.160128582650888], [92.92603019636756, 26.160680014923447], [92.92614742651214, 26.160775161477993], [92.92627903598947, 26.160854030539298], [92.9271188655587, 26.161307985586877], [92.92723052974176, 26.161371193754814], [92.92731190003852, 26.16142985845737], [92.92741491164877, 26.161537258350272], [92.92793832403224, 26.162136261110156], [92.9280655452394, 26.162316211204885], [92.92852772665645, 26.16306321096465], [92.9285954488491, 26.163164712253064], [92.92872819649189, 26.163312162251167], [92.92929235825325, 26.163881305336737], [92.9293831384026, 26.163967614977867], [92.92956914715859, 26.16410158475243], [92.93034013253938, 26.164611383649945], [92.93048467326523, 26.164716045762326], [92.93057873765527, 26.16480045845182], [92.93107390520956, 26.16526934541592], [92.93124717136322, 26.165416820165962], [92.93140500176538, 26.16550786222047], [92.93177356705175, 26.165707401606284], [92.93189045673482, 26.165766280204796], [92.93211249062865, 26.16584162819081], [92.93269048195381, 26.16601095417675], [92.93291455232841, 26.16608167974171], [92.93308174137917, 26.16615423385024], [92.93383726944889, 26.16650468498252], [92.9350002868062, 26.16703734101601], [92.93528460808523, 26.16717129597664], [92.93637254874264, 26.167698320573304], [92.93659742400772, 26.167828346756476], [92.93752951504821, 26.168434026727617], [92.93761460616686, 26.168492092873105], [92.93779240881273, 26.168637860773035], [92.93873607913723, 26.169456721463654], [92.93933218678673, 26.169994815729407], [92.94023117850224, 26.170820552839167], [92.94034474172385, 26.1709226673603], [92.94077180979309, 26.171275686482645], [92.94093279867178, 26.17139662581577], [92.94102431813461, 26.171443563865125], [92.94174392077946, 26.171751553429544], [92.94196291297774, 26.171836153711546], [92.94209032283113, 26.17186861920964], [92.94317152792055, 26.172114034992973], [92.9433753888962, 26.17216621797849], [92.94349887850169, 26.172208425665303], [92.94428403839936, 26.172492332488464], [92.94499481509656, 26.172738794224998], [92.94516496229957, 26.17280109888648], [92.94528431695979, 26.17285359114864], [92.94653534765538, 26.173438137771775], [92.94662095171206, 26.17349114249306], [92.94673632414064, 26.17362020686497], [92.94715754238074, 26.1741775476675], [92.94725626992542, 26.17431975231724], [92.94731820876424, 26.174451976066702], [92.94772355467157, 26.175444146423857], [92.94780308252368, 26.175647543351435], [92.9482201002415, 26.17675738193901], [92.94869462990046, 26.17804058965322], [92.94917191469237, 26.179317452434038], [92.9494878647542, 26.180146323150097], [92.9495877987363, 26.18041527739911], [92.94977351553983, 26.180931540445084], [92.9500426409175, 26.181571449122185], [92.95010971362818, 26.181753650617445], [92.95045710292833, 26.182739726470942], [92.95056463486108, 26.183037133032116], [92.95096357398384, 26.184109504040222], [92.95108547896115, 26.18442853392717], [92.95175145847178, 26.186112029585335], [92.95186533251042, 26.186407970083227], [92.95224668441655, 26.187433236601933], [92.95235901694618, 26.187701272805505], [92.9526012692221, 26.18820134766448], [92.95269346870961, 26.188370820931766], [92.9528401285612, 26.18853738876728], [92.95344257202841, 26.189167817098543], [92.95483605576513, 26.19058849679499], [92.95634641391356, 26.192102092460903], [92.95762141345756, 26.193404754887084], [92.9577253763837, 26.193514944939157], [92.95782167039226, 26.193630299345486], [92.95815055260096, 26.19403986266728], [92.95830231757832, 26.194235944377244], [92.95898491682001, 26.195142015262082], [92.96026662138928, 26.196839479579385], [92.96111227922809, 26.197968196776586], [92.96125977541121, 26.198166937425743], [92.9617704595654, 26.19886798061724], [92.96198083512346, 26.19917154757282], [92.96241367307175, 26.199825508198128], [92.9629558692278, 26.20066035067128], [92.96311948298374, 26.200908739654647], [92.96361336504886, 26.20164762219359], [92.96376119181201, 26.201874494303073], [92.96441657569383, 26.202911613135367], [92.96459130969473, 26.203178475648333], [92.96519936493749, 26.204071277211078], [92.96604864388519, 26.205353453046268], [92.96682436967575, 26.206521913397363], [92.96693196898215, 26.206686841711466], [92.96732841348336, 26.20731068131674], [92.96748087645166, 26.207536933078067], [92.96819290989195, 26.208557985396656], [92.96905232812429, 26.209797389859972], [92.96968716484064, 26.210714917075407], [92.97039740165035, 26.211719421363142], [92.97093962026426, 26.21249630440807], [92.97176907249533, 26.21365545875047], [92.97259262279498, 26.214793758079107], [92.97276464657864, 26.215035756609502], [92.9734331512535, 26.215992786932308], [92.97361111379949, 26.216260781574245], [92.97434276644557, 26.2174317403159], [92.974453898826, 26.217621198434784], [92.97485270409975, 26.218318131262205], [92.97501849088039, 26.21861668481207], [92.97551696692985, 26.219542653449174], [92.97565064073571, 26.21977789524236], [92.97608513697404, 26.22049995454714], [92.97618400824913, 26.22064160058069], [92.97625791803746, 26.22070741661589], [92.97685224342943, 26.22114134861293], [92.9769793469573, 26.22122512810252], [92.97714617937694, 26.22130074886974], [92.97844102180724, 26.221827364188734]]}, "properties": {"OBJECTID": 46671, "Name": "NH 29", "Road_Type": "National Highway", "Class_Code": 1, "Lane": " ", "Oneway": " ", "T_Elevatio": 0, "F_Elevatio": 0, "SL": 90, "Remarks": " ", "Bridge_Fly": " ", "Shape_Leng": 18502.1928792, "ID": 46814, "Type": "", "NSEW_Corr": "", "Shape_Length": 18502.19287916636}, "id": 46671}, {"type": "Feature", "geometry": {"type": "LineString", "coordinates": [[92.97844102180724, 26.221827364188734], [92.97844104516342, 26.22182737385916]]}, "properties": {"OBJECTID": 46672, "Name": "NH 29", "Road_Type": "National Highway", "Class_Code": 1, "Lane": " ", "Oneway": " ", "T_Elevatio": 0, "F_Elevatio": 0, "SL": 90, "Remarks": " ", "Bridge_Fly": " ", "Shape_Leng": 0.00286356273064, "ID": 46815, "Type": "", "NSEW_Corr": "", "Shape_Length": 0.0028635627306387436}, "id": 46672}, {"type": "Feature", "geometry": {"type": "LineString", "coordinates": [[92.97844104516342, 26.22182737385916], [92.97873867767832, 26.22194519276369]]}, "properties": {"OBJECTID": 46673, "Name": "NH 29", "Road_Type": "National Highway", "Class_Code": 1, "Lane": " ", "Oneway": " ", "T_Elevatio": 0, "F_Elevatio": 0, "SL": 90, "Remarks": " ", "Bridge_Fly": " ", "Shape_Leng": 36.2145913607, "ID": 46816, "Type": "", "NSEW_Corr": "", "Shape_Length": 36.21459136069684}, "id": 46673}, {"type": "Feature", "geometry": {"type": "LineString", "coordinates": [[92.50207135175117, 26.216823049552435], [92.50240789748753, 26.217406147340284], [92.50254770499014, 26.21763219573057], [92.50287989210074, 26.21814019374609], [92.50305390834771, 26.218376316799112], [92.50337920448173, 26.21877808633155], [92.50352079334358, 26.218918635227677], [92.50396109539356, 26.219328984778976], [92.50419024843602, 26.219526657425135], [92.50474053841276, 26.219974908719685], [92.5049814162663, 26.220160656449227], [92.50571919632095, 26.22069883321417], [92.50588438662024, 26.22081696030072], [92.50601287624858, 26.220900830282076], [92.50676958111133, 26.221381588420428], [92.50749309322428, 26.22183941758204], [92.50776020188414, 26.22199604308266], [92.50830473365988, 26.22228175941011]]}, "properties": {"OBJECTID": 46676, "Name": "NH 27", "Road_Type": "National Highway", "Class_Code": 1, "Lane": " ", "Oneway": " ", "T_Elevatio": 1, "F_Elevatio": 1, "SL": 90, "Remarks": "ROAD ELEVATED", "Bridge_Fly": " ", "Shape_Leng": 985.701486356, "ID": 46819, "Type": " ", "NSEW_Corr": "EW", "Shape_Length": 985.7014863561151}, "id": 46676}, {"type": "Feature", "geometry": {"type": "LineString", "coordinates": [[92.97844104516342, 26.22182737385916], [92.97924837458399, 26.2221619358483], [92.97951854021076, 26.222267670443347], [92.98030773713732, 26.222556304139754], [92.98043187622476, 26.22259849920812], [92.98053384309432, 26.222621951471933], [92.98066460905359, 26.22263843703574], [92.98161214572708, 26.222737015936275], [92.98176969765152, 26.22274529779471], [92.98195174304048, 26.222722755375727], [92.98254881997217, 26.22262067095362], [92.98267776145308, 26.222595599707926], [92.98283035737208, 26.222555597396422], [92.983563479662, 26.222346547843888], [92.9838702893658, 26.222268373159107], [92.9847491794802, 26.222069805016936], [92.98493064455752, 26.222031161218666], [92.98511389009566, 26.22200161485793], [92.98747843199328, 26.221649730212153], [92.98818246324099, 26.22155371225622], [92.98849262545745, 26.22149710378828], [92.98921217600005, 26.22134025922428], [92.98952188636392, 26.221267879706534], [92.99061040823135, 26.220995953449176], [92.99092301206876, 26.2209253248858], [92.99204886073288, 26.220697399557977], [92.9923110771677, 26.220647148244506], [92.99312516730907, 26.22049989571801], [92.99343944470786, 26.220449305044028], [92.9940662873165, 26.220360875068703], [92.99438323899986, 26.220328992037278], [92.99523526499571, 26.220268061036016], [92.99542189897915, 26.22025834050433], [92.99649143135977, 26.220242578284125], [92.99750320386427, 26.220230304719877], [92.99776931449584, 26.22023526169269], [92.99838114535775, 26.220272686790345], [92.99859284862582, 26.22029146380505], [92.99879987256956, 26.220337592389754], [92.9994176520753, 26.220493144869813], [92.9997218683429, 26.22057618583571], [93.00049882752035, 26.220801642194353], [93.00065016130638, 26.22084193361281], [93.00080338604606, 26.220871474626943], [93.00131726820264, 26.22095946259422], [93.00144592401934, 26.220978675476836], [93.00157754337815, 26.22098434642353], [93.00235381354777, 26.22094283657007], [93.00256597405829, 26.220922082846585], [93.00320121681315, 26.22085204816937], [93.0035155112799, 26.220807881292856], [93.00405963072896, 26.220714244010015], [93.00416156076763, 26.220691417528517], [93.00435716892075, 26.22062244083039], [93.00510737177743, 26.22033237995729], [93.00539675596141, 26.220213842185345], [93.00638235784673, 26.219791907951684], [93.00652890900217, 26.219736283416985], [93.00671077832135, 26.21969502858357], [93.00750035613356, 26.219544914764064], [93.0077881637742, 26.219499895569953], [93.00846365374872, 26.21942129507597], [93.00910879054813, 26.21932855524116], [93.00931479759896, 26.21929641807232], [93.00998093611136, 26.219168101403948], [93.01010844657607, 26.219141590097557], [93.01035876033335, 26.21906460033342], [93.0114507038837, 26.218686674899143], [93.01204231456688, 26.218486796708774], [93.01226820043665, 26.218424164307784], [93.01239943262156, 26.21840468344667], [93.01329629982146, 26.218288078662745], [93.01353322239281, 26.218271971252808], [93.01448045902897, 26.21824267054108], [93.014692860288, 26.21824773155896], [93.01546377829517, 26.218278386171914], [93.01578270088227, 26.21828895547572], [93.0166594116838, 26.218309314780797], [93.01684620646569, 26.218303411606197], [93.01767397435559, 26.218262324696614], [93.01786053288052, 26.218250142795455], [93.01801951043133, 26.218229916452625], [93.018733431232, 26.218126220326695], [93.01889108556436, 26.218099420272285], [93.01901864274144, 26.21806759545149], [93.01955066188364, 26.217919207374976], [93.01972499074431, 26.217863715723865], [93.01981935606996, 26.21781996597368], [93.02050716554028, 26.217452228714997], [93.02061199444238, 26.217379858866874], [93.02070614507066, 26.21729540609845], [93.02112970072712, 26.21689607091726], [93.0212727556395, 26.216754381640136], [93.02135362916788, 26.216660990925586], [93.0217806083039, 26.216149284911364], [93.02186268377814, 26.216056839849177], [93.02197122811225, 26.21595249705816], [93.02271467653632, 26.21527182793668], [93.02285069853832, 26.215159973305422], [93.02293963803966, 26.215110677834726], [93.02369222951673, 26.214766248854602], [93.02383579287553, 26.214707581184623], [93.02398622744795, 26.214667987179777], [93.02472629910488, 26.214504766637805], [93.02722516698522, 26.2139435536953], [93.02908280663598, 26.213520347535734], [93.02926283979872, 26.213477493955807], [93.02944059663051, 26.213427814956617], [93.0303013183183, 26.213178209942125], [93.03057980324287, 26.213094810698724], [93.0313900144589, 26.212842987851115], [93.03159386914633, 26.212784494904742], [93.03220807335721, 26.212617836026343], [93.03251559812, 26.212543993953734], [93.03320804918542, 26.212398986984272], [93.03392031798431, 26.212245312797343], [93.03407446798875, 26.212206896233763], [93.03479399427681, 26.212018175597674], [93.03499826847747, 26.211960580051816], [93.03517378041938, 26.211900095187886], [93.03614813449902, 26.211553924738187], [93.03632435521169, 26.21149557218366], [93.0364770571319, 26.211458602037716], [93.0371186339078, 26.21131937232397], [93.03735190213257, 26.211278438495327], [93.03748496059247, 26.211267580833145], [93.0385785606362, 26.211192928736626], [93.03932717886474, 26.211145507016557], [93.03964583824548, 26.211121435892363], [93.04106631276322, 26.211001136612825], [93.04130408424251, 26.210983249473884], [93.04223578721079, 26.210920218120858], [93.04252924974612, 26.210903542305445], [93.04354489578613, 26.210854714898076], [93.04373194209626, 26.210849340045705], [93.04389063757604, 26.21085668221165], [93.04452526588325, 26.21090018312491], [93.04484124469116, 26.210933110827124], [93.04615227206797, 26.211117424709478], [93.04649485088976, 26.211160759500864], [93.04747403341409, 26.211273555287665], [93.04768595766771, 26.21129291483936], [93.04779301529, 26.21129232005365], [93.04889224148235, 26.21124163752844], [93.04907956806689, 26.21123095072277], [93.05198063775106, 26.211005067205264], [93.05301881533504, 26.21092367884994], [93.05333784841491, 26.21090312643759], [93.05511716485437, 26.210812638880462], [93.05623678010875, 26.210745983093656], [93.05655542062485, 26.21072463840437], [93.05729599713497, 26.2106694326573], [93.0576156320861, 26.210649575732475], [93.05855259199542, 26.21059975851504]]}, "properties": {"OBJECTID": 46682, "Name": "NH 29", "Road_Type": "National Highway", "Class_Code": 1, "Lane": " ", "Oneway": " ", "T_Elevatio": 0, "F_Elevatio": 0, "SL": 90, "Remarks": " ", "Bridge_Fly": " ", "Shape_Leng": 9267.21254283, "ID": 46825, "Type": "", "NSEW_Corr": "", "Shape_Length": 9267.212542825053}, "id": 46682}, {"type": "Feature", "geometry": {"type": "LineString", "coordinates": [[92.50972997823182, 26.22310307399918], [92.50909336734277, 26.222709945367967], [92.50882576371122, 26.222556814252126], [92.50830473365988, 26.22228175941011]]}, "properties": {"OBJECTID": 46685, "Name": "NH 27", "Road_Type": "National Highway", "Class_Code": 1, "Lane": " ", "Oneway": " ", "T_Elevatio": 1, "F_Elevatio": 0, "SL": 90, "Remarks": "ROAD ELEVATED", "Bridge_Fly": " ", "Shape_Leng": 188.676605278, "ID": 46828, "Type": " ", "NSEW_Corr": "EW", "Shape_Length": 188.67660527779628}, "id": 46685}, {"type": "Feature", "geometry": {"type": "LineString", "coordinates": [[91.69012132524728, 26.2329797413476], [91.69099453531415, 26.23221529962268], [91.69162750892458, 26.231648371154535], [91.69183611210659, 26.231467195362995], [91.6924528208205, 26.23094590816989], [91.69268098751279, 26.230745605433384], [91.69332075777666, 26.230167911404592], [91.69347631993271, 26.23003723844498], [91.69424722536347, 26.229487418934408], [91.69443948280058, 26.229357920898003], [91.69516475291658, 26.22890099484006], [91.69545306002051, 26.22872700995244], [91.69632504927688, 26.228220993762267], [91.69647704961285, 26.228124550113886], [91.69657815499808, 26.22804535430097], [91.6972529029642, 26.22749174038705], [91.69738609527305, 26.22737339041702], [91.697450185577, 26.227297475439983], [91.69792369744472, 26.226659759310884], [91.69799598128238, 26.226559364155055], [91.69805596987874, 26.226454677021046], [91.69810101859359, 26.226345098353484], [91.69827701652405, 26.225879189828987], [91.69830433608848, 26.225788909738313], [91.69839359359345, 26.225299940519314], [91.69841808436301, 26.225136393214076], [91.69842546222644, 26.224994113616372], [91.69844270898159, 26.224280928859265], [91.69849296523016, 26.22330019385967], [91.69849814940764, 26.223156692748876], [91.69849105361524, 26.222989683671713], [91.69843020712779, 26.2221550658282], [91.69841776186783, 26.222012207193675], [91.69838661817525, 26.221823108390446], [91.698236705524, 26.221045376978164], [91.69819292702695, 26.220883909298806], [91.69800826843883, 26.220264931801758], [91.69792783508493, 26.22001399804808], [91.69772328240653, 26.21942429619695], [91.69749743965588, 26.218743309717237], [91.69740049077546, 26.21849773186896], [91.69715218475287, 26.21797262703986], [91.69710572208972, 26.217887656509884], [91.69698861950593, 26.217729353239452], [91.69661930861787, 26.21726343841318], [91.6964099499527, 26.21701984721596], [91.69594480768849, 26.21650812907951], [91.69584049801266, 26.216402800262614], [91.69546835383818, 26.21604012447433], [91.69528617100701, 26.21583888941838], [91.69469310864632, 26.215111562730797], [91.6940411581255, 26.214335330599322], [91.6939416580297, 26.21422506354093], [91.69386720026905, 26.214157632798972], [91.69308656608378, 26.21351262272237], [91.6928433831532, 26.213326046362074], [91.69198174518384, 26.21271228414607], [91.6918580049484, 26.21262149415864], [91.69139894607525, 26.212269022629787], [91.69114006059355, 26.2120659193371], [91.6903258159419, 26.211411078877227], [91.69015388648137, 26.2112590144658], [91.68956812293236, 26.210728357848126], [91.68898630029253, 26.210174810626036], [91.68885559452039, 26.2100568653577], [91.68875506675187, 26.209977961088775], [91.68812281808185, 26.209497036551436], [91.6879774544992, 26.209391984279215], [91.68788712799909, 26.209341893304316], [91.68721972555707, 26.209038804203747], [91.68702557447133, 26.208960826903336], [91.68689867126777, 26.208927500499314], [91.68589750247688, 26.208694499908248], [91.6856153739855, 26.208631024037086], [91.68451248266678, 26.20839200392245], [91.68335005999418, 26.20815803913192], [91.68314208293792, 26.20812405563687], [91.68228245899142, 26.207992231175968], [91.68204718033702, 26.207964171481056], [91.68186121380187, 26.207964209361464], [91.68098314205267, 26.20798031658627], [91.68079718539894, 26.2079879087825], [91.68066472431873, 26.208000929962108], [91.67987082560998, 26.208089902073294], [91.67923683151338, 26.20815843889028], [91.67905170310638, 26.208175092532013], [91.67889053905618, 26.208178729042896], [91.67832570355836, 26.208180103212015], [91.6781150998282, 26.208160718157657], [91.67739354604254, 26.20802404827466], [91.67716609171427, 26.20796832220471], [91.6770236243001, 26.2079036410181], [91.67634435151993, 26.207567696900337], [91.67625199572558, 26.207519881196436], [91.6761465559691, 26.20744935325922], [91.67605376089855, 26.207365415552584], [91.67547491886883, 26.20681072397365], [91.67538616082717, 26.20672283975609], [91.67523937880469, 26.206552020617845], [91.67473209477387, 26.205932436550256], [91.67456690177963, 26.20571285036034], [91.67419469202817, 26.205180622577902], [91.67407975348587, 26.204991287671554], [91.67381752986458, 26.204419404291542], [91.67374982473991, 26.20424014626601], [91.67372471682773, 26.204073608142025], [91.67366054567542, 26.203522236091423], [91.67363645016454, 26.203258471818106], [91.67359995071624, 26.20249043829285], [91.67359100978422, 26.202202931593717], [91.67357778388829, 26.201294092187183], [91.67357038177035, 26.201007810093103], [91.67352542737856, 26.199794168442033], [91.67351610466255, 26.199603895430762], [91.67346357747294, 26.198795506520245], [91.67345440926717, 26.198701155922727], [91.67343191006256, 26.198610178486597], [91.67335250527965, 26.19846108289431], [91.67291429450762, 26.197725750877268], [91.67283259902075, 26.197604085223755], [91.67271111984486, 26.197480027927366], [91.67221580766184, 26.19701879816735], [91.6721019138602, 26.196920414307176], [91.67195387060309, 26.196822128701136], [91.67136734707937, 26.196459219408876], [91.67121028833004, 26.196372484859612], [91.67108795036474, 26.19632315966928], [91.67014291280437, 26.19597346479862], [91.67001940163935, 26.195926096526534], [91.6699021508335, 26.19586980687969], [91.66979266506499, 26.1958027709481], [91.66905621721193, 26.195332907358132], [91.668950186364, 26.19526200044766], [91.66887588221527, 26.195196617383292], [91.66878960442212, 26.195077701765317], [91.66846864445594, 26.19458157225794], [91.66839616478556, 26.194455393418057], [91.66835516028608, 26.194273235162196], [91.6683010242138, 26.19382822360033], [91.66829021568432, 26.193641977614554], [91.66830967678665, 26.193548261245745], [91.66851126053301, 26.192920782654987], [91.6685523198297, 26.1928062021799], [91.66861133105904, 26.192701785347058], [91.66895861884959, 26.192261659847208], [91.66913312378004, 26.192026982315046], [91.66945332197484, 26.19156684657349]]}, "properties": {"OBJECTID": 46750, "Name": "NH 27", "Road_Type": "National Highway", "Class_Code": 1, "Lane": " ", "Oneway": " ", "T_Elevatio": 0, "F_Elevatio": 0, "SL": 90, "Remarks": " ", "Bridge_Fly": " ", "Shape_Leng": 7497.20833167, "ID": 46893, "Type": " ", "NSEW_Corr": "EW", "Shape_Length": 7497.208331665549}, "id": 46750}, {"type": "Feature", "geometry": {"type": "LineString", "coordinates": [[91.69012132524728, 26.2329797413476], [91.689517707682, 26.23350600483834], [91.68938911654402, 26.233623971458147], [91.68891569001624, 26.2341293178977]]}, "properties": {"OBJECTID": 46757, "Name": "NH 27", "Road_Type": "National Highway", "Class_Code": 1, "Lane": " ", "Oneway": " ", "T_Elevatio": 1, "F_Elevatio": 0, "SL": 90, "Remarks": " ", "Bridge_Fly": " ", "Shape_Leng": 196.103236086, "ID": 46900, "Type": " ", "NSEW_Corr": "EW", "Shape_Length": 196.1032360855167}, "id": 46757}, {"type": "Feature", "geometry": {"type": "LineString", "coordinates": [[91.68891569001624, 26.2341293178977], [91.68874323054968, 26.234599928945066], [91.68868919239378, 26.234780634920103], [91.6886843684407, 26.23487466618507], [91.68870749107612, 26.23535061167609], [91.68873185967482, 26.23561320251359], [91.68882849324655, 26.236355059559624], [91.68884051989158, 26.236474794367258], [91.68883660233864, 26.236640797013944], [91.68877851727235, 26.237422621346806]]}, "properties": {"OBJECTID": 46782, "Name": "NH 27", "Road_Type": "National Highway", "Class_Code": 1, "Lane": " ", "Oneway": " ", "T_Elevatio": 1, "F_Elevatio": 1, "SL": 90, "Remarks": " ", "Bridge_Fly": " ", "Shape_Leng": 413.727285606, "ID": 46925, "Type": " ", "NSEW_Corr": "EW", "Shape_Length": 413.7272856061531}, "id": 46782}, {"type": "Feature", "geometry": {"type": "LineString", "coordinates": [[91.68841760922548, 26.240581648506847], [91.6884137473681, 26.239929623506484], [91.68841675672428, 26.239736654029603], [91.68843624118281, 26.239568977433287], [91.68858051151574, 26.238540276732657], [91.68863012007901, 26.23823028263383], [91.68877851727235, 26.237422621346806]]}, "properties": {"OBJECTID": 46805, "Name": "NH 27", "Road_Type": "National Highway", "Class_Code": 1, "Lane": " ", "Oneway": " ", "T_Elevatio": 1, "F_Elevatio": 0, "SL": 90, "Remarks": " ", "Bridge_Fly": " ", "Shape_Leng": 394.93867577, "ID": 46948, "Type": " ", "NSEW_Corr": "EW", "Shape_Length": 394.9386757695958}, "id": 46805}, {"type": "Feature", "geometry": {"type": "LineString", "coordinates": [[92.54003048963338, 26.245098950530625], [92.53934329910228, 26.244812239621897]]}, "properties": {"OBJECTID": 46821, "Name": "NH 27", "Road_Type": "National Highway", "Class_Code": 1, "Lane": " ", "Oneway": " ", "T_Elevatio": 0, "F_Elevatio": 0, "SL": 90, "Remarks": " ", "Bridge_Fly": " ", "Shape_Leng": 84.3693262566, "ID": 46964, "Type": " ", "NSEW_Corr": "EW", "Shape_Length": 84.36932625656077}, "id": 46821}, {"type": "Feature", "geometry": {"type": "LineString", "coordinates": [[92.53929184000957, 26.244904267028797], [92.53995342406348, 26.245169533794414]]}, "properties": {"OBJECTID": 46822, "Name": "NH 27", "Road_Type": "National Highway", "Class_Code": 1, "Lane": " ", "Oneway": " ", "T_Elevatio": 0, "F_Elevatio": 0, "SL": 90, "Remarks": " ", "Bridge_Fly": " ", "Shape_Leng": 80.6713668689, "ID": 46965, "Type": " ", "NSEW_Corr": "EW", "Shape_Length": 80.6713668688703}, "id": 46822}, {"type": "Feature", "geometry": {"type": "LineString", "coordinates": [[92.5992493861, 26.27846389102481], [92.59857254955087, 26.277831954731695], [92.59778813435655, 26.2771054259576], [92.59686882724085, 26.27627424313419], [92.59589816164377, 26.27540447905301], [92.5956438692481, 26.275189008877568], [92.59474326595492, 26.274461921452517], [92.59273608016558, 26.272844611226194], [92.59245641395637, 26.272622268455816], [92.59079010198639, 26.27131500115209], [92.58947302355784, 26.27027625058479], [92.58859645019857, 26.26958058464581], [92.58847515068574, 26.269487687473283], [92.58834647420781, 26.269400106790012], [92.58762904458763, 26.268929196866228], [92.58738798437608, 26.26878000614495], [92.58679074574762, 26.26843655783127], [92.58655119470576, 26.26828597046281], [92.58607690669363, 26.267971945815347], [92.58579843165049, 26.26778420905428], [92.58494656106319, 26.26720047784986], [92.58468757946171, 26.267028245996958], [92.58372491785381, 26.26640799573732], [92.58311492314834, 26.26604297870346], [92.58282514640061, 26.265875066180822], [92.5813338684688, 26.26502660804078], [92.58106072313026, 26.264874856226673], [92.58034792342701, 26.264491815295592], [92.58005063586523, 26.26432894826334], [92.57934521582209, 26.263935726250317], [92.57918336186574, 26.26385086987289], [92.57906289958277, 26.263797072527964], [92.57818826119461, 26.26342169556536], [92.57806608402775, 26.263372567173462], [92.57738055897318, 26.263134768062223], [92.57707850944206, 26.26304147985724], [92.57600104853071, 26.262735917402686], [92.57569381122883, 26.26265189795868], [92.57413491620727, 26.262241432261682], [92.57138672720801, 26.26150023914205], [92.57120618559884, 26.261453925491914], [92.57012058056114, 26.261182962475512], [92.56981356424481, 26.261102930421085], [92.56920804135281, 26.260936325491546], [92.56900840784891, 26.260875975664977], [92.56881611717412, 26.260791684193727], [92.56800778882698, 26.260413686558884], [92.56784455775333, 26.2603314981811], [92.56771617951605, 26.260246728591834], [92.56608801809791, 26.259088366598153], [92.56522714728978, 26.25848253633939], [92.56495234545783, 26.25829338246184], [92.5641854950223, 26.257778398726177], [92.56245372910577, 26.25660254930727], [92.562302564203, 26.256503643840773], [92.56135742243808, 26.25592915293779], [92.55856132808138, 26.25427783608892], [92.55742178549906, 26.253593955215393], [92.55301476120793, 26.251018119973068], [92.55269693456549, 26.25084237718635], [92.55171143868135, 26.250327883298215], [92.55138295083307, 26.250166504623856], [92.54925810460612, 26.24917016683669], [92.5489221894871, 26.249017346918496], [92.54749938923108, 26.248390045788923], [92.54315424628665, 26.246491904169954], [92.54253462164131, 26.246230979120885], [92.54226982165174, 26.24612307158595], [92.54156524063504, 26.245843075518476], [92.5412752608681, 26.2457200083004], [92.53971086995361, 26.245025035617346], [92.53934794608725, 26.244866717722072], [92.53818106597421, 26.244366145888158], [92.53798829919234, 26.244279922420024], [92.53782874671981, 26.24419396074523], [92.53726479246926, 26.243877260434385], [92.53710942075601, 26.24378547956953], [92.53700389745623, 26.243710737154075], [92.53644685574183, 26.243291290028974], [92.5362472923065, 26.24312950516669], [92.53582013081248, 26.24272695844243], [92.5326460433505, 26.239732381966125], [92.53221940647263, 26.239329317466048], [92.53210531234673, 26.239226894703787], [92.53200493639348, 26.239149995587827], [92.53118119115942, 26.238554827842194], [92.53105399959665, 26.238470686161115], [92.53088939769391, 26.23839173106396], [92.52923031985691, 26.23766505383656], [92.52913652316482, 26.23761935837173], [92.52898312235533, 26.237526077878652], [92.52844499646585, 26.237178318980458], [92.52823388698418, 26.237033228300643], [92.52753066332191, 26.236518887609588], [92.52725736976132, 26.236326362089965], [92.52602118462413, 26.235483195603422], [92.52576701978921, 26.235305727524054], [92.52509351509144, 26.23482441938556], [92.52435361591107, 26.2343076604361], [92.5241246443283, 26.234143838939556], [92.52355000641408, 26.23372230092254], [92.52329609670072, 26.233547125041092], [92.52259906871895, 26.233093968822185], [92.52242003538113, 26.23298799507971], [92.52225019989352, 26.232915164314345], [92.52161195407066, 26.232655812318537], [92.52148841326122, 26.23260827122571], [92.52125697759962, 26.23255361655157], [92.51976520918767, 26.232290311313793], [92.51843532168151, 26.232050920788378], [92.51827933462232, 26.23202107640995], [92.5181000084337, 26.231976373889072], [92.51669932649662, 26.231594927149732], [92.51639473563155, 26.231507900492623], [92.5147018820382, 26.230992546633576], [92.51460264874203, 26.230958013801477], [92.5144381142129, 26.230883411406644], [92.5139504978969, 26.230646905197126], [92.51377581779494, 26.23054337243843], [92.51368022716727, 26.230461988887185], [92.51308152697986, 26.229925032171483], [92.51294556247001, 26.229780645586054], [92.51289068977921, 26.22969816398067], [92.5124453921979, 26.228982523725545], [92.51238223075198, 26.228876427780335], [92.51233212542039, 26.228766836889776], [92.51229248636017, 26.228654245013157], [92.51200991140605, 26.22781693605877], [92.5117353611024, 26.227027602037637], [92.51165307901566, 26.22677870713115], [92.5114764369931, 26.226210543399343], [92.51124572986521, 26.22549711145421], [92.51097542140633, 26.224777561960178], [92.5109008935771, 26.224600042084443], [92.51084221562273, 26.22449239248929], [92.51047511099705, 26.223851985538882], [92.51038190539644, 26.223707485040656], [92.51031331093965, 26.223634571100796], [92.50972997823182, 26.22310307399918]]}, "properties": {"OBJECTID": 46941, "Name": "NH 27", "Road_Type": "National Highway", "Class_Code": 1, "Lane": " ", "Oneway": " ", "T_Elevatio": 0, "F_Elevatio": 0, "SL": 90, "Remarks": " ", "Bridge_Fly": " ", "Shape_Leng": 12416.9576803, "ID": 47084, "Type": " ", "NSEW_Corr": "EW", "Shape_Length": 12416.95768028683}, "id": 46941}, {"type": "Feature", "geometry": {"type": "LineString", "coordinates": [[92.5992493861, 26.27846389102481], [92.60041083230384, 26.279567818597663], [92.60064297314294, 26.279798357388962], [92.60131315946403, 26.280499507695474]]}, "properties": {"OBJECTID": 46961, "Name": "NH 27", "Road_Type": "National Highway", "Class_Code": 1, "Lane": " ", "Oneway": " ", "T_Elevatio": 1, "F_Elevatio": 0, "SL": 90, "Remarks": "ROAD ELEVATED", "Bridge_Fly": " ", "Shape_Leng": 341.625692667, "ID": 47104, "Type": " ", "NSEW_Corr": "EW", "Shape_Length": 341.6256926667464}, "id": 46961}, {"type": "Feature", "geometry": {"type": "LineString", "coordinates": [[92.62025156804799, 26.288600658287447], [92.61937425268026, 26.288519440248578], [92.61905630656189, 26.288499470980774], [92.61776012474347, 26.288438774662552], [92.61674333335145, 26.288404982969716], [92.6156166124232, 26.288399482033007], [92.61529682835173, 26.2884048790721], [92.61378653488201, 26.288461277753147], [92.61362733904062, 26.288465195255668], [92.61346762127805, 26.2884601695123], [92.61285496486437, 26.288425371065863], [92.61269591455005, 26.28841238547436], [92.61246533857619, 26.288361556168], [92.61167779993964, 26.28815575403088], [92.61150140136057, 26.288106158500305], [92.61131076538254, 26.288026881960203], [92.61065551984126, 26.2877234237828], [92.61049290321526, 26.287645717536986], [92.61035478005383, 26.287571174099078], [92.60978446123951, 26.287252382831554], [92.6095093081663, 26.287103494340283], [92.60863372654704, 26.286644837429684], [92.60847029604741, 26.286562396198033], [92.60738501619986, 26.286031940827385], [92.60710861895996, 26.28588764169491], [92.60630677914412, 26.28543105395561], [92.60617690431359, 26.285350664900342], [92.60603784780255, 26.2852383316353], [92.60551643866218, 26.284787970560156], [92.60529129030925, 26.28458219510556], [92.60475902053712, 26.28407469935934], [92.60458304775949, 26.283896412286058], [92.60421989122946, 26.283494092242936], [92.6041187588948, 26.283385928568684], [92.60364001164558, 26.28291624973359], [92.60311774191919, 26.282413024442544], [92.60290552391645, 26.282201559096496], [92.6023157484914, 26.281593081910728], [92.60217871408807, 26.281446640381375], [92.60131315946403, 26.280499507695474]]}, "properties": {"OBJECTID": 46992, "Name": "NH 27", "Road_Type": "National Highway", "Class_Code": 1, "Lane": " ", "Oneway": " ", "T_Elevatio": 1, "F_Elevatio": 1, "SL": 90, "Remarks": "ROAD ELEVATED", "Bridge_Fly": " ", "Shape_Leng": 2476.15086292, "ID": 47135, "Type": " ", "NSEW_Corr": "EW", "Shape_Length": 2476.1508629235536}, "id": 46992}, {"type": "Feature", "geometry": {"type": "LineString", "coordinates": [[92.62025156804799, 26.288600658287447], [92.62087522253567, 26.288693881651696], [92.62105688883558, 26.28872488011318], [92.62214657132634, 26.288953809229266], [92.62245906736595, 26.289021699949544], [92.62329458771676, 26.28920747422069], [92.62358032114736, 26.28926456435183], [92.62419973738352, 26.289372083861448], [92.62440732636763, 26.289403289129748], [92.62456676744908, 26.289416467906563], [92.62533887482566, 26.28947039109974], [92.62552391968937, 26.28948159905386], [92.6263620747989, 26.28952061506457], [92.62712316074526, 26.28954843036415], [92.62788452876262, 26.28958122141727]]}, "properties": {"OBJECTID": 46997, "Name": "NH 27", "Road_Type": "National Highway", "Class_Code": 1, "Lane": " ", "Oneway": " ", "T_Elevatio": 0, "F_Elevatio": 1, "SL": 90, "Remarks": "ROAD ELEVATED", "Bridge_Fly": " ", "Shape_Leng": 861.201231456, "ID": 47140, "Type": " ", "NSEW_Corr": "EW", "Shape_Length": 861.2012314557826}, "id": 46997}, {"type": "Feature", "geometry": {"type": "LineString", "coordinates": [[92.62788452876262, 26.28958122141727], [92.62848829185498, 26.289608729845032], [92.62877693133555, 26.28962576565686], [92.62948509483361, 26.289678642539236], [92.6298031936656, 26.289699160080726], [92.63095166640014, 26.28976487337244], [92.63126960892531, 26.28978585964058], [92.6324023341929, 26.28986799494618], [92.63338269620516, 26.289941002626044], [92.63443027645523, 26.290023674216023], [92.63668138538694, 26.29017626619523], [92.63812403930908, 26.29026492089767], [92.63849839064413, 26.290286026273776], [92.63999709494841, 26.290363110597]]}, "properties": {"OBJECTID": 47005, "Name": "NH 27", "Road_Type": "National Highway", "Class_Code": 1, "Lane": " ", "Oneway": " ", "T_Elevatio": 0, "F_Elevatio": 0, "SL": 90, "Remarks": " ", "Bridge_Fly": " ", "Shape_Leng": 1351.93133175, "ID": 47148, "Type": " ", "NSEW_Corr": "EW", "Shape_Length": 1351.9313317451579}, "id": 47005}, {"type": "Feature", "geometry": {"type": "LineString", "coordinates": [[92.63999709494841, 26.290363110597], [92.6406663533098, 26.29040020625155], [92.6409866440311, 26.290422537412685], [92.64253141753639, 26.290546242640932], [92.64274252162815, 26.29056457580315], [92.64470168348245, 26.290747386983057], [92.64502324801481, 26.290767760975783], [92.64583045077292, 26.29080146258181], [92.64604390036591, 26.290808380893285], [92.6469963229762, 26.290829867120515], [92.64805472792543, 26.29084841608268], [92.64896736864338, 26.290869957069074], [92.65019092616265, 26.290891649464893], [92.65119853228084, 26.290927963721636], [92.65151542826868, 26.29094196704494], [92.65225067058265, 26.290982282463975], [92.6524344901443, 26.2909965394786], [92.65322932579588, 26.29111107796044], [92.65346670111813, 26.2911501489948], [92.65359667835658, 26.291179925025144], [92.65473686862421, 26.291457054121416], [92.65486516601311, 26.291491840382836], [92.65506285735938, 26.291562448600825], [92.65582353277567, 26.29185005885716]]}, "properties": {"OBJECTID": 47016, "Name": "NH 27", "Road_Type": "National Highway", "Class_Code": 1, "Lane": " ", "Oneway": " ", "T_Elevatio": 0, "F_Elevatio": 0, "SL": 90, "Remarks": "ROAD ELEVATED", "Bridge_Fly": " ", "Shape_Leng": 1780.88779636, "ID": 47159, "Type": " ", "NSEW_Corr": "EW", "Shape_Length": 1780.8877963620357}, "id": 47016}, {"type": "Feature", "geometry": {"type": "LineString", "coordinates": [[92.66911655172008, 26.298250574654382], [92.66861207761946, 26.298066531051493]]}, "properties": {"OBJECTID": 47038, "Name": "NH 27", "Road_Type": "National Highway", "Class_Code": 1, "Lane": " ", "Oneway": " ", "T_Elevatio": 0, "F_Elevatio": 0, "SL": 90, "Remarks": " ", "Bridge_Fly": " ", "Shape_Leng": 60.6296424136, "ID": 47181, "Type": " ", "NSEW_Corr": "EW", "Shape_Length": 60.629642413560006}, "id": 47038}, {"type": "Feature", "geometry": {"type": "LineString", "coordinates": [[92.66853891702611, 26.29817142585005], [92.66902251697445, 26.298348839736533]]}, "properties": {"OBJECTID": 47039, "Name": "NH 27", "Road_Type": "National Highway", "Class_Code": 1, "Lane": " ", "Oneway": " ", "T_Elevatio": 0, "F_Elevatio": 0, "SL": 90, "Remarks": " ", "Bridge_Fly": " ", "Shape_Leng": 58.16715572, "ID": 47182, "Type": " ", "NSEW_Corr": "EW", "Shape_Length": 58.167155719977735}, "id": 47039}, {"type": "Feature", "geometry": {"type": "LineString", "coordinates": [[91.68841760922548, 26.240581648506847], [91.68848290147528, 26.241415257460247], [91.68850541056136, 26.24167649466557], [91.68857520965894, 26.24241019209294], [91.68859833409098, 26.2426230376073], [91.68869791773012, 26.243237668477846], [91.6887244656417, 26.24337887025801], [91.688768546871, 26.24354158699035], [91.68930629906134, 26.245378317522828], [91.68979416151575, 26.247014546120226], [91.68986642918371, 26.24724403044404], [91.69023023609401, 26.248341591037807], [91.69033421518981, 26.24863907409561], [91.690819250646, 26.249967086605363], [91.69087599362923, 26.250127663105793], [91.69138081447957, 26.251710378788708], [91.69169777155285, 26.25262869117867], [91.69177840253613, 26.2528819497543], [91.69197568604726, 26.25355133151152], [91.69206085891258, 26.25382725095476], [91.69238590531499, 26.254835101694564], [91.6924612658825, 26.255063531296486], [91.69284387812493, 26.256203527976805], [91.69326709601484, 26.25741616135616], [91.69388195779253, 26.2591853557324], [91.69394537166507, 26.259342670466463], [91.69422413147416, 26.259986549813178], [91.69429577571131, 26.260140085984084], [91.69437037271084, 26.260263764686147], [91.69462003069796, 26.260649654473006], [91.69472900083352, 26.260810239568823], [91.69512890923843, 26.26131378489826], [91.6952554090984, 26.261466771509873], [91.69592738037196, 26.262187903238118], [91.69612076160149, 26.262387984221036], [91.69669186105182, 26.262962145914347], [91.6978245674548, 26.264105059392552], [91.698067868963, 26.264358673175263], [91.69856281912496, 26.264891521079264], [91.69937517282294, 26.265757717142204], [91.70039180790805, 26.26683110926804], [91.7006132201677, 26.267071215977133], [91.70142262469658, 26.267969695109084], [91.70162168507532, 26.268194781627766], [91.70197821114024, 26.268608620041412], [91.70216237026506, 26.268811800970944], [91.70272956923041, 26.269412027974603], [91.70286891949054, 26.26955601168627], [91.70301834974646, 26.26969365644192], [91.70375605344434, 26.270357060100046], [91.70397457312873, 26.270565196823398], [91.70434234340607, 26.270936325688677], [91.70442773456203, 26.271026257356546], [91.70454060338591, 26.271160419683707], [91.70493548571683, 26.271645541283547], [91.70511358211179, 26.2718853834897], [91.70558549767325, 26.272584927072437], [91.70563838688393, 26.272668477766725], [91.70574182699056, 26.27286151658952], [91.70603112044466, 26.273423750823497], [91.70612495037442, 26.273594283225858], [91.70618159094971, 26.27367518548137], [91.70668175313696, 26.274325829727747], [91.70687161656383, 26.2745567945732], [91.7074406274311, 26.275189270665003], [91.7076333250427, 26.27541906420883], [91.70820258653994, 26.276147728431333], [91.70826009848103, 26.27622859427073], [91.70835431199143, 26.276397245756876], [91.70866785726322, 26.27699600460053], [91.70873152086743, 26.277125537341277], [91.70877635129168, 26.277239287255426], [91.7092644850373, 26.278595994817707], [91.7096090617123, 26.279523916482585], [91.70970248380688, 26.279798482236473], [91.70994546281989, 26.280611679623817], [91.70998482879227, 26.280751504538536], [91.71002434837658, 26.280961869047765], [91.71015699091646, 26.281782420936366], [91.71017871038342, 26.281947180457045], [91.71018566963193, 26.282066707179126], [91.7102128409743, 26.282737008841217], [91.71022836116748, 26.283023685723137], [91.71027568082339, 26.28369082452859], [91.71029904690224, 26.283879636595145], [91.7103311931147, 26.28399374636258], [91.71049732215344, 26.284516011725408], [91.71056252547004, 26.284694743251347], [91.71063676404172, 26.28481980449397], [91.71116669909246, 26.285614321849632], [91.71129735635559, 26.28582039509184], [91.71166667263348, 26.28642243411623], [91.71175972102894, 26.286592194347058], [91.71181005093938, 26.286728714665962], [91.71203531427663, 26.287395487446705], [91.71208601339467, 26.287557060027094], [91.71211658575871, 26.287746649467266], [91.71222776934313, 26.2887264611247], [91.71231380189619, 26.28963038945539], [91.71232731525302, 26.28974901587932], [91.7123596635864, 26.28991325587942], [91.71262908271315, 26.291081335738824], [91.71266907840456, 26.291244307781806], [91.71273145292628, 26.2914264204251], [91.71296038947476, 26.292036532502422], [91.71305871637082, 26.29228419871652], [91.71344596392012, 26.293227649656007], [91.71393489626803, 26.294453581021838], [91.71465497502, 26.296197511444966], [91.7152497199252, 26.29768333794647], [91.71582057323712, 26.29909021225364], [91.71589792267467, 26.299295629364856], [91.71655377008719, 26.301153261740563], [91.71660328073405, 26.301315018092613], [91.71662141771964, 26.301456266009225], [91.71671361002063, 26.302643384672756]]}, "properties": {"OBJECTID": 47055, "Name": "NH 27", "Road_Type": "National Highway", "Class_Code": 1, "Lane": " ", "Oneway": " ", "T_Elevatio": 0, "F_Elevatio": 0, "SL": 90, "Remarks": " ", "Bridge_Fly": " ", "Shape_Leng": 8499.8945946, "ID": 47198, "Type": " ", "NSEW_Corr": "EW", "Shape_Length": 8499.89459459984}, "id": 47055}, {"type": "Feature", "geometry": {"type": "LineString", "coordinates": [[92.70894326641675, 26.3135524064868], [92.70820746984225, 26.312753084872988], [92.70809141199912, 26.312620731713736], [92.70800051776375, 26.31250288561868], [92.70721128400623, 26.31145276419188], [92.70701552763111, 26.31119744396297], [92.70663293066002, 26.31071303615881], [92.70652338021281, 26.31057871907064], [92.70613843055399, 26.310147925921374], [92.70592917519508, 26.30993306786672], [92.70554893270835, 26.30957396311063], [92.70539247942354, 26.309445919302522], [92.70478235446235, 26.309014503498545], [92.7046298555614, 26.308915717593287], [92.7041234500829, 26.308597003531563], [92.70396759956763, 26.308502481166574], [92.70385184715167, 26.30844164956594], [92.70307727569627, 26.308055269672117], [92.70288742933741, 26.30796527491049], [92.70274014605499, 26.30790614778986], [92.7020730113109, 26.307648278300803], [92.70181999811619, 26.307577241004473], [92.70067096573123, 26.307294552155785], [92.69933633062877, 26.306980176505082], [92.69830105729814, 26.306741334543723], [92.69806811875506, 26.306689313403567], [92.69695530913728, 26.30645056908726], [92.69667112350389, 26.306387145813908], [92.69602659576229, 26.306236995047964], [92.6951269383951, 26.30603314604904], [92.6947657150396, 26.30595450988865], [92.69360029289226, 26.305711005613265], [92.69329099575342, 26.305642585926936], [92.69241827796331, 26.305440398805718], [92.6915140445781, 26.30524767672265], [92.69056720589559, 26.30504740148199], [92.68941268390593, 26.304810781370332], [92.68811415838293, 26.304526170779962], [92.68680124005247, 26.30424482255811], [92.68554283149345, 26.303978023006234], [92.68523288936424, 26.303902951321515], [92.6845434755028, 26.303719464297338], [92.68378429039157, 26.303504368839658], [92.68345650592421, 26.303401832769623], [92.68222473421, 26.30298560026909], [92.68114875551885, 26.302628476789753], [92.67854699550419, 26.301757298074172], [92.67819771345374, 26.30163771675034], [92.67715560124881, 26.301272816183328], [92.67578128217038, 26.300779512380917], [92.67497041608252, 26.30048678147373], [92.67337064232565, 26.29990363114958], [92.67225595702558, 26.299507433996865], [92.67193413198176, 26.29939058686932], [92.67109308160208, 26.299079291927047], [92.67007906241105, 26.29868942512408], [92.66887175900854, 26.298228240974048], [92.66772686785703, 26.297802731677702], [92.6664334348834, 26.29730313865752], [92.6661910200124, 26.297207908846772], [92.66435020850184, 26.296473021067744], [92.66418084552808, 26.296403677021665], [92.66401452604647, 26.296324925606257], [92.66300210226338, 26.295820454617], [92.66288534103938, 26.29576041044265], [92.66268717897593, 26.295642894313314], [92.66203623007665, 26.295240290454142], [92.66096895246736, 26.294572779958994], [92.6607956863137, 26.294462601925918], [92.66027585012338, 26.29410121353791], [92.66004203572292, 26.29394717947402], [92.65928362495946, 26.293471360556588], [92.65910645382925, 26.293367831446407], [92.65898805228156, 26.29331231059278], [92.65831664604829, 26.293014023872495], [92.6581023313777, 26.292916480718905], [92.65722629610926, 26.29251002170667], [92.65582353277567, 26.29185005885716]]}, "properties": {"OBJECTID": 47125, "Name": "NH 27", "Road_Type": "National Highway", "Class_Code": 1, "Lane": " ", "Oneway": " ", "T_Elevatio": 0, "F_Elevatio": 0, "SL": 90, "Remarks": " ", "Bridge_Fly": " ", "Shape_Leng": 6625.95428068, "ID": 47268, "Type": " ", "NSEW_Corr": "EW", "Shape_Length": 6625.9542806770705}, "id": 47125}, {"type": "Feature", "geometry": {"type": "LineString", "coordinates": [[92.70894326641675, 26.3135524064868], [92.7099642870771, 26.313079857584817], [92.71014932026267, 26.312985674660506], [92.71023116037834, 26.31292627873644], [92.71120125015534, 26.312116467730856], [92.71214912459537, 26.31133270891694], [92.7133460560496, 26.310337397091196], [92.71466638188788, 26.3092490543591], [92.71565688138816, 26.308434488310173], [92.71593576426643, 26.308209267275032], [92.71705739354366, 26.3073197347686], [92.71731950128229, 26.307116630140463], [92.71831332185415, 26.306362331818196], [92.71845265594463, 26.306251763152712], [92.7191319386063, 26.30563881315137], [92.71922409766958, 26.30555227200797], [92.71928828768655, 26.30547707893892], [92.71937301049594, 26.305328207405754], [92.71971143999943, 26.304674829134818], [92.72026018128062, 26.30360525394902], [92.72095385405484, 26.3022320819846], [92.72109125497077, 26.301946267560552], [92.72145761129984, 26.301121810790455], [92.72152455375482, 26.300965085007693], [92.72159010292279, 26.30078151038491], [92.72180309976488, 26.300159345098603], [92.72191138987574, 26.29986123866894], [92.72217861890982, 26.299152640100978], [92.72223523612892, 26.298991727943573], [92.72226576806881, 26.298874870632257], [92.72239130583311, 26.29833348675409], [92.72242516243786, 26.298144765060833], [92.72242215667494, 26.2980493007818], [92.72234541090523, 26.297402397533663], [92.72232540542389, 26.297259053998346], [92.72229587420723, 26.29711745386316], [92.72209501540127, 26.29624684338613], [92.72207182988382, 26.29612882923541], [92.72206259250773, 26.295963656577534], [92.72206310634407, 26.29515899330754], [92.72206699784589, 26.29506458723158], [92.72208931289586, 26.29489972875996], [92.7221700130494, 26.29440604025782], [92.72221125021252, 26.2941725449983], [92.722325947108, 26.293569330090644], [92.72243992535127, 26.292935573781893], [92.72248712732784, 26.29265491019113], [92.72257690585566, 26.292073357013187], [92.72260568608074, 26.291932736334743], [92.72274855594014, 26.291300024529374], [92.72278798838786, 26.29108782878804], [92.72283824643307, 26.2904883429148], [92.72285588844694, 26.290321044034695], [92.72290976131285, 26.290113215776266], [92.72310487449424, 26.289471828739792], [92.7231547363824, 26.28928721144914], [92.72336464301986, 26.28840396251779], [92.72355380216757, 26.28762343255519], [92.72358167868748, 26.287482094495065], [92.72367860331337, 26.286908857902837], [92.7236952967063, 26.286717371940746], [92.72370161455767, 26.285637982081656], [92.72370003262445, 26.28537385964815], [92.72368749753299, 26.28465266013545], [92.72371524828876, 26.284125185011384], [92.72373326669671, 26.283958831398504], [92.72377649003492, 26.283821526543168], [92.72401653335359, 26.283187283641407], [92.72411106935913, 26.282964640119893], [92.72437058545819, 26.282471149698118], [92.72452320832667, 26.282192815924876], [92.7248540120317, 26.28161597778049], [92.72494311412811, 26.281467533916057], [92.72542850891041, 26.280687856177064], [92.72559456788059, 26.280411526146263], [92.72642929052742, 26.278978401212402], [92.72659508898613, 26.278675764309767], [92.72712387329499, 26.277647596808492], [92.72727296578438, 26.277364462052795], [92.7277885241973, 26.276411004353886], [92.72787874559455, 26.276237446633246], [92.72843167033002, 26.275129806242465], [92.72857025073395, 26.27484504950661], [92.72909307112764, 26.273739291996772], [92.72949698152713, 26.272906751936848], [92.72963685191183, 26.27264839783133], [92.72994106009457, 26.272140710535034], [92.73010150010265, 26.271893153561123], [92.73053576457562, 26.271270063229405], [92.73097031022125, 26.270626881212536], [92.73145011568586, 26.269903398983324], [92.73154139889178, 26.269756183080826], [92.73204125924511, 26.26893140324898], [92.73214931848894, 26.268739543651748], [92.73253496524039, 26.268009859817283], [92.73266221968527, 26.267747461417052], [92.73292239963929, 26.267142463362458], [92.73298027899138, 26.267035348587306], [92.73337270263335, 26.26641487925311], [92.733440624252, 26.26631312803975], [92.73352096957098, 26.266219279300554], [92.73401629433044, 26.265752093491468], [92.7341651020539, 26.265616044722478], [92.73479005191223, 26.265068836831844], [92.7356637668323, 26.264306141624374], [92.73631497624301, 26.263706169370217], [92.73655491266211, 26.26348140927111], [92.737049785569, 26.263011189087976], [92.73725914513247, 26.262826936518763], [92.73789470229768, 26.26231600324889], [92.73805586814447, 26.26219116184945], [92.7386660838355, 26.261730243459354], [92.73893483641234, 26.26153419173249], [92.74017143477457, 26.260658771454988], [92.74038287034466, 26.260512156087586], [92.7413087162973, 26.259897244411285], [92.74191308665078, 26.25950866219737], [92.74212343525939, 26.259365280705964], [92.74266068888474, 26.25898347996694], [92.74284019293978, 26.258845120825235], [92.74292825119382, 26.2587564243952], [92.74330421590312, 26.258355319083833], [92.74342523424329, 26.258200043641803], [92.74347072492927, 26.258112922508406], [92.74374765576843, 26.25753622007596], [92.7438635177788, 26.257266276700815], [92.74417530953922, 26.25647049540926], [92.74427788726321, 26.256197596112173], [92.74470339226382, 26.25501089886415], [92.74476537332349, 26.254826730279063], [92.74480555766108, 26.254661688959775], [92.74490511255414, 26.254211513776706], [92.74494708543746, 26.25397506470139], [92.7450438825026, 26.25331368953385], [92.74507261511695, 26.25302856428005], [92.74515819042755, 26.251763844965577], [92.74520818885964, 26.251070970938898], [92.74534147459327, 26.24930594966056], [92.74540897310541, 26.248422473020643], [92.74550172865008, 26.247187165381405], [92.74558407361891, 26.246038618742936], [92.7456018638548, 26.245752480590976], [92.74563380974291, 26.245042859510207], [92.74563738952935, 26.24485384811418], [92.7455877108975, 26.244150091180313], [92.74556617558518, 26.243938794632637], [92.74548603418376, 26.243351165558764], [92.74544055248091, 26.243068657821315], [92.74533512080929, 26.242502843422777], [92.7453059821564, 26.2423860662034], [92.74514581343955, 26.2419008691125], [92.74508541521143, 26.241741762178517], [92.74503854022159, 26.241656940349113], [92.74438194541075, 26.240623819308436], [92.74429573409294, 26.24047634632577], [92.74396111075127, 26.23979905579043], [92.74390990588178, 26.239688911172845], [92.74385397946713, 26.239530733460345], [92.74365635369789, 26.23889045686856], [92.74361705689579, 26.238726964130926], [92.74349616252316, 26.2381371089909], [92.74345458669517, 26.23787631424984], [92.74338709177631, 26.23730493173489], [92.74329754860712, 26.236211780029254], [92.74328398045304, 26.236069405203175], [92.74325671119429, 26.23590500522733], [92.74315701616405, 26.235390063270607], [92.74312639798592, 26.235250351336173], [92.74308465866454, 26.235112987270107], [92.74287367404872, 26.23447535267916], [92.74279469327061, 26.234248274193252], [92.74255517816135, 26.23359134993148], [92.74213656862885, 26.232398556426745], [92.7420464334699, 26.23212351196714], [92.74183556473673, 26.2314140333061], [92.7417911834701, 26.231229799926762], [92.74178146908861, 26.231113191883292], [92.74175447022276, 26.230550743176455], [92.74174108891829, 26.2304101487054], [92.7416351488002, 26.22956669112364], [92.74142631744611, 26.22804846237441], [92.74138656070656, 26.227738777138036], [92.74110712177114, 26.225419739090796], [92.74107357328853, 26.22508530734883], [92.74092844596282, 26.22327130379112], [92.74083153481165, 26.22193242296375], [92.74079897088261, 26.221670076035178], [92.74067678922418, 26.220884247766843], [92.7406184454431, 26.220601330851572], [92.74041351996385, 26.219807659756476], [92.74007793093328, 26.21849316326247], [92.74000861872257, 26.21821250993224], [92.73978377579687, 26.217258597363557], [92.73972251159277, 26.21695315468934], [92.7395769746353, 26.216100182472157], [92.73937388351587, 26.21489095744807], [92.73933004303505, 26.214582628200894], [92.73919644468769, 26.213396375703635], [92.7391712604187, 26.213086993175132], [92.73911923089575, 26.211940538787424], [92.73910939614001, 26.21162874665657], [92.73909098876153, 26.2106901213159], [92.73906499600878, 26.209491278807647], [92.73904158321753, 26.20825853076321], [92.73900092816272, 26.20726834449543], [92.73900107009653, 26.206955521098816], [92.73903355677047, 26.206091905999752], [92.7390460182001, 26.20583030354644], [92.73908563570076, 26.20517136745129], [92.73909586751182, 26.20491075509919], [92.73911421290659, 26.20407689981619], [92.73910530431391, 26.20376657287534], [92.73906280591612, 26.203073461197757], [92.7390466479191, 26.20288424054062], [92.73898193059111, 26.202299137195254], [92.73887225617638, 26.201399204964023], [92.73857928681612, 26.198839909856865], [92.73845241595193, 26.197608590167192], [92.73841642854333, 26.19732480740672], [92.73826277440894, 26.19630869436046], [92.7382468912964, 26.196214431219314], [92.73819763307611, 26.196004332432477], [92.73799577893682, 26.195213093129034], [92.7379401193218, 26.19500274830095], [92.73746021055094, 26.193244095232934], [92.73710203158592, 26.19197908526394], [92.7370190065924, 26.191650137102947], [92.73673180172133, 26.190353931162477], [92.73669667939038, 26.190188845097264], [92.73647950717886, 26.189079374643818], [92.73642314867456, 26.18877210799183], [92.73630691027007, 26.188085673501533], [92.73619723046545, 26.187352807966814], [92.73616581548166, 26.187093522094457], [92.73609084298634, 26.18634095933863], [92.7359997160873, 26.185486954292863], [92.73597661321482, 26.18522497342911], [92.73594576866121, 26.184697437986625], [92.73593996913776, 26.18455359182451], [92.7359499700818, 26.184366012183343], [92.73600214603013, 26.183782052413356], [92.73611016305318, 26.18315357642565], [92.73616998725781, 26.182871997098285], [92.73640736796999, 26.181880716271387], [92.7364569513804, 26.181621992199435], [92.73652445528242, 26.181130459299144], [92.73654663828005, 26.181038537840173], [92.73659977901897, 26.18090336459316], [92.7368510467871, 26.18032230172874], [92.73698225831077, 26.180059337832034], [92.73761196924009, 26.178914992892448], [92.73777267784442, 26.178636705390847], [92.7383803504049, 26.177640830421726], [92.73889875378232, 26.176806702514483], [92.73899065413082, 26.176661407576866], [92.73941672057849, 26.17603839460705], [92.73951150362076, 26.17589574461976], [92.73986887410204, 26.175335195327875], [92.74035811277545, 26.174548356958937], [92.7405332582047, 26.174254093067002], [92.74131591000612, 26.17286128237966], [92.74175427169509, 26.172101320193743], [92.74183000236847, 26.17197605383066], [92.74192963990653, 26.17183378343715], [92.7423987051136, 26.17119066978432], [92.74251146703796, 26.171058065830596], [92.74310954469287, 26.170389133358647], [92.74331804546695, 26.17017449328645], [92.74380775755252, 26.169710271545974], [92.74395556814598, 26.169575370567774], [92.74462289512952, 26.169042073077613], [92.74484170946137, 26.168871108383623], [92.74564518870265, 26.168253187114615], [92.745892861413, 26.168076025296124], [92.74651314811669, 26.16767484757215], [92.74671473815125, 26.167561955544627], [92.74732883366603, 26.16727608962857], [92.74751876536483, 26.167190561271514], [92.74826556540324, 26.166893319871377], [92.75019736816722, 26.166158248194062], [92.75122011089799, 26.16575719771103], [92.75259358286512, 26.165220405352578], [92.75385585687482, 26.16472825019493], [92.75504987599088, 26.1642454940485], [92.75514624366131, 26.16420408732893], [92.75533120318505, 26.16410728185076], [92.75619633200765, 26.16362419901231], [92.7563533700957, 26.16353237582117], [92.75703753510092, 26.163073978785768], [92.75774201820128, 26.1625908126519], [92.75865997874232, 26.161948601855453], [92.7588958871157, 26.161796839733015], [92.759360827259, 26.16152707252653], [92.7595824658941, 26.16139502924176], [92.76018152001774, 26.161029429490053], [92.76110592058107, 26.16047595330073], [92.76134667267047, 26.160326654913387], [92.76193295724237, 26.159942849637208], [92.76210158359758, 26.15982421653428], [92.76224508497265, 26.15968262150751], [92.76285037070942, 26.159041481596894], [92.76296808684255, 26.158909982979598], [92.76373352871973, 26.158038953288703], [92.7638709044829, 26.15789258675856], [92.76449036922807, 26.157274489598823], [92.76470450693057, 26.157063294168704], [92.76533462120344, 26.15644964996399], [92.76616864316436, 26.15564608187441], [92.7663698648897, 26.15545520863349], [92.7670175070904, 26.15485338084704], [92.7671785884956, 26.154727552488026], [92.76830431588716, 26.15391347399541], [92.76884041697396, 26.153513068414316], [92.76900768058495, 26.153393436164293], [92.76952911757307, 26.153074883374096], [92.76973294081947, 26.152925294906364], [92.77019957698201, 26.152538200372437], [92.77078138165554, 26.152095430784318], [92.77095367313716, 26.151986807831264], [92.771641672152, 26.15158960332177], [92.77174970444639, 26.151522096813657], [92.77187070571853, 26.15142986736875], [92.7724016253228, 26.15099888174967], [92.77257354669851, 26.15084925755979], [92.77297859256853, 26.150465463035605], [92.77304666779908, 26.150392025070136], [92.77314287826435, 26.15024989849037], [92.77347627360898, 26.149706260467564], [92.77362365390944, 26.1494522782295], [92.77416890254082, 26.148469129442116], [92.77423016045665, 26.148363378657645], [92.77434848385094, 26.148206394492345], [92.77483204068018, 26.1476413003897], [92.7749205732447, 26.147554006171013], [92.77550886555123, 26.147046445450908], [92.77579501400353, 26.14679688933753], [92.77644688277765, 26.146220466655567], [92.77668253962274, 26.146024374335134], [92.7775264017293, 26.145363211488526], [92.777690393676, 26.14524130490082], [92.77786902456855, 26.1451395743228], [92.77848298084443, 26.144809852906], [92.77864457159436, 26.14472764739275], [92.77876540398323, 26.14467447315777], [92.77954407175635, 26.1443433472811], [92.78036151710532, 26.143982802694648], [92.78052666608211, 26.143904489134393], [92.78162917741346, 26.14336918808484], [92.78179416828677, 26.143291538597268], [92.78238790797715, 26.143028328303917], [92.78265481631269, 26.14291936466851], [92.7832967272619, 26.142675016445], [92.78344622309483, 26.142622182389633], [92.7836265527016, 26.142574529546238], [92.78492451408259, 26.142259841427844], [92.78526199316853, 26.14218620637106], [92.78645631771181, 26.14195077725696], [92.78679708193674, 26.14189284063737], [92.78738014425167, 26.14181162658338], [92.78767347473466, 26.14178057202508], [92.78837198224171, 26.141734495396673], [92.78853259921787, 26.1417206878073], [92.78876589439211, 26.14167479179431], [92.78953794517483, 26.141497779123018], [92.78981891573783, 26.14142109852109], [92.7905030762515, 26.141200071466567], [92.7912224291647, 26.141002258663846], [92.79145269791475, 26.140941216820824], [92.79252052439466, 26.140670757057233], [92.79340737448081, 26.140456323588474], [92.79436104485104, 26.140230002079797], [92.79467355706029, 26.140163868004603], [92.79611654785063, 26.139884968694453], [92.79645831549375, 26.139823936750897], [92.79724893535172, 26.13969647689226], [92.79796075589128, 26.13958837626205], [92.79817211420627, 26.13956170813967], [92.79835847420351, 26.139559579947598], [92.79913245456747, 26.139571394275972], [92.7992912048445, 26.139581423147902], [92.79949522572025, 26.139629995746365], [92.80028027602344, 26.139849087905713], [92.80048112315133, 26.139911570615205], [92.80140411874953, 26.14022034099758], [92.80157967830215, 26.14027571721318], [92.8017867660263, 26.140317516287134], [92.80236212349102, 26.140413613294992], [92.80249317152132, 26.140431703197244], [92.80270289220753, 26.14043406927111], [92.80333351223193, 26.140413974576933], [92.80349023051976, 26.14040329821081], [92.80364588430399, 26.140373867434384], [92.80444536873718, 26.140191919024577], [92.80475296267024, 26.14011384162594], [92.80697837439499, 26.139503687271247], [92.80728389501635, 26.139417782107735], [92.8082423848481, 26.139139547942598], [92.80856605503149, 26.139036916895996], [92.80937517838767, 26.138754428635544]]}, "properties": {"OBJECTID": 47126, "Name": "NH 27", "Road_Type": "National Highway", "Class_Code": 1, "Lane": " ", "Oneway": " ", "T_Elevatio": 0, "F_Elevatio": 0, "SL": 90, "Remarks": "Verify", "Bridge_Fly": " ", "Shape_Leng": 28227.068544, "ID": 47269, "Type": " ", "NSEW_Corr": "EW", "Shape_Length": 28227.068544003458}, "id": 47126}]}